,Dual_Threat_QB,Elite_Passer,Full_Season,Games_Started Pass_Rate,Net_Playmaking,Pass_Comp_Pct,Pass_Interceptions,Pass_Rate^2,Pass_TD_INT_Ratio,Pass_YPA,Rec_TD_Rate,Rush_Contribution,Rush_Touchdowns,Rush_YPC,Scrim_Receiving_Succ_Pct,Scrim_Rushing_Lng,Scrim_Rushing_Y_A,Scrim_Scrimmage_RRTD,Scrim_Scrimmage_Y_Tch,Total_Pass_Production,target,season
79,-0.36342189215581555,0.6460052899517691,0.3333333333333332,0.02338828938212286,-0.4451441470998088,-1.3051924365461227,-1.00355663788827,0.004419430154561126,-0.9643411042173914,-1.049101472127736,-0.07474350986607758,1.7444138721609714,0.8479668575991939,0.5661012048609745,-1.5605310093188967,-0.6930910553496203,0.5120120742980925,-0.9369608608259848,0.1326489968775313,-1.0650282827442612,3.0,2008
221,-0.36342189215581555,0.6460052899517691,0.3333333333333332,0.2811206004811162,-0.4451441470998088,-1.3051924365461227,-1.00355663788827,0.004419430154561126,-0.9643411042173914,-1.049101472127736,-0.07474350986607758,1.7106514419110848,1.332519347655876,0.38205939646751236,-0.6440130113095521,2.3113632900879537,0.20514579225484084,0.9258160417507395,-0.126318675985328,-1.0650282827442612,1.0,1981
35,-0.36342189215581555,0.6460052899517691,-2.9999999999999996,-0.21716186764360426,0.4975140467586099,0.6972035524809624,0.22738165730688237,0.48755959888732614,0.6360182376140519,0.6575901130397525,-0.07474350986607758,-0.7098550960038672,-0.7672081092564136,-0.22500634449650056,0.08347314961036528,-0.5977115523198561,-0.5108755325127469,-0.9369608608259848,-0.5406669525659028,0.6485757238981831,1.0,2022
84,-0.36342189215581555,0.6460052899517691,0.3333333333333332,0.20499044089495214,-0.654623745735013,0.7526229485629367,1.3044526656026407,-0.09903920597752414,0.04388528118542897,0.44523595348530143,-0.07474350986607758,-0.7851712865613067,-0.7672081092564136,-1.3775582490229428,0.08347314961036528,-0.4546422977752097,-1.8406294213668382,-0.9369608608259848,-1.213982902009337,0.6154082628554836,1.0,2007
32,-0.36342189215581555,-1.5479749400731073,0.3333333333333332,0.3456197634638389,0.07855484948820156,0.8051425412035388,0.5351162311056705,-0.2395336300440563,0.3450438118529691,0.2553891469588601,-0.07474350986607758,-0.6098663602638182,-0.7672081092564136,-0.36580808954985705,-2.706178506830577,-0.3592627947454454,-0.6643086735343727,-0.9369608608259848,-0.6960475562836184,0.24474576836228454,1.0,2022
140,-0.36342189215581555,0.6460052899517691,-2.9999999999999996,-0.648301764466638,0.28803444812340573,0.6645549889027761,-0.23422020339129984,0.19310589605177095,0.6680254243599939,0.5287968438889213,-0.07474350986607758,-0.44365131903360694,-0.44417311588529207,0.42179403746176974,-2.706178506830577,-0.4546422977752097,0.2562901725953826,-0.6503797988911042,-0.20400897784418573,0.01228830563741097,2.0,1995
183,-0.36342189215581555,0.6460052899517691,-2.9999999999999996,-0.8737844940742706,0.07855484948820156,0.7616566082190079,0.9967180918038527,0.27757212555091243,0.31137391403601145,0.4273439174757053,-0.07474350986607758,-0.5916865901292638,-0.6056906125708528,0.2067453438900107,0.08347314961036528,-0.5023320492900918,0.0005682708926727773,-0.7936703298585445,-0.2816992797030435,0.7731790529745214,18.0,1987
188,-0.36342189215581555,-1.5479749400731073,0.3333333333333332,-0.501328261932238,-1.1783227423230234,0.41286504009747926,0.9967180918038527,-0.966992784103235,-0.18245125432014456,0.2813641991898329,-0.07474349641224592,-0.44105420901438486,-0.6056906125708528,0.6072223622518657,3.022058980727826,-0.3115730432305633,0.4608676939575507,-0.6503797988911042,0.05495869501867355,-0.04977900928916935,3.0,1986
36,-0.36342189215581555,0.6460052899517691,0.3333333333333332,0.8901618771704299,2.5923100331106514,0.8263636192220869,-0.3880874902906939,0.901489343448915,3.299016182042609,0.44199844421324846,-0.07474350986607758,-0.5916865901292638,-0.2826556191997313,-0.21749948452224147,-2.706178506830577,-0.5977115523198561,-0.4597311521722049,-0.5070892679236638,-0.5665637198521887,1.1507376608308042,39.0,2021
40,2.751622897751175,0.6460052899517691,0.3333333333333332,0.6913775715843344,1.3354324412994265,0.8357714958871789,0.5351162311056705,0.5951326614563412,0.973548571566742,0.47942766336609044,-0.07474349641224592,-0.04629348609263304,0.5249318642280724,0.2500827812783691,3.022058980727826,-0.3115730432305633,0.051712651233214564,0.35265391788097816,-0.22990574513047157,1.206357266321084,4.0,2020
88,-0.36342189215581555,0.6460052899517691,0.3333333333333332,0.2811206004811162,-0.4451441470998088,-1.3051924365461227,-1.00355663788827,0.004419430154561126,-0.9643411042173914,-1.049101472127736,-0.07474350896915548,2.3417491765820433,3.5937643012537266,0.6680446752112226,-0.7299365736229281,2.740571053721893,0.5631564546386343,3.0751740062623445,0.0031651604461016484,-1.0650282827442612,19.0,2005
124,-0.36342189215581555,-1.5479749400731073,0.3333333333333332,-2.167732866207165,-0.4451441470998088,-1.3051924365461227,-1.00355663788827,-2.3571631696089086,-0.9643411042173914,-1.049101472127736,-0.07474350886949746,1.9599740037564017,1.494036844341437,0.41443446540234974,-0.08837397501638682,0.8329809931266077,0.2562901725953826,1.3556876346530606,-0.022731606840184188,-1.0650282827442612,4.0,1998
227,-0.36342189215581555,-1.5479749400731073,0.3333333333333332,-0.2602494232427179,-2.330460534816646,0.521957314506272,2.6892582476971874,-0.6893984121556637,-0.27298586849704487,0.49117197857811407,-0.07474350986607758,-0.7293334211480326,-0.44417311588529207,-1.273079484589019,0.08347314961036528,-1.0269193159537953,-1.687196280345212,-0.6503797988911042,-1.1362926001504792,0.7907859342307438,3.0,1980
21,2.751622897751175,0.6460052899517691,0.3333333333333332,0.8848750605325019,1.3354324412994265,0.7707936810658118,0.8428508049044586,0.46875461731983986,0.8526822716471987,0.5097894387902369,-0.07474350986607758,-0.23198685246700973,-0.12113812251417055,1.0133131570118397,3.022058980727826,-0.5023320492900918,0.9723114973629704,-0.3637987369562235,0.21033929873638926,1.5019074447749048,117.0,2022
51,-0.36342189215581555,0.6460052899517691,0.3333333333333332,0.02338828938212286,-0.4451441470998088,-1.3051924365461227,-1.00355663788827,0.004419430154561126,-0.9643411042173914,-1.049101472127736,-0.07474350944564534,1.7067557768822517,1.6555543410269977,0.6610918558531654,0.08347314961036528,1.4052580113051933,0.5631564546386343,1.3556876346530606,0.1326489968775313,-1.0650282827442612,6.0,2016
48,-0.36342189215581555,0.6460052899517691,0.3333333333333332,1.110093449308237,2.068611036522641,0.8549270200430965,0.07351437040748829,1.2557524671724218,1.7722733702763682,0.7323279974628455,-0.07474350986607758,-0.648823010552149,-0.7672081092564136,-0.09379303187086938,0.08347314961036528,-0.5977115523198561,-0.3574423914911211,-0.9369608608259848,-0.462976650707045,1.6537114994287943,25.0,2016
126,-0.36342189215581555,-1.5479749400731073,0.3333333333333332,0.07387738827433568,-0.13092474914700258,0.5274022052071167,1.458319952502035,-0.2726989416267714,0.2218075844961698,0.401300008177191,-0.07474350986607758,-0.5319530596871567,-0.6056906125708528,-0.1458258971985173,0.08347314961036528,-0.6930910553496203,-0.40858677183166286,-0.7936703298585445,-0.4888734179933309,0.9737579474611475,18.0,1997
146,2.751622897751175,0.6460052899517691,0.3333333333333332,0.4502987328948144,-0.759363545052615,0.7966389179967103,1.458319952502035,0.24122951285855185,0.018467809288130778,0.6263794395330278,-0.07474350986607758,-0.2202998573805105,-0.44417311588529207,1.0263294652646529,0.15794023694862436,0.21301422343314008,0.9723114973629704,-0.6503797988911042,0.1844425314501032,0.8864013491490422,21.0,1993
115,2.751622897751175,-1.5479749400731073,0.3333333333333332,0.06541848165365124,0.18329464880580362,0.5516172506845225,0.6889835180050645,-0.28370644547105184,0.37996074295836285,0.34618828695441234,-0.07474350986607758,-0.009933945823524318,-0.12113812251417055,1.0461704140612995,0.08347314961036528,-0.3592627947454454,0.9723114973629704,-0.3637987369562235,0.21033929873638926,0.5040255752897211,5.0,2000
143,-0.36342189215581555,0.6460052899517691,0.3333333333333332,0.2811206004811162,-0.4451441470998088,-1.3051924365461227,-1.00355663788827,0.004419430154561126,-0.9643411042173914,-1.049101472127736,-0.07474350830447213,-0.6280461303983726,-0.44417311588529207,4.264013415996415,0.8625134479183078,-0.1208140371710348,4.756995642563076,1.2123971036856203,2.152596845207834,-1.0650282827442612,1.0,1994
137,-0.36342189215581555,0.6460052899517691,0.3333333333333332,0.3657096666879653,0.8117334447114161,0.6425421975018611,0.9967180918038527,0.12163447109095854,0.5994385955771022,0.4405699939514472,-0.07474350986607758,-0.48780218936038183,-0.2826556191997313,0.47517491882769775,0.08347314961036528,0.4514629810075507,0.3074345529359244,-0.5070892679236638,-0.126318675985328,1.208443188527815,69.0,1995
30,2.751622897751175,-1.5479749400731073,0.3333333333333332,-0.46432054546674145,-0.9688431436878192,0.5619794625964554,0.6889835180050645,-0.6641257783294022,-0.14815783986068345,0.3074613656276271,-0.07474350986607758,0.8912632308465276,0.5249318642280724,1.5720817932173354,0.08347314961036528,1.7390862719093683,1.5860440614494735,0.20936338691353784,0.5211005061718202,-0.13882940575620847,1.0,2022
192,-0.36342189215581555,-1.5479749400731073,0.3333333333333332,-3.8425963771027773,-0.654623745735013,-1.3051924365461227,-0.8496893509888761,-2.823690932539926,-0.9643411042173914,-1.049101472127736,-0.07474350877522636,1.1379886826726224,0.5249318642280724,0.2611262494154005,-0.11128692496662075,0.49915273252243286,0.10285703157375681,0.6392349798158589,-0.0745251414127561,-1.0650282827442612,1.0,1986
213,-0.36342189215581555,0.6460052899517691,0.3333333333333332,0.3191856802741985,0.4975140467586099,0.631657328354606,0.5351162311056705,0.056871673473079865,0.5545453984242268,0.4588597799926372,-0.07474350986607758,-0.35924524340889025,-0.6056906125708528,1.4900224302666292,0.08347314961036528,-0.2638832917156812,1.534899681108932,-0.7936703298585445,0.4952037388855344,0.6912915002234796,46.0,1981
13,-0.36342189215581555,0.6460052899517691,0.3333333333333332,0.2811206004811162,-0.4451441470998088,-1.3051924365461227,-1.00355663788827,0.004419430154561126,-0.9643411042173914,-1.049101472127736,-0.07474350846045337,1.4574332150369347,1.494036844341437,0.7920309400036953,0.467265061276778,1.977535029483779,0.7165895956602605,2.072140289490262,0.2362360660226751,-1.0650282827442612,35.0,2023
178,-0.36342189215581555,0.6460052899517691,0.3333333333333332,0.02338828938212286,-0.4451441470998088,-1.3051924365461227,-1.00355663788827,0.004419430154561126,-0.9643411042173914,-1.049101472127736,-0.07474350986607758,-0.800753946676639,-0.7672081092564136,-1.5589176137051606,0.08347314961036528,-0.3592627947454454,0.20514579225484084,-0.5070892679236638,-0.10042190869904193,-1.0650282827442612,1.0,1988
94,2.751622897751175,-1.5479749400731073,0.3333333333333332,-0.7458435314364111,-1.4925421402758297,0.4385556191855049,0.8428508049044586,-1.0090563237935837,-0.3438940978246045,0.3373415545223436,-0.07474350986607758,0.4484559725691678,-0.2826556191997313,1.7355256234347722,0.08347314961036528,1.309878508275429,1.7906215828116416,-0.5070892679236638,0.6246875753169641,-0.285475589208889,1.0,2004
203,-0.36342189215581555,0.6460052899517691,-2.9999999999999996,-1.5586915895178517,0.3927742474410078,0.5022504628662819,-0.08035291649190578,-0.08192997500226464,0.6817427901855508,0.38748571944453786,-0.07474350986607758,-0.6903767708597018,-0.44417311588529207,-0.8545307955206289,0.08347314961036528,-0.7407808068645024,-1.2268968572803345,-0.6503797988911042,-0.9032216945739058,0.08889622887293465,3.0,1983
210,-0.36342189215581555,-1.5479749400731073,-2.9999999999999996,-2.034505086931378,-0.4451441470998088,-0.5320665722482493,-1.00355663788827,-1.1053303324164958,-0.9643411042173914,1.2117357455447235,-0.07474350880393296,0.39002099713667165,1.0094843542847547,0.35036198964127846,0.26677674921223393,1.0714297507010184,0.20514579225484084,1.0691065727181799,0.10675222959124546,-1.0650282827442612,6.0,1982
73,-0.36342189215581555,0.6460052899517691,0.3333333333333332,0.6913775715843344,1.5449120399346306,0.8088918482731673,0.07351437040748829,0.5951326614563412,1.4121925183692947,0.4735235214238599,-0.07474350986607758,-0.7916640616093619,-0.7672081092564136,-1.2180291782637804,-2.706178506830577,-1.2653680735282058,-1.6360519000046703,-0.9369608608259848,-1.188086134723051,0.952977039457177,1.0,2009
153,-0.36342189215581555,-1.5479749400731073,0.3333333333333332,-0.10798910407038977,-0.759363545052615,0.6044284487422559,0.3812489442062764,-0.5041153474470642,-0.1001470596188098,0.41226522340181015,-0.07474350986607758,-0.7604987413786972,-0.7672081092564136,-1.0736733611780387,-2.706178506830577,-1.0269193159537953,-1.4826187589830442,-0.9369608608259848,-1.0844990655779072,-0.18465697966989608,1.0,1993
91,-0.36342189215581555,-1.5479749400731073,0.3333333333333332,-2.167732866207165,-0.4451441470998088,-1.3051924365461227,-1.00355663788827,-2.3571631696089086,-0.9643411042173914,-1.049101472127736,-0.07474350936778751,1.8482982729298534,0.6864493609136332,0.7245847512035113,0.4844497737394535,3.074399314326068,0.6143008349791765,0.6392349798158589,0.1844425314501032,-1.0650282827442612,6.0,2005
107,-0.36342189215581555,0.6460052899517691,0.3333333333333332,0.4460692795844722,-1.2830625416406254,0.8187797186454677,2.3815236738983994,0.23519323575043158,-0.06257340545485846,0.6530018345619907,-0.07474350986607758,-0.7228406460999774,-0.7672081092564136,-0.6197351894591183,0.08347314961036528,-0.3592627947454454,-0.9711749555776246,-0.9369608608259848,-0.7737378581424761,1.3959276057318333,21.5,2001
132,-0.36342189215581555,0.6460052899517691,0.3333333333333332,0.2811206004811162,-0.4451441470998088,-1.3051924365461227,-1.00355663788827,0.004419430154561126,-0.9643411042173914,-1.049101472127736,-0.07474350986607758,-0.800753946676639,-0.7672081092564136,-1.5589176137051606,0.08347314961036528,-0.3592627947454454,0.20514579225484084,-0.5070892679236638,-0.10042190869904193,-1.0650282827442612,1.0,1997
53,-0.36342189215581555,0.6460052899517691,0.3333333333333332,0.5941001454464582,1.1259528426642222,0.7901639369286079,-0.3880874902906939,0.45000318577105564,1.6858539656199056,0.4880959652726201,-0.07474350986607758,-0.27873483281300665,0.20189687085695093,0.6094404044180841,0.08347314961036528,-0.5977115523198561,0.4608676939575507,-0.07721767502134283,-0.048628374126470024,0.3549212229384206,1.0,2016
117,-0.36342189215581555,-1.5479749400731073,0.3333333333333332,0.1626959077915276,-0.13092474914700258,0.6282992175544653,1.3044526656026407,-0.15568322575998614,0.2239257071502183,0.43796111222451806,-0.07474350986607758,-0.6241504653695396,-0.6056906125708528,-0.1848344993008158,0.08347314961036528,-0.7884705583793845,-0.4597311521722049,-0.7936703298585445,-0.5147701852796168,0.9058445338576326,1.0,2000
110,2.751622897751175,-1.5479749400731073,0.3333333333333332,-0.38713302255299153,-1.2830625416406254,0.5559069295550715,0.6889835180050645,-0.837910464022287,-0.29219018062951424,0.3043100829863509,-0.07474350986607758,0.026425594445584406,0.04037937417139018,0.8927398396491332,0.08347314961036528,0.8329809931266077,0.8188783563413441,-0.22050820598878315,0.1326489968775313,-0.3040481321207579,4.0,2001
111,-0.36342189215581555,0.6460052899517691,0.3333333333333332,0.2811206004811162,-0.4451441470998088,-1.3051924365461227,-1.00355663788827,0.004419430154561126,-0.9643411042173914,-1.049101472127736,-0.07474349641224592,-0.800753946676639,-0.7672081092564136,-1.5589176137051606,3.022058980727826,-0.3592627947454454,0.20514579225484084,-0.7936703298585445,5.67455719614272,-1.0650282827442612,2.0,2001
2,-0.36342189215581555,0.6460052899517691,0.3333333333333332,0.2811206004811162,-0.4451441470998088,-1.3051924365461227,-1.00355663788827,0.004419430154561126,-0.9643411042173914,-1.049101472127736,-0.07474350905069385,2.140473150092334,1.332519347655876,0.9882177147442617,-0.17429753732976286,1.977535029483779,0.9211671170224282,1.2123971036856203,0.2362360660226751,-1.0650282827442612,28.0,2024
181,-0.36342189215581555,-1.5479749400731073,-2.9999999999999996,-1.1970733314835715,-0.9688431436878192,0.3843704282889631,0.8428508049044586,-0.754411109860818,-0.12230588125575217,0.45170961742211996,-0.07474350986607758,-0.3021088229860051,-0.12113812251417055,0.4598502639076414,-2.706178506830577,-0.07312428565615267,0.3074345529359244,-0.3637987369562235,-0.126318675985328,0.08020785608065749,36.0,1987
89,-0.36342189215581555,0.6460052899517691,0.3333333333333332,0.560264518963718,0.3927742474410078,0.776956690776453,0.5351162311056705,0.40026116839906084,0.5021700017814121,0.5424361835423301,-0.07474350986607758,-0.7423189712441429,-0.7672081092564136,-0.9612560709998996,0.08347314961036528,-0.8838500614091488,-1.3291856179614185,-0.9369608608259848,-0.9550152291464776,0.7247134412100481,13.0,2005
29,-0.36342189215581555,0.6460052899517691,0.3333333333333332,0.2811206004811162,-0.4451441470998088,-1.3051924365461227,-1.00355663788827,0.004419430154561126,-0.9643411042173914,-1.049101472127736,-0.07474350818434862,-0.800753946676639,-0.7672081092564136,-1.5589176137051606,0.2553202742371174,-0.3592627947454454,0.20514579225484084,0.6392349798158589,3.0848804675141275,-1.0650282827442612,1.0,2022
122,-0.36342189215581555,0.6460052899517691,0.3333333333333332,0.2811206004811162,-0.4451441470998088,-1.3051924365461227,-1.00355663788827,0.004419430154561126,-0.9643411042173914,-1.049101472127736,-0.07474350878977104,2.3521376166589314,2.624659321140362,0.6861756100431664,0.009006062272105797,1.8821555264540146,0.5631564546386343,2.358721351425143,0.05495869501867355,-1.0650282827442612,25.0,1998
96,-0.36342189215581555,0.6460052899517691,0.3333333333333332,-0.12702164396693033,0.6022538460762119,0.6276222246769323,0.07351437040748829,0.17515771478351555,0.764046984936562,0.49740739098203746,-0.07474350986607758,-0.5176689545814354,-0.12113812251417055,0.032749442137301986,3.022058980727826,-0.3592627947454454,-0.20400925046949506,-0.3637987369562235,-0.3852863488481872,0.42563333115124036,16.0,2003
87,-0.36342189215581555,0.6460052899517691,0.3333333333333332,0.42915146634310214,0.9164732440290182,0.7046572075852641,0.3812489442062764,0.2111076273387289,0.8216599212863439,0.4698108237694616,-0.07474350986607758,-0.65012156556176,-0.12113812251417055,-0.8729061038264211,0.08347314961036528,-0.8838500614091488,-1.2268968572803345,-0.3637987369562235,-0.9032216945739058,0.8260512954727229,2.0,2006
193,-0.36342189215581555,-1.5479749400731073,0.3333333333333332,-0.7854946562208717,-0.4451441470998088,0.24105929166306106,-1.00355663788827,-1.0552283399187838,-0.9643411042173914,0.490191952285711,-0.07474350751947903,-0.6812868857924247,-0.6056906125708528,1.5967353315586776,0.11784257453571538,-0.5977115523198561,1.6371884417900158,1.3556876346530606,3.1107772348004135,-1.0650282827442612,1.0,1986
179,-0.36342189215581555,-1.5479749400731073,-2.9999999999999996,-1.2721461277421502,-0.34040434778220674,0.3778026426125719,0.22738165730688237,-0.4988585206111597,0.12390324822799006,0.47383041579270435,-0.07474350986607758,-0.5566256048697662,0.04037937417139018,-0.39015726352598357,0.08347314961036528,-0.7884705583793845,-0.6643086735343727,-0.22050820598878315,-0.6183572544247605,-0.025240250031266218,1.0,1988
33,-0.36342189215581555,0.6460052899517691,0.3333333333333332,0.5388529115801095,-0.4451441470998088,-1.3051924365461227,-1.00355663788827,0.004419430154561126,-0.9643411042173914,-1.049101472127736,-0.07474350907467571,-0.7332290861768657,-0.6056906125708528,0.44467155780505924,0.5302756736399206,-0.9792295644389131,0.3074345529359244,0.20936338691353784,2.256183914352978,-1.0650282827442612,1.0,2022
198,-0.36342189215581555,0.6460052899517691,0.3333333333333332,0.7632782778601563,1.0212130433466202,0.6797122651936067,1.612187239401429,0.7044252746258955,0.5720038640261467,0.6853328748618415,-0.07474350986607758,-0.8098438317439162,-0.7672081092564136,-1.6684888965338656,0.08347314961036528,-0.9792295644389131,-2.198640083750632,-0.9369608608259848,-1.3952602730133383,2.2785732504281415,52.0,1984
38,-0.36342189215581555,-1.5479749400731073,0.3333333333333332,-2.0630538967761893,-0.4451441470998088,-1.3051924365461227,-1.00355663788827,-2.3571631696089086,-0.9643411042173914,-1.049101472127736,-0.07474350838151685,-0.7773799565036406,-0.7672081092564136,0.41336547678889607,0.9255240602814503,-0.5977115523198561,0.2562901725953826,1.3556876346530606,2.100803310635262,-1.0650282827442612,1.0,2021
164,-0.36342189215581555,-1.5479749400731073,0.3333333333333332,-0.31364627128579153,-1.0735829430054213,0.6038337365399039,1.458319952502035,-0.4671926095520988,-0.0832020783158888,0.4102671021295829,-0.07474350986607758,-0.5644169349274324,-0.6056906125708528,0.21613716813887765,0.08347314961036528,-0.5023320492900918,0.051712651233214564,-0.7936703298585445,-0.25580251241675767,0.4588621799844198,26.0,1990
129,-0.36342189215581555,0.6460052899517691,0.3333333333333332,0.3088763878302386,0.28803444812340573,0.7883281628004499,-0.08035291649190578,0.43753198141558863,0.5994385954654038,0.5880192388506679,-0.07474350986607758,-0.4644281991873834,-0.2826556191997313,0.1854572089552334,0.08347314961036528,-0.8361603098942667,0.0005682708926727773,-0.5070892679236638,-0.2816992797030435,0.18422274883863818,3.0,1997
150,-0.36342189215581555,0.6460052899517691,-2.9999999999999996,-1.2652732661128439,-0.4451441470998088,-1.3051924365461227,-1.00355663788827,0.004419430154561126,-0.9643411042173914,-1.049101472127736,-0.0747435086789748,0.5029952829728309,1.1710018509703153,0.06656704811452732,0.03191901222233933,0.4037732294926686,-0.15286487012895303,1.2123971036856203,-0.22990574513047157,-1.0650282827442612,2.0,1993
182,-0.36342189215581555,0.6460052899517691,-2.9999999999999996,-0.7498086439148572,-0.4451441470998088,-1.3051924365461227,-1.00355663788827,0.004419430154561126,-0.9643411042173914,-1.049101472127736,-0.07474350531247301,-0.7085565409942562,-0.6056906125708528,1.2351500981773442,0.467265061276778,-0.6454013038347381,1.2280333990656802,2.358721351425143,2.696428958219838,-1.0650282827442612,30.0,1987
151,-0.36342189215581555,-1.5479749400731073,0.3333333333333332,-1.0596160988974421,-2.6446799327694523,0.49678553991825786,2.2276563869990054,-1.1413159449841774,-0.41439943944284263,0.24042679391860194,-0.07474350986607758,-0.5864923700908198,-0.6056906125708528,-0.2349312795052739,0.08347314961036528,0.21301422343314008,-0.5108755325127469,-0.7936703298585445,-0.5406669525659028,0.022562639345753744,2.0,1993
59,-0.36342189215581555,0.6460052899517691,0.3333333333333332,0.2811206004811162,-0.4451441470998088,-1.3051924365461227,-1.00355663788827,0.004419430154561126,-0.9643411042173914,-1.049101472127736,-0.07474350986607758,1.93270434855457,1.332519347655876,0.5039294967608072,0.42716739886386945,0.9760502476712541,0.35857893327646667,0.9258160417507395,-0.022731606840184188,-1.0650282827442612,2.0,2014
4,-0.36342189215581555,0.6460052899517691,0.3333333333333332,1.1814654739202661,0.9164732440290182,0.9324260209751465,0.8428508049044586,0.8948342661246832,0.6754116983921166,0.6033542943748895,-0.07474349641224592,-0.7280348661384216,-0.7672081092564136,-0.85766140359644,3.022058980727826,-0.9792295644389131,-1.2268968572803345,-0.7936703298585445,-0.8514281600013339,1.390511530889158,11.0,2024
154,2.751622897751175,0.6460052899517691,0.3333333333333332,0.6829186649636494,0.706993645393814,0.7564765354251619,0.07351437040748829,0.5823877570052872,0.8360631553179768,0.6093723208592517,-0.07474350986607758,0.0004544942533638886,-0.12113812251417055,1.5379128536812476,0.08347314961036528,0.4037732294926686,1.5860440614494735,-0.3637987369562235,0.5211005061718202,0.6001626406029664,56.0,1992
163,-0.36342189215581555,0.6460052899517691,0.3333333333333332,0.2811206004811162,-0.4451441470998088,-1.3051924365461227,-1.00355663788827,0.004419430154561126,-0.9643411042173914,-1.049101472127736,-0.07474350986607758,-0.800753946676639,-0.7672081092564136,-1.5589176137051606,0.08347314961036528,-0.3592627947454454,0.20514579225484084,-0.5070892679236638,-0.10042190869904193,-1.0650282827442612,1.0,1991
159,-0.36342189215581555,0.6460052899517691,0.3333333333333332,0.02338828938212286,-0.4451441470998088,-1.3051924365461227,-1.00355663788827,0.004419430154561126,-0.9643411042173914,-1.049101472127736,-0.07474350878109115,1.208110653191618,0.36341436754251166,0.5822878716414851,1.2978594969727468,0.11763472040337583,0.4608676939575507,0.7825255107832991,0.1844425314501032,-1.0650282827442612,39.0,1991
128,-0.36342189215581555,0.6460052899517691,0.3333333333333332,0.02338828938212286,-0.4451441470998088,-1.3051924365461227,-1.00355663788827,0.004419430154561126,-0.9643411042173914,-1.049101472127736,-0.07474350986607758,1.8612838230259636,1.6555543410269977,0.5196704075041854,-0.5351764990459426,0.928360496156372,0.35857893327646667,1.2123971036856203,-0.022731606840184188,-1.0650282827442612,4.0,1997
219,-0.36342189215581555,0.6460052899517691,0.3333333333333332,0.2811206004811162,-0.4451441470998088,-1.3051924365461227,-1.00355663788827,0.004419430154561126,-0.9643411042173914,-1.049101472127736,-0.07474350986607758,-0.800753946676639,-0.7672081092564136,-1.5589176137051606,0.08347314961036528,-0.3592627947454454,0.20514579225484084,-0.5070892679236638,-0.10042190869904193,-1.0650282827442612,1.0,1981
19,-0.36342189215581555,0.6460052899517691,0.3333333333333332,0.15423700117084255,0.9164732440290182,0.6717787119282994,-0.23422020339129984,0.1991005231453455,1.2441547873873062,0.5349209203170228,-0.07474350986607758,-0.5059819594949362,-0.2826556191997313,0.3178417947643828,-2.706178506830577,-0.6930910553496203,0.15400141191429859,-0.5070892679236638,-0.22990574513047157,0.39817465945296304,1.0,2023
97,-0.36342189215581555,-1.5479749400731073,0.3333333333333332,-0.20949598351860832,-0.5498839464174109,0.5550041406321017,0.8428508049044586,-0.6284941908853606,0.05496469199932979,0.2725878540468907,-0.07474350986607758,-0.6929738808789239,-0.6056906125708528,-0.9014899167251044,0.08347314961036528,-0.931539812924031,-1.2780412376208765,-0.7936703298585445,-0.9291184618601918,0.15585074014923816,8.0,2003
60,-0.36342189215581555,0.6460052899517691,0.3333333333333332,0.645910948498153,1.2306926419818245,0.8560053823483216,0.3812489442062764,0.9885467988530212,0.99449873020606,0.5897152348522213,-0.07474350986607758,-0.7215420910903665,-0.7672081092564136,-0.5306332671616778,0.08347314961036528,-0.4546422977752097,-0.8688861948965407,-0.9369608608259848,-0.7219443235699043,1.1727894597875028,2.0,2014
165,2.751622897751175,-1.5479749400731073,0.3333333333333332,0.031582855170911125,-0.02618494982940052,0.4971052776616397,0.9967180918038527,-0.3274984607650564,0.2702218166729984,0.3850896600424601,-0.07474350986607758,0.5523403733380499,0.04037937417139018,1.9399348753609957,0.08347314961036528,1.0237399991861362,2.0463434845143516,-0.22050820598878315,0.7541714117483936,0.6629715680103047,18.0,1990
133,-0.36342189215581555,0.6460052899517691,0.3333333333333332,0.20921989420529435,0.9164732440290182,0.5457534637055357,0.9967180918038527,-0.09334207898784909,0.6405906929401153,0.33250650779349555,-0.07474350986607758,-0.5722082649850985,-0.44417311588529207,-0.3424527594250007,0.08347314961036528,-0.3592627947454454,-0.6131642931938309,-0.6503797988911042,-0.5924604871384747,1.0990095699653566,52.0,1996
170,-0.36342189215581555,0.6460052899517691,0.3333333333333332,0.2811206004811162,-0.4451441470998088,-1.3051924365461227,-1.00355663788827,0.004419430154561126,-0.9643411042173914,-1.049101472127736,-0.07474350811707946,-0.800753946676639,-0.7672081092564136,-1.5589176137051606,0.28968969916246745,-0.3592627947454454,-2.045206942729006,0.9258160417507395,2.4892548199295508,-1.0650282827442612,1.0,1990
189,-0.36342189215581555,0.6460052899517691,0.3333333333333332,0.02338828938212286,-0.4451441470998088,-1.3051924365461227,-1.00355663788827,0.004419430154561126,-0.9643411042173914,-1.049101472127736,-0.07474350905069385,-0.800753946676639,-0.7672081092564136,-1.5589176137051606,0.8338722604805158,-0.3592627947454454,0.20514579225484084,-0.3637987369562235,2.6187386563609802,-1.0650282827442612,1.0,1986
64,-0.36342189215581555,-1.5479749400731073,0.3333333333333332,-0.15028363717381432,-0.13092474914700258,0.5660676176333109,0.6889835180050645,-0.556356365691814,0.2359284021895319,0.2815417097113426,-0.07474350986607758,-0.7773799565036406,-0.7672081092564136,-1.3123822273394739,0.08347314961036528,-0.931539812924031,-1.738340660685754,-0.9369608608259848,-1.1621893674367652,0.2710042539059536,1.0,2013
102,-0.36342189215581555,-1.5479749400731073,0.3333333333333332,-0.22218434344963617,-0.9688431436878192,0.6086799394321375,1.458319952502035,-0.6438005712309899,-0.04931211578121556,0.22828857989348406,-0.07474350986607758,-0.7059594309750341,-0.7672081092564136,-0.2791250302713719,0.08347314961036528,-0.6454013038347381,-0.5620199128532889,-0.9369608608259848,-0.5665637198521887,0.3201405366425549,15.0,2002
119,-0.36342189215581555,-1.5479749400731073,0.3333333333333332,-2.167732866207165,-0.4451441470998088,-1.3051924365461227,-1.00355663788827,-2.3571631696089086,-0.9643411042173914,-1.049101472127736,-0.07474350909286887,1.1743482229417312,0.36341436754251166,0.83346090947662,0.6333839484159717,1.309878508275429,0.7677339760008023,0.7825255107832991,0.5211005061718202,-1.0650282827442612,8.0,1999
68,-0.36342189215581555,0.6460052899517691,0.3333333333333332,0.8351789841359776,1.4401722406170285,0.8976867389869657,1.1505853787032467,0.8154374383959881,0.8024556092430465,0.5546220431480994,-0.07474350986607758,-0.6631071156578703,-0.6056906125708528,0.23596435261035234,0.08347314961036528,-0.5023320492900918,0.051712651233214564,-0.7936703298585445,-0.25580251241675767,1.8977744872352824,2.0,2011
121,-0.36342189215581555,0.6460052899517691,0.3333333333333332,0.2811206004811162,-0.4451441470998088,-1.3051924365461227,-1.00355663788827,0.004419430154561126,-0.9643411042173914,-1.049101472127736,-0.07474350899808843,1.5535262857481507,1.332519347655876,0.2856807845451906,-0.12274339994173732,1.977535029483779,0.10285703157375681,1.498978165620501,-0.022731606840184188,-1.0650282827442612,1.0,1999
5,-0.36342189215581555,-1.5479749400731073,0.3333333333333332,0.111942468067418,-0.02618494982940052,0.7813159206312346,0.6889835180050645,-0.22287064922464606,0.2839391824458088,0.25174718839480814,-0.07474350986607758,-0.3501553583416131,-0.44417311588529207,0.7609709262282056,-2.706178506830577,0.11763472040337583,0.6654452153197182,-0.6503797988911042,0.029061927732387714,0.2933337528590574,7.0,2024
12,-0.36342189215581555,0.6460052899517691,0.3333333333333332,0.9163316195281741,1.4401722406170285,0.8438353901714114,0.3812489442062764,0.512716207673067,1.1097246028192045,0.42366316942206683,-0.07474350986607758,-0.43456143396632974,-0.44417311588529207,0.3695369641138567,0.08347314961036528,-0.40695254626032756,0.20514579225484084,-0.6503797988911042,-0.17811221055789966,1.064342362807313,36.0,2023
14,-0.36342189215581555,0.6460052899517691,0.3333333333333332,0.9366858635841967,0.4975140467586099,0.840057709965043,0.6889835180050645,0.9750878941526085,0.5239930837271934,0.8056777676720397,-0.07474350986607758,-0.5618198249082103,-0.44417311588529207,0.05936594808893669,0.08347314961036528,-0.6454013038347381,-0.15286487012895303,-0.6503797988911042,-0.3593895815619012,1.2442131079275631,23.0,2023
135,-0.36342189215581555,0.6460052899517691,0.3333333333333332,0.2811206004811162,-0.4451441470998088,-1.3051924365461227,-1.00355663788827,0.004419430154561126,-0.9643411042173914,-1.049101472127736,-0.07474350911864248,1.5340479606039852,1.332519347655876,0.39494479784357334,0.26677674921223393,1.9298452779688968,0.2562901725953826,1.2123971036856203,-0.048628374126470024,-1.0650282827442612,5.5,1996
118,-0.36342189215581555,0.6460052899517691,0.3333333333333332,0.7759666377911836,1.1259528426642222,0.7089631222444328,0.9967180918038527,0.7238907064240391,0.7228948876661413,0.6293915839365374,-0.07474350986607758,-0.6553157856002041,-0.6056906125708528,0.1942229115405069,0.08347314961036528,-0.40695254626032756,0.0005682708926727773,-0.7936703298585445,-0.2816992797030435,1.6988493971038108,33.0,1999
157,-0.36342189215581555,0.6460052899517691,0.3333333333333332,0.2811206004811162,-0.4451441470998088,-1.3051924365461227,-1.00355663788827,0.004419430154561126,-0.9643411042173914,-1.049101472127736,-0.07474350824663488,-0.7903655065997508,-0.7672081092564136,-0.6823473512633577,0.5130909611772455,-0.7884705583793845,-1.0223193359181666,0.9258160417507395,2.074906543348976,-1.0650282827442612,2.0,1992
161,-0.36342189215581555,0.6460052899517691,0.3333333333333332,0.02338828938212286,-0.4451441470998088,-1.3051924365461227,-1.00355663788827,0.004419430154561126,-0.9643411042173914,-1.049101472127736,-0.07474350953793533,1.624946811276757,1.8170718377125583,0.4248992965217048,0.15794023694862436,1.8344657749391327,0.2562901725953826,1.498978165620501,-0.0745251414127561,-1.0650282827442612,16.0,1991
169,-0.36342189215581555,0.6460052899517691,0.3333333333333332,0.23036716075700664,1.1259528426642222,0.49180281605089265,-0.3880874902906939,-0.06476719400830369,1.6858539656199056,0.44338911242142925,-0.07474350986607758,-0.8072467217246941,-0.7672081092564136,-1.6632712163979229,0.08347314961036528,-1.1699885704984416,-2.14749570341009,-0.9369608608259848,-1.3693635057270526,0.3136243328564062,3.0,1990
145,-0.36342189215581555,0.6460052899517691,-2.9999999999999996,-0.4920763328158638,-0.4451441470998088,-1.3051924365461227,-1.00355663788827,0.004419430154561126,-0.9643411042173914,-1.049101472127736,-0.07474350963004545,1.3626386993353299,0.6864493609136332,0.742466503449543,-0.23730814969290537,1.5006375143349575,0.6654452153197182,0.4959444488484185,0.1326489968775313,-1.0650282827442612,26.0,1993
24,-0.36342189215581555,0.6460052899517691,0.3333333333333332,0.4206925597224171,0.706993645393814,0.80750794562424,0.8428508049044586,0.1991005231453455,0.5867764117645755,0.37176034257584856,-0.07474350986607758,-0.3371698082455028,0.04037937417139018,-0.05706056369943224,0.08347314961036528,-0.3592627947454454,-0.3062980111505791,-0.22050820598878315,-0.4370798834207591,0.9322349179478101,30.0,2022
222,-0.36342189215581555,-1.5479749400731073,0.3333333333333332,-2.167732866207165,-0.4451441470998088,-1.3051924365461227,-1.00355663788827,-2.3571631696089086,-0.9643411042173914,-1.049101472127736,-0.07474350833723307,-0.800753946676639,-0.7672081092564136,-1.5589176137051606,0.5245474361523621,-0.3592627947454454,0.20514579225484084,0.4959444488484185,1.8418356377724026,-1.0650282827442612,1.0,1981
206,-0.36342189215581555,-1.5479749400731073,0.3333333333333332,0.15846645448118477,-0.23566454846460466,0.6884214431475862,0.8428508049044586,-0.16131490272680402,0.18791762194064124,0.4117328221572665,-0.07474350986607758,-0.3800221235626667,-0.44417311588529207,0.4816229977016218,0.08347314961036528,-0.5977115523198561,0.35857893327646667,-0.6503797988911042,-0.10042190869904193,0.4603927027122738,1.0,1983
186,-0.36342189215581555,-1.5479749400731073,0.3333333333333332,0.06964793496399346,-0.654623745735013,0.5711579761485001,2.5353909607977934,-0.27820566854995044,0.09189606146471099,0.4166863681425763,-0.07474350986607758,-0.8046496117054721,-0.7672081092564136,-1.6684888965286477,0.08347314961036528,-0.8361603098942667,-2.198640083750632,-0.9369608608259848,-1.3952602730133383,1.5252069363988237,9.0,1986
55,-0.36342189215581555,0.6460052899517691,0.3333333333333332,0.4799049060672117,1.8591314378874368,0.6870934450240451,0.07351437040748829,0.28365005267357957,1.6282410295135386,0.4217377983273103,-0.07474350986607758,-0.6540172305905931,-0.2826556191997313,-0.8757084384159886,3.022058980727826,-0.8361603098942667,-1.2268968572803345,-0.5070892679236638,-0.6701507889973324,1.061558599145894,1.0,2015
148,-0.36342189215581555,-1.5479749400731073,0.3333333333333332,0.0823362948950207,0.07855484948820156,0.6479676421648293,0.5351162311056705,-0.26166763777417795,0.3450438118529691,0.3581926529803878,-0.07474350986607758,-0.602075030206152,-0.7672081092564136,-0.034880679795199265,0.08347314961036528,-0.5977115523198561,-0.25515363081003706,-0.9369608608259848,-0.4111831161344731,0.34796564789200757,10.0,1993
11,2.751622897751175,0.6460052899517691,0.3333333333333332,0.501052172618924,0.6022538460762119,0.7722661227384743,0.07351437040748829,0.31412893831808214,0.764046984936562,0.4994546596586511,-0.07474350986607758,0.3952152171751157,0.04037937417139018,0.8723803107535344,0.08347314961036528,-0.025434534141270546,0.7677339760008023,-0.22050820598878315,0.10675222959124546,0.42760666923054635,117.0,2023
34,2.751622897751175,0.6460052899517691,0.3333333333333332,0.6916419124162312,0.3927742474410078,0.8519909196177339,0.6889835180050645,0.20510110024099867,0.4759823034709166,0.3912950415572474,-0.07474350986607758,-0.2995117129667831,-0.6056906125708528,0.8000876519506337,0.08347314961036528,-0.2638832917156812,0.7165895956602605,-0.7936703298585445,0.08085546230495962,0.6704481853808232,1.0,2022
108,-0.36342189215581555,-1.5479749400731073,0.3333333333333332,-2.3770908050691166,-0.4451441470998088,-1.3051924365461227,-1.00355663788827,-2.3571631696089086,-0.9643411042173914,-1.049101472127736,-0.07474350840722836,1.3055022789124449,1.1710018509703153,0.7707364305116997,0.8739699228934248,1.9298452779688968,0.6654452153197182,2.072140289490262,0.31392636788153283,-1.0650282827442612,17.5,2001
218,-0.36342189215581555,-1.5479749400731073,0.3333333333333332,-0.010711677932513423,-0.5498839464174109,0.5228884253018822,1.612187239401429,-0.3817029796955429,0.09189606145004103,0.4680756682082819,-0.07474350986607758,-0.7280348661384216,-0.7672081092564136,-0.44328273400557705,0.08347314961036528,-0.8361603098942667,-0.7665974342154568,-0.9369608608259848,-0.6701507889973324,0.9457567476386612,1.0,1981
109,-0.36342189215581555,-1.5479749400731073,0.3333333333333332,0.1373191879294725,-0.23566454846460466,0.5988194963930666,1.3044526656026407,-0.18938403752972008,0.18791762195726042,0.4302047828063513,-0.07474350986607758,-0.7020637659462011,-0.6056906125708528,-0.9130237359719873,0.08347314961036528,-0.7884705583793845,-1.2780412376208765,-0.7936703298585445,-0.9291184618601918,0.8361528028410488,5.0,2001
31,-0.36342189215581555,0.6460052899517691,0.3333333333333332,1.1777647022737168,-0.34040434778220674,1.7873110198722448,-1.00355663788827,1.3679933063716205,-0.3882117416701868,-0.6642781160243744,-0.07474350986607758,1.5340479606039852,1.332519347655876,0.37255095931585847,0.7880463605800487,1.2144990052456648,0.20514579225484084,0.9258160417507395,0.0031651604461016484,-1.049573004225299,1.0,2022
180,-0.36342189215581555,0.6460052899517691,0.3333333333333332,0.2811206004811162,-0.4451441470998088,-1.3051924365461227,-1.00355663788827,0.004419430154561126,-0.9643411042173914,-1.049101472127736,-0.0747435093583858,1.2951138388355565,0.04037937417139018,0.2792089481577138,-0.4263399867823329,0.35608347797778644,0.10285703157375681,0.0660728559460975,-0.048628374126470024,-1.0650282827442612,1.0,1988
187,-0.36342189215581555,0.6460052899517691,0.3333333333333332,0.02338828938212286,-0.4451441470998088,-1.3051924365461227,-1.00355663788827,0.004419430154561126,-0.9643411042173914,-1.049101472127736,-0.07474350922541893,1.5314508505847633,1.494036844341437,0.38958754493134434,0.15794023694862436,1.1191195022159004,0.20514579225484084,1.2123971036856203,-0.0745251414127561,-1.0650282827442612,5.0,1986
123,-0.36342189215581555,0.6460052899517691,0.3333333333333332,0.0802215682398496,1.0212130433466202,0.5794155531267052,0.5351162311056705,0.5190202348746967,0.8164223816382987,0.6278228945971945,-0.07474350986607758,-0.6033735852157631,-0.6056906125708528,0.24900855297654192,-2.706178506830577,-0.40695254626032756,0.051712651233214564,-0.7936703298585445,-0.3075960469893294,1.2248257837647067,14.0,1998
99,-0.36342189215581555,-1.5479749400731073,0.3333333333333332,-2.167732866207165,-0.4451441470998088,-1.3051924365461227,-1.00355663788827,-2.3571631696089086,-0.9643411042173914,-1.049101472127736,-0.07474350986607758,1.7444138721609714,3.5937643012537266,0.3859726565677344,0.5417321486150375,0.02225521737361158,0.20514579225484084,2.9318834752949043,0.08085546230495962,-1.0650282827442612,3.0,2003
201,-0.36342189215581555,0.6460052899517691,0.3333333333333332,0.2599733339294039,0.28803444812340573,0.5543521264089439,0.6889835180050645,-0.02451245494966387,0.4279715232146397,0.5077982503988312,-0.07474350986607758,-0.4709209742354385,-0.6056906125708528,1.2129397032829143,0.08347314961036528,-0.40695254626032756,1.176889018725138,-0.7936703298585445,0.31392636788153283,0.7482900494910564,58.0,1983
130,-0.36342189215581555,0.6460052899517691,0.3333333333333332,0.02338828938212286,-0.4451441470998088,-1.3051924365461227,-1.00355663788827,0.004419430154561126,-0.9643411042173914,-1.049101472127736,-0.07474350807223334,1.5431378456712623,0.36341436754251166,0.38706836939694905,-0.7986754234736291,0.16532447191825797,0.20514579225484084,0.35265391788097816,-0.126318675985328,-1.0650282827442612,2.0,1997
7,-0.36342189215581555,0.6460052899517691,0.3333333333333332,0.2811206004811162,-0.4451441470998088,-1.3051924365461227,-1.00355663788827,0.004419430154561126,-0.9643411042173914,-1.049101472127736,-0.07474350806517097,-0.7592001863690863,-0.7672081092564136,3.116123785594868,0.8625134479183078,-0.7884705583793845,3.427241753708984,1.498978165620501,2.152596845207834,-1.0650282827442612,1.0,2024
6,2.751622897751175,0.6460052899517691,0.3333333333333332,0.6556915592783193,0.28803444812340573,0.8273464063375368,0.3812489442062764,0.15726308353396048,0.4759823034469112,0.38115866876857557,-0.07474350986607758,0.5120851680401081,0.20189687085695093,1.0796773323273572,0.08347314961036528,0.7376014900968435,1.023455877703512,-0.07721767502134283,0.2362360660226751,0.3710246803576713,2.0,2024
41,-0.36342189215581555,0.6460052899517691,0.3333333333333332,0.4476553245758504,2.278090635157845,0.7459578161820242,-0.08035291649190578,0.6592141838362904,2.163218295148199,0.5019722598781007,-0.07474350986607758,-0.34885680333200203,-0.44417311588529207,0.6183698128691673,-2.706178506830577,-0.3115730432305633,0.5120120742980925,-0.6503797988911042,-0.022731606840184188,1.3021526426151153,2.0,2020
56,-0.36342189215581555,0.6460052899517691,0.3333333333333332,0.5814117855154303,0.9164732440290182,0.6643349053941575,0.6889835180050645,0.43130530424097174,0.7160362047523013,0.6245576500828883,-0.07474350986607758,-0.7436175262537539,-0.6056906125708528,-1.1381638876447369,0.08347314961036528,-0.8838500614091488,-1.5337631393235862,-0.7936703298585445,-1.0586022982916214,1.287584575664651,1.0,2015
42,2.751622897751175,0.6460052899517691,0.3333333333333332,0.649876060976599,2.068611036522641,0.7384819184628063,-0.08035291649190578,0.9952851762063445,1.9986099057079048,0.4513257537249855,-0.07474350986607758,0.9471010962598017,0.36341436754251166,1.4443316384627194,0.08347314961036528,0.7852912416117256,1.4837553007683901,0.0660728559460975,0.46930697159924856,1.1043378198769134,50.0,2019
43,-0.36342189215581555,0.6460052899517691,0.3333333333333332,0.9705214900669362,2.278090635157845,0.7369262262097519,0.8428508049044586,1.0290663130041309,1.251541061471133,0.6417990856620706,-0.07474350986607758,-0.395604783677999,-0.44417311588529207,0.4279749816265342,0.08347314961036528,-0.1208140371710348,0.2562901725953826,-0.6503797988911042,-0.15221544327161385,2.3304697625316844,41.0,2018
204,-0.36342189215581555,-1.5479749400731073,0.3333333333333332,-2.272411835638141,-0.4451441470998088,-1.3051924365461227,-1.00355663788827,-2.3571631696089086,-0.9643411042173914,-1.049101472127736,-0.07474350986607758,1.571706055882705,3.1092118111970444,0.01540257802969935,0.15794023694862436,0.6422219870670792,-0.20400925046949506,2.5020118823925834,-0.3852863488481872,-1.0650282827442612,2.0,1983
214,-0.36342189215581555,-1.5479749400731073,0.3333333333333332,-0.10375965076004695,-0.9688431436878192,0.665644808177291,0.8428508049044586,-0.4988585206111597,-0.12230588125575217,0.35652892253581014,-0.07474350986607758,-0.6254490203791505,-0.44417311588529207,0.10656588528401648,0.08347314961036528,-0.5023320492900918,-0.10172048978841125,-0.6503797988911042,-0.3334928142756154,0.007577548201626443,15.0,1981
138,-0.36342189215581555,0.6460052899517691,0.3333333333333332,2.8526282131693295,-0.34040434778220674,1.7873110183259933,-1.00355663788827,4.631331446065861,-0.3882117416701868,6.839777324046741,-0.07474350821191794,-0.7280348661384216,-0.6056906125708528,1.5967353312431125,0.6448404233910886,-0.5023320492900918,1.6371884417900158,1.3556876346530606,2.515151587215837,-0.7481950732639542,10.0,1995
184,-0.36342189215581555,0.6460052899517691,0.3333333333333332,0.2811206004811162,-0.4451441470998088,-1.3051924365461227,-1.00355663788827,0.004419430154561126,-0.9643411042173914,-1.049101472127736,-0.07474350986607758,-0.800753946676639,-0.7672081092564136,-1.5589176137051606,0.08347314961036528,-0.3592627947454454,0.20514579225484084,-0.5070892679236638,-0.10042190869904193,-1.0650282827442612,41.0,1986
224,-0.36342189215581555,0.6460052899517691,0.3333333333333332,1.5261659187131764,-0.34040434778220674,0.24105929166306106,-1.00355663788827,2.630426072265972,-0.3882117416701868,4.4346313523451695,-0.07474350986607758,2.0482757444099513,1.332519347655876,0.7135849171014393,-0.9877072605630562,1.1668092537307826,0.6143008349791765,0.9258160417507395,0.029061927732387714,-0.8447905638490509,22.0,1980
81,-0.36342189215581555,0.6460052899517691,0.3333333333333332,-0.2343440217168705,-0.4451441470998088,-1.3051924365461227,-1.00355663788827,0.004419430154561126,-0.9643411042173914,-1.049101472127736,-0.07474350955319777,1.0276115068556853,0.6864493609136332,0.5853618335923542,-0.5810023989464096,1.691396520394486,0.4608676939575507,0.4959444488484185,0.0031651604461016484,-1.0650282827442612,1.0,2008
141,-0.36342189215581555,0.6460052899517691,0.3333333333333332,0.9282269569635117,1.1259528426642222,0.8682807096108476,0.5351162311056705,0.9616527894605078,0.8687977782811132,0.6074754271505848,-0.07474350986607758,-0.23847962751506485,0.36341436754251166,0.6551779634950882,0.08347314961036528,-0.16850378868591692,0.5631564546386343,0.0660728559460975,0.0031651604461016484,1.263572602863604,74.0,1994
155,-0.36342189215581555,-1.5479749400731073,0.3333333333333332,-2.272411835638141,-0.4451441470998088,-1.3051924365461227,-1.00355663788827,-2.3571631696089086,-0.9643411042173914,-1.049101472127736,-0.07474350986607758,1.67948612168042,1.0094843542847547,0.3403179553886846,-0.07118926255371176,1.8344657749391327,0.15400141191429859,0.6392349798158589,-0.0745251414127561,-1.0650282827442612,11.0,1992
54,2.751622897751175,0.6460052899517691,0.3333333333333332,0.3614802133776231,1.1259528426642222,0.5440621564956513,0.5351162311056705,0.11571719402439795,0.8687977782811132,0.4423805663610517,-0.07474350986607758,0.28483804135817853,0.8479668575991939,0.5528198372347555,0.08347314961036528,0.7852912416117256,0.4097233136170084,0.4959444488484185,-0.0745251414127561,1.0315036664856474,48.0,2015
15,2.751622897751175,-1.5479749400731073,0.3333333333333332,0.30068182204145033,-1.1783227423230234,0.7511354241003753,1.766054526300823,-0.29469014930702087,-0.08498576054911079,0.3818565349592575,-0.07474350986607758,0.2692553812428462,1.6555543410269977,0.5101040873317646,0.08347314961036528,-0.3592627947454454,0.35857893327646667,1.2123971036856203,-0.10042190869904193,0.6016059579625821,19.0,2023
49,-0.36342189215581555,0.6460052899517691,-2.9999999999999996,-0.28351141644960126,2.068611036522641,0.7779522538835558,-0.6958220640894821,0.9214902754340772,4.412866283141324,0.5338408985574642,-0.07474350986607758,-0.7176464260615334,-0.7672081092564136,-0.5571230278427155,0.08347314961036528,-0.7407808068645024,-0.8688861948965407,-0.9369608608259848,-0.7219443235699043,0.7150477320061924,10.0,2016
190,-0.36342189215581555,-1.5479749400731073,0.3333333333333332,-0.5415080683804914,-0.5498839464174109,0.6000105866599709,0.5351162311056705,-0.456589705849121,0.03079143199608253,0.38024242268194636,-0.07474350986607758,-0.5799995950427647,-0.7672081092564136,0.5698958812677412,0.08347314961036528,-0.21619354020079906,0.4608676939575507,-0.9369608608259848,-0.048628374126470024,0.02567280185112498,1.0,1986
211,-0.36342189215581555,-1.5479749400731073,-2.9999999999999996,-1.6705077614100305,-0.9688431436878192,0.6705736615900996,0.3812489442062764,-0.3438222914660214,-0.215372932231954,0.503172105940127,-0.07474350986607758,-0.6059706952349851,-0.7672081092564136,0.5618168926641999,0.08347314961036528,-0.6930910553496203,0.4097233136170084,-0.9369608608259848,-0.0745251414127561,-0.2545767823865964,3.0,1982
83,-0.36342189215581555,0.6460052899517691,0.3333333333333332,1.11432290261858,3.116009029698662,0.8242476608029938,0.22738165730688237,1.2627228946067874,2.236377579445495,0.5507783292168034,-0.07474350986607758,-0.6215533553503174,-0.44417311588529207,-0.3980542929152831,0.08347314961036528,-0.550021800804974,-0.7154530538749148,-0.6503797988911042,-0.6442540217110465,2.1476909473224564,49.0,2007
223,-0.36342189215581555,-1.5479749400731073,0.3333333333333332,0.023123948550226696,-0.23566454846460466,0.57598746477553,1.1505853787032467,-0.3383869645677771,0.18791762195245934,0.38599790351420055,-0.07474350986607758,-0.7033623209558121,-0.6056906125708528,-0.3536335026066247,0.08347314961036528,-0.3115730432305633,-0.6131642931938309,-0.7936703298585445,-0.5924604871384747,0.664065874444372,47.0,1980
166,-0.36342189215581555,0.6460052899517691,0.3333333333333332,-0.0043674979669995,0.28803444812340573,0.6117360767779787,0.9967180918038527,-0.036043558976808006,0.39367810876203724,0.4957929779303051,-0.07474350986607758,-0.4696224192258274,-0.44417311588529207,0.15437880873735477,0.08347314961036528,-0.6454013038347381,-0.050576109447869236,-0.6503797988911042,-0.3075960469893294,0.9824917800813379,16.0,1990
125,-0.36342189215581555,0.6460052899517691,-2.9999999999999996,-1.0075409550138505,-0.4451441470998088,-1.3051924365461227,-1.00355663788827,0.004419430154561126,-0.9643411042173914,-1.049101472127736,-0.07474350655136543,-0.795559726638195,-0.7672081092564136,0.19422290986358964,0.20376613684909142,-1.2653680735282058,0.0005682708926727773,1.498978165620501,3.5510222786672743,-1.0650282827442612,4.0,1998
18,-0.36342189215581555,-1.5479749400731073,0.3333333333333332,-0.17486733454017972,-0.23566454846460466,0.6298481148829195,0.6889835180050645,-0.27820566854995044,0.187917621933255,0.41522156790087533,-0.07474350986607758,-0.7163478710519223,-0.7672081092564136,-0.20232077869924955,0.08347314961036528,-1.0269193159537953,-0.4597311521722049,-0.9369608608259848,-0.5147701852796168,0.34641538769429514,1.0,2023
93,-0.36342189215581555,0.6460052899517691,0.3333333333333332,1.2792715817219353,2.5923100331106514,0.785514126580681,0.5351162311056705,1.5392105661678523,1.6020533312805147,0.7151239148303237,-0.07474350986607758,-0.7514088563114201,-0.7672081092564136,-0.8927242141094899,0.08347314961036528,-0.550021800804974,-1.2780412376208765,-0.9369608608259848,-0.9291184618601918,2.4068585462830976,47.0,2004
78,-0.36342189215581555,0.6460052899517691,0.3333333333333332,0.02338828938212286,-0.4451441470998088,-1.3051924365461227,-1.00355663788827,0.004419430154561126,-0.9643411042173914,-1.049101472127736,-0.07474350986607758,1.7444138721609714,0.8479668575991939,0.5661012048609745,-1.2397497100156258,1.7390862719093683,0.4097233136170084,0.4959444488484185,-0.048628374126470024,-1.0650282827442612,3.0,2008
173,-0.36342189215581555,0.6460052899517691,0.3333333333333332,0.2811206004811162,-0.4451441470998088,-1.3051924365461227,-1.00355663788827,0.004419430154561126,-0.9643411042173914,-1.049101472127736,-0.07474350986607758,-0.800753946676639,-0.7672081092564136,-1.5589176137051606,0.08347314961036528,-0.3592627947454454,0.20514579225484084,-0.5070892679236638,-0.10042190869904193,-1.0650282827442612,2.0,1989
172,2.751622897751175,-1.5479749400731073,0.3333333333333332,-0.36175630269093706,-1.8067615382286357,0.5172678650560282,2.0737891000996114,-0.8086364537985777,-0.2236033516655209,0.3379329623316761,-0.07474350986607758,-0.20601575227478922,0.04037937417139018,0.5331634131510679,0.08347314961036528,-0.5023320492900918,0.4097233136170084,-0.22050820598878315,-0.0745251414127561,0.4390360764457599,6.0,1989
174,-0.36342189215581555,0.6460052899517691,0.3333333333333332,0.276891147170774,-0.4451441470998088,0.4722000148052505,1.1505853787032467,-0.0013788468704397882,0.11110037354113597,0.7222761421570062,-0.07474350986607758,-0.45274120410088414,-0.6056906125708528,0.9688663994908734,0.08347314961036528,-0.3115730432305633,0.9211671170224282,-0.7936703298585445,0.1844425314501032,0.9269499867421047,31.0,1988
158,-0.36342189215581555,0.6460052899517691,0.3333333333333332,0.2811206004811162,-0.4451441470998088,-1.3051924365461227,-1.00355663788827,0.004419430154561126,-0.9643411042173914,-1.049101472127736,-0.07474350986607758,-0.800753946676639,-0.7672081092564136,-1.5589176137051606,0.08347314961036528,-0.3592627947454454,0.20514579225484084,-0.5070892679236638,-0.10042190869904193,-1.0650282827442612,1.0,1992
25,-0.36342189215581555,0.6460052899517691,0.3333333333333332,1.4915372697347478,-0.4451441470998088,1.7873110198722448,-1.00355663788827,1.3679933063716205,-0.9643411042173914,2.221897054750839,-0.0747435090252131,-0.7436175262537539,-0.6056906125708528,1.070793173620248,0.5932862860030631,-0.9792295644389131,1.023455877703512,0.35265391788097816,2.282080681639264,-1.0650282827442612,13.0,2022
217,-0.36342189215581555,-1.5479749400731073,0.3333333333333332,-0.25416958410910073,-1.1783227423230234,0.545374792284167,1.1505853787032467,-0.3870907065771622,-0.15775999589849593,0.5858860589383893,-0.07474350986607758,-0.7773799565036406,-0.7672081092564136,-0.5727760683348647,0.08347314961036528,-1.2176783220133236,-0.8688861948965407,-0.9369608608259848,-0.7219443235699043,0.3139237288853829,2.0,1981
74,-0.36342189215581555,0.6460052899517691,0.3333333333333332,0.17538426772255483,-0.13092474914700258,0.7620486137292047,0.8428508049044586,-0.13875249484706642,0.23223526525441188,0.3383427367847959,-0.07474350986607758,-0.747513191282587,-0.6056906125708528,-1.098718225831174,0.08347314961036528,-0.8838500614091488,-1.4826187589830442,-0.7936703298585445,-1.0327055310053355,0.4394804252917093,32.0,2008
20,-0.36342189215581555,0.6460052899517691,0.3333333333333332,0.2811206004811162,-0.4451441470998088,-1.3051924365461227,-1.00355663788827,0.004419430154561126,-0.9643411042173914,-1.049101472127736,-0.07474350986607758,-0.800753946676639,-0.7672081092564136,-1.5589176137051606,0.08347314961036528,-0.3592627947454454,0.20514579225484084,-0.5070892679236638,-0.10042190869904193,-1.0650282827442612,1.0,2023
208,-0.36342189215581555,0.6460052899517691,-2.9999999999999996,-3.8425963771027773,-0.4451441470998088,-1.3051924365461227,-1.00355663788827,0.004419430154561126,-0.9643411042173914,-1.049101472127736,-0.07474350986607758,-0.800753946676639,-0.7672081092564136,-1.5589176137051606,0.08347314961036528,-0.3592627947454454,0.20514579225484084,-0.5070892679236638,-0.10042190869904193,-1.0650282827442612,35.0,1982
52,2.751622897751175,0.6460052899517691,0.3333333333333332,0.5644939722740608,2.278090635157845,0.7277483612272861,0.07351437040748829,0.40645809556328766,1.916305711039198,0.3476180538352898,-0.07474350986607758,-0.21770274736128845,-0.12113812251417055,0.8549213931385793,0.08347314961036528,-0.3592627947454454,0.7677339760008023,-0.3637987369562235,0.10675222959124546,1.178774121061316,2.0,2016
103,2.751622897751175,-1.5479749400731073,0.3333333333333332,-0.2898555964151152,-1.2830625416406254,0.5867659798064354,1.3044526656026407,-0.7245301994251541,-0.17216322997231825,0.2754886780461822,-0.07474350986607758,-0.15147644187112613,-0.2826556191997313,0.7928562616979642,0.08347314961036528,-0.21619354020079906,0.7165895956602605,-0.5070892679236638,0.08085546230495962,0.10533210763726382,11.0,2002
70,-0.36342189215581555,0.6460052899517691,0.3333333333333332,0.3826274799293354,-0.34040434778220674,0.8232731658671295,1.458319952502035,0.14536307937798215,0.15402765942682345,0.4672777777216052,-0.07474350986607758,-0.8176351618015824,-0.7672081092564136,-1.858796914073385,0.08347314961036528,-1.313057825043088,-2.4032176051128,-0.9369608608259848,-1.4988473421584823,0.9446992664758891,39.5,2009
22,2.751622897751175,0.6460052899517691,0.3333333333333332,0.18199278851996492,0.6022538460762119,0.7519946463563043,-0.08035291649190578,0.24122951285855185,0.846351179625845,0.4989759644457002,-0.07474350986607758,0.5237721631266072,1.332519347655876,0.45985026392599415,0.08347314961036528,0.546842484037315,0.3074345529359244,0.9258160417507395,-0.126318675985328,0.3027974652963896,46.0,2022
209,-0.36342189215581555,-1.5479749400731073,-2.9999999999999996,-1.622926411668678,-0.9688431436878192,0.6065369738262125,0.6889835180050645,-0.233985253106331,-0.14815783986068345,0.6318769160500716,-0.07474350986607758,-0.7643944064075303,-0.6056906125708528,-1.1693308303435834,0.08347314961036528,-1.0269193159537953,-1.5849075196641282,-0.7936703298585445,-1.0844990655779072,0.08266665039103709,33.0,1982
9,-0.36342189215581555,0.6460052899517691,0.3333333333333332,0.7635426186920525,0.706993645393814,0.7432364594597108,0.8428508049044586,0.301919534054047,0.5867764117645755,0.4757169460726272,-0.07474350986607758,-0.49948918444688106,-0.6056906125708528,-0.17210495936675166,0.08347314961036528,-0.550021800804974,-0.40858677183166286,-0.7936703298585445,-0.4888734179933309,1.0783636241206676,1.0,2024
80,-0.36342189215581555,0.6460052899517691,0.3333333333333332,0.6194768653085126,0.8117334447114161,0.7133453853847199,0.6889835180050645,0.48755959888732614,0.6680254244960244,0.5646609079836953,-0.07474350986607758,-0.6916753258693129,-0.7672081092564136,-0.3713062901383187,0.08347314961036528,-0.931539812924031,-0.6643086735343727,-0.9369608608259848,-0.6183572544247605,1.138577569614074,2.0,2008
46,-0.36342189215581555,0.6460052899517691,0.3333333333333332,0.02338828938212286,-0.4451441470998088,-1.3051924365461227,-1.00355663788827,0.004419430154561126,-0.9643411042173914,-1.049101472127736,-0.07474350860478086,1.2314846433646163,1.332519347655876,0.4911257425106704,0.2553202742371174,1.2621887567605468,0.35857893327646667,1.7855592275553815,0.2621328333089609,-1.0650282827442612,8.0,2017
85,-0.36342189215581555,0.6460052899517691,0.3333333333333332,1.4442202608252914,-0.23566454846460466,0.756476534743067,-1.00355663788827,1.82474819088954,0.18791762087701777,0.23364304843059397,-0.0747435091453366,2.283314201149547,3.755281797939287,0.7269660453825467,0.08920138709792336,2.5975017991772464,0.6143008349791765,3.5050455991646654,0.1844425314501032,-0.9619930926006744,44.0,2006
160,-0.36342189215581555,0.6460052899517691,0.3333333333333332,0.02735340186056891,-0.5498839464174109,0.6781853086421915,1.612187239401429,0.010223657181639619,0.09189606145004103,0.5113004071948721,-0.07474350986607758,-0.7163478710519223,-0.6056906125708528,-0.5727760682609039,0.08347314961036528,-0.8838500614091488,-0.8688861948965407,-0.7936703298585445,-0.7219443235699043,1.0030444932721043,18.0,1991
95,-0.36342189215581555,0.6460052899517691,0.3333333333333332,0.34456240013625306,0.4975140467586099,0.7655828471403082,0.5351162311056705,0.09210758577893458,0.5545453984242268,0.4014650131294761,-0.07474350986607758,-0.7669915164267523,-0.7672081092564136,-1.1519385631985422,-2.706178506830577,-0.9792295644389131,-1.5849075196641282,-0.9369608608259848,-1.1103958328641932,0.6244439175426585,16.0,2003
156,-0.36342189215581555,0.6460052899517691,0.3333333333333332,0.2811206004811162,-0.4451441470998088,-1.3051924365461227,-1.00355663788827,0.004419430154561126,-0.9643411042173914,-1.049101472127736,-0.07474350963804653,1.8911505882470172,2.14010683108368,0.4539039143567348,-0.540904736533501,1.7867760234242505,0.3074345529359244,1.7855592275553815,-0.10042190869904193,-1.0650282827442612,10.0,1992
171,-0.36342189215581555,0.6460052899517691,-2.9999999999999996,0.019951858567469737,0.6022538460762119,0.8659693176151227,0.22738165730688237,0.9348539801012427,0.7000326112873096,0.7060319961545285,-0.07474350986607758,-0.4280686589182746,-0.2826556191997313,0.47150534160069424,0.08347314961036528,-0.550021800804974,0.3074345529359244,-0.5070892679236638,-0.126318675985328,0.7677034892773402,62.0,1989
185,-0.36342189215581555,0.6460052899517691,0.3333333333333332,2.8526282131693295,-0.34040434778220674,1.7873110183259933,-1.00355663788827,4.631331446065861,-0.3882117416701868,1.8370736972043895,-0.07474350986607758,1.8495968279394646,1.0094843542847547,0.4166200698364614,-0.9647943106128227,0.546842484037315,0.2562901725953826,0.6392349798158589,-0.10042190869904193,-0.9491136939100027,17.0,1986
16,-0.36342189215581555,0.6460052899517691,0.3333333333333332,0.2811206004811162,-0.4451441470998088,-1.3051924365461227,-1.00355663788827,0.004419430154561126,-0.9643411042173914,-1.049101472127736,-0.07474350839633127,-0.7812756215324737,-0.7672081092564136,-0.46320478556159755,0.6104709984657382,-0.7884705583793845,-0.7665974342154568,0.9258160417507395,2.4374612853569793,-1.0650282827442612,14.0,2023
199,-0.36342189215581555,-1.5479749400731073,0.3333333333333332,-3.8425963771027773,-0.654623745735013,-1.3051924365461227,-0.8496893509888761,-2.823690932539926,-0.9643411042173914,-1.049101472127736,-0.07474350986607758,2.2962997512456575,1.494036844341437,0.8753573241529155,-0.7356648111104866,1.691396520394486,0.8188783563413441,1.0691065727181799,0.1326489968775313,-1.0650282827442612,18.0,1984
0,2.751622897751175,0.6460052899517691,0.3333333333333332,0.7141108831274255,1.2306926419818245,0.6604360553652078,-0.08035291649190578,0.23519323575043158,1.3401763479467277,0.43720902718547117,13.379088160259656,0.20043196573346186,1.1710018509703153,0.7227432170222841,0.08347314961036528,-0.025434534141270546,0.6143008349791765,0.9258160417507395,0.05495869501867355,0.6063816935734241,90.0,2024
152,-0.36342189215581555,-1.5479749400731073,0.3333333333333332,-0.4928693553115529,-0.4451441470998088,1.7873110183259933,-1.00355663788827,-0.9575798808158552,-0.9643411042173914,-0.8566897941722611,-0.07474350854471912,-0.7903655065997508,-0.7672081092564136,-0.6823473512633577,0.23240732428688343,-1.2176783220133236,-1.0223193359181666,0.6392349798158589,1.5569711976232574,-1.0650282827442612,1.0,1993
120,-0.36342189215581555,-1.5479749400731073,0.3333333333333332,-0.0064822246221706075,-0.8641033443702172,0.6152928253382461,1.3044526656026407,-0.37630930281184494,-0.02813088920048681,0.44362327297548887,-0.07474350986607758,-0.6540172305905931,-0.44417311588529207,-0.6447800540991498,0.08347314961036528,-0.8361603098942667,-0.9711749555776246,-0.6503797988911042,-0.7737378581424761,0.4936931003714044,8.0,1999
106,2.751622897751175,-1.5479749400731073,0.3333333333333332,-0.6070645946907993,-0.4451441470998088,0.3916443776774646,0.22738165730688237,-0.8427686407189658,0.0598888745547323,0.2927528913897308,-0.07474350986607758,0.41599209732889214,0.5249318642280724,1.4547774928502695,-2.706178506830577,0.7376014900968435,1.4837553007683901,0.20936338691353784,0.4952037388855344,-0.20276324228338946,1.0,2002
69,-0.36342189215581555,0.6460052899517691,0.3333333333333332,0.8520967973773477,2.487570233793049,0.7313342308898534,-0.3880874902906939,0.8418078476056389,3.1837903094409867,0.47611304977314406,-0.07474350986607758,-0.7358261961960877,-0.6056906125708528,-1.1347707124312882,0.08347314961036528,-1.0269193159537953,-1.5337631393235862,-0.7936703298585445,-1.0586022982916214,1.1401760924008946,50.0,2010
105,-0.36342189215581555,-1.5479749400731073,0.3333333333333332,-2.3770908050691166,-0.4451441470998088,-1.3051924365461227,-1.00355663788827,-2.3571631696089086,-0.9643411042173914,-1.049101472127736,-0.0747435092894848,1.8418054978817984,2.624659321140362,0.7025216421940472,0.5474603861025956,1.2144990052456648,0.6143008349791765,2.5020118823925834,0.2362360660226751,-1.0650282827442612,1.0,2002
61,-0.36342189215581555,0.6460052899517691,0.3333333333333332,0.276891147170774,1.1259528426642222,0.676772838056663,0.3812489442062764,-0.0013788468704397882,0.9368857938994879,0.309351423934649,-0.07474350986607758,-0.7267363111288105,-0.7672081092564136,-0.8649661557845217,0.08347314961036528,-0.6454013038347381,-1.2268968572803345,-0.9369608608259848,-0.9032216945739058,0.7353921660357663,1.0,2014
205,-0.36342189215581555,-1.5479749400731073,0.3333333333333332,-0.15028363717381432,-3.1683789293574627,0.5413643802925724,3.4585946821941578,-0.556356365691814,-0.3498031169063197,0.7231531997348813,-0.07474350986607758,-0.7072579859846452,-0.2826556191997313,-1.308468967242531,0.08347314961036528,-1.2653680735282058,-1.738340660685754,-0.5070892679236638,-1.1621893674367652,1.2126454915314622,1.0,1983
215,-0.36342189215581555,0.6460052899517691,0.3333333333333332,0.2811206004811162,-0.4451441470998088,-1.3051924365461227,-1.00355663788827,0.004419430154561126,-0.9643411042173914,-1.049101472127736,-0.0747435090252131,1.4405519999119913,-0.12113812251417055,0.5504897727505376,-0.17429753732976286,2.1206042840284254,0.4097233136170084,-0.07721767502134283,0.05495869501867355,-1.0650282827442612,14.0,1981
8,-0.36342189215581555,0.6460052899517691,0.3333333333333332,0.7275922655541418,1.3354324412994265,0.7319328571884341,-0.541954777190088,0.2533199170810273,2.3484027329135926,0.42834534221917714,-0.07474350986607758,-0.3514539133512241,-0.44417311588529207,0.3847816643409399,0.08347314961036528,0.49915273252243286,0.20514579225484084,-0.6503797988911042,-0.17811221055789966,0.29972800858304716,1.0,2024
86,-0.36342189215581555,0.6460052899517691,0.3333333333333332,0.22613770744666442,-0.02618494982940052,0.6820480526838723,0.6889835180050645,-0.07049407100836826,0.2839391824458088,0.48532956407412153,-0.07474350986607758,-0.7592001863690863,-0.7672081092564136,-1.2249860850803702,0.08347314961036528,-0.6930910553496203,-1.6360519000046703,-0.9369608608259848,-1.1103958328641932,0.5372433181588037,4.0,2006
44,-0.36342189215581555,0.6460052899517691,0.3333333333333332,0.7450387604593043,1.8591314378874368,0.996793777557803,-0.23422020339129984,1.158791233309502,2.1083488319282746,0.521670346205174,-0.07474350986607758,-0.6683013356963144,-0.12113812251417055,-1.2478765527709876,-2.706178506830577,-0.931539812924031,-1.687196280345212,-0.3637987369562235,-1.1362926001504792,0.9537029034616902,9.0,2018
92,-0.36342189215581555,0.6460052899517691,0.3333333333333332,0.43338091965344433,0.3927742474410078,0.790905192129118,0.8428508049044586,0.21712010443853727,0.4538234818232641,0.40097946573836113,-0.07474350986607758,-0.7215420910903665,-0.6056906125708528,-1.0303973082927822,0.08347314961036528,-0.7884705583793845,-1.4314743786425022,-0.7936703298585445,-1.0068087637190495,0.7985928859242019,2.0,2005
76,-0.36342189215581555,0.6460052899517691,0.3333333333333332,0.2811206004811162,-0.4451441470998088,-1.3051924365461227,-1.00355663788827,0.004419430154561126,-0.9643411042173914,-1.049101472127736,-0.07474350986607758,1.8469997179202424,1.9785893343981191,0.42152504089189463,-0.1628410623546463,1.8821555264540146,0.2562901725953826,1.498978165620501,-0.126318675985328,-1.0650282827442612,4.0,2008
202,-0.36342189215581555,0.6460052899517691,0.3333333333333332,0.2811206004811162,-0.4451441470998088,-1.3051924365461227,-1.00355663788827,0.004419430154561126,-0.9643411042173914,-1.049101472127736,-0.07474350933847633,2.0145133141600646,2.14010683108368,0.472927302816539,0.20376613684909142,2.5975017991772464,0.3074345529359244,1.928849758522822,-0.022731606840184188,-1.0650282827442612,18.0,1983
63,-0.36342189215581555,0.6460052899517691,0.3333333333333332,1.0255043831013881,3.220748829016264,0.8065322312565588,0.5351162311056705,1.1175934189215009,1.9163057111374013,0.550046875693776,-0.07474350986607758,-0.8150380517823603,-0.6056906125708528,-1.9835063346682877,0.08347314961036528,-1.4084373280728522,-2.5566507461344257,-0.7936703298585445,-1.57653764401734,2.4673471550253345,49.0,2013
101,-0.36342189215581555,0.6460052899517691,0.3333333333333332,0.27266169386043115,0.18329464880580362,0.7865008408440378,0.5351162311056705,-0.007171173893363123,0.3974192084957835,0.4107987848851782,-0.07474350986607758,-0.5202660646006575,-0.2826556191997313,-0.19146800398143454,0.08347314961036528,-0.3115730432305633,-0.4597311521722049,-0.5070892679236638,-0.5147701852796168,0.4594173696018613,19.0,2002
176,-0.36342189215581555,0.6460052899517691,0.3333333333333332,0.02338828938212286,-0.4451441470998088,-1.3051924365461227,-1.00355663788827,0.004419430154561126,-0.9643411042173914,-1.049101472127736,-0.07474350968905348,1.3834155794891063,0.6864493609136332,0.5646445387343441,-0.28313404959337285,0.7376014900968435,0.4097233136170084,0.4959444488484185,0.05495869501867355,-1.0650282827442612,17.0,1988
104,-0.36342189215581555,0.6460052899517691,0.3333333333333332,0.2811206004811162,-0.4451441470998088,-1.3051924365461227,-1.00355663788827,0.004419430154561126,-0.9643411042173914,-1.049101472127736,-0.07474350986607758,-0.800753946676639,-0.7672081092564136,-1.5589176137051606,0.08347314961036528,-0.3592627947454454,0.20514579225484084,-0.5070892679236638,-0.10042190869904193,-1.0650282827442612,1.0,2002
195,-0.36342189215581555,0.6460052899517691,0.3333333333333332,2.23512802985933,-0.34040434778220674,0.5503096378615486,-1.00355663788827,3.319593987952246,-0.3882117416701868,2.6452027475728284,-0.0747435093169416,1.4470447749600466,0.6864493609136332,0.5391695427499786,0.4328956363514275,0.4514629810075507,0.4097233136170084,0.6392349798158589,0.10675222959124546,-0.9166576089177135,25.0,1985
62,-0.36342189215581555,0.6460052899517691,-2.9999999999999996,-1.0075409550138505,-0.4451441470998088,-1.3051924365461227,-1.00355663788827,0.004419430154561126,-0.9643411042173914,-1.049101472127736,-0.07474350986607758,-0.800753946676639,-0.7672081092564136,-1.5589176137051606,0.08347314961036528,-0.3592627947454454,0.20514579225484084,-0.5070892679236638,-0.10042190869904193,-1.0650282827442612,1.0,2014
220,-0.36342189215581555,0.6460052899517691,0.3333333333333332,0.5502195673516548,-0.34040434778220674,1.7873110183259933,-1.00355663788827,1.3679933063716205,-0.3882117416701868,-0.47186643826131097,-0.07474350986607758,1.1782438879705643,2.3016243277692405,0.43868473784887607,0.2553202742371174,2.025224780998661,0.3074345529359244,1.7855592275553815,0.0031651604461016484,-1.0418453649774095,1.0,1981
177,-0.36342189215581555,0.6460052899517691,0.3333333333333332,0.2811206004811162,-0.4451441470998088,-1.3051924365461227,-1.00355663788827,0.004419430154561126,-0.9643411042173914,-1.049101472127736,-0.07474350986607758,-0.800753946676639,-0.7672081092564136,-1.5589176137051606,0.08347314961036528,-0.3592627947454454,0.20514579225484084,-0.5070892679236638,-0.10042190869904193,-1.0650282827442612,6.0,1988
77,-0.36342189215581555,0.6460052899517691,0.3333333333333332,0.02338828938212286,-0.4451441470998088,-1.3051924365461227,-1.00355663788827,0.004419430154561126,-0.9643411042173914,-1.049101472127736,-0.07474350986607758,-0.800753946676639,-0.7672081092564136,-1.5589176137051606,0.08347314961036528,-0.3592627947454454,0.20514579225484084,-0.5070892679236638,-0.10042190869904193,-1.0650282827442612,3.0,2008
28,-0.36342189215581555,0.6460052899517691,0.3333333333333332,0.5388529115801095,-0.4451441470998088,-1.3051924365461227,-1.00355663788827,0.004419430154561126,-0.9643411042173914,-1.049101472127736,-0.07474350986607758,-0.800753946676639,-0.7672081092564136,-1.5589176137051606,0.08347314961036528,-0.3592627947454454,0.20514579225484084,-0.5070892679236638,-0.10042190869904193,-1.0650282827442612,1.0,2022
212,-0.36342189215581555,-1.5479749400731073,-2.9999999999999996,-1.6752658963841658,-1.2830625416406254,0.6479676421604664,0.8428508049044586,-0.3546750952562745,-0.2552588111970636,0.5704284018311183,-0.07474350986607758,-0.6825854408020356,-0.7672081092564136,0.7871969126905395,0.08347314961036528,-0.4546422977752097,0.7165895956602605,-0.9369608608259848,0.08085546230495962,-0.024331147299469325,2.0,1982
65,-0.36342189215581555,0.6460052899517691,0.3333333333333332,0.2811206004811162,-0.4451441470998088,-1.3051924365461227,-1.00355663788827,0.004419430154561126,-0.9643411042173914,-1.049101472127736,-0.07474350952973179,2.233969110784328,1.1710018509703153,1.0821281345631162,-0.12274339994173732,2.4544325446326,1.023455877703512,0.9258160417507395,0.2362360660226751,-1.0650282827442612,30.5,2012
3,-0.36342189215581555,0.6460052899517691,0.3333333333333332,1.033170267226384,2.173350835840243,0.8766351564930537,0.3812489442062764,0.678554665590796,1.513015156965209,0.40224919218185834,-0.07474350986607758,-0.48780218936038183,-0.44417311588529207,0.538589800469304,0.08347314961036528,0.7852912416117256,0.4097233136170084,-0.6503797988911042,-0.0745251414127561,1.441405437461398,20.0,2024
90,-0.36342189215581555,-1.5479749400731073,0.3333333333333332,0.06118902834330843,-0.654623745735013,0.6436682331863942,1.1505853787032467,-0.2892012723900757,0.03428312512981261,0.4429966357709854,-0.07474350986607758,-0.6592114506290372,-0.6056906125708528,-0.11419995863229557,0.08347314961036528,-0.7407808068645024,-0.3574423914911211,-0.7936703298585445,-0.462976650707045,0.493038758160411,10.0,2005
167,-0.36342189215581555,0.6460052899517691,0.3333333333333332,0.2811206004811162,-0.4451441470998088,-1.3051924365461227,-1.00355663788827,0.004419430154561126,-0.9643411042173914,-1.049101472127736,-0.07474350986607758,-0.800753946676639,-0.7672081092564136,-1.5589176137051606,0.08347314961036528,-0.3592627947454454,0.20514579225484084,-0.5070892679236638,-0.10042190869904193,-1.0650282827442612,11.0,1990
1,2.751622897751175,0.6460052899517691,0.3333333333333332,1.5319814170148969,3.0112692303810595,0.7564765354259411,-0.3880874902906939,1.4317981536549427,3.7599196724490946,0.6444460410184452,-0.07474350986607758,0.49130828788633163,-0.12113812251417055,1.3261967399962602,0.08347314961036528,0.8329809931266077,1.3303221597467638,-0.3637987369562235,0.3916166697403906,1.7236387030592843,84.0,2024
225,-0.36342189215581555,-1.5479749400731073,0.3333333333333332,-0.11221855738073198,-0.5498839464174109,0.4113807571799909,1.458319952502035,-0.5093662242808897,0.08624773435747712,0.4236997964567948,-0.07474350986607758,-0.7033623209558121,-0.44417311588529207,-0.9453184298670426,0.08347314961036528,-0.931539812924031,-1.3291856179614185,-0.6503797988911042,-0.9550152291464776,0.7686420412865997,4.0,1980
131,-0.36342189215581555,0.6460052899517691,0.3333333333333332,0.2811206004811162,-0.4451441470998088,-1.3051924365461227,-1.00355663788827,0.004419430154561126,-0.9643411042173914,-1.049101472127736,-0.07474350986607758,-0.800753946676639,-0.7672081092564136,-1.5589176137051606,0.08347314961036528,-0.3592627947454454,0.20514579225484084,-0.5070892679236638,-0.10042190869904193,-1.0650282827442612,2.0,1997
17,2.751622897751175,-1.5479749400731073,0.3333333333333332,0.07387738827433568,-0.5498839464174109,0.7720167538085427,1.1505853787032467,-0.2726989416267714,0.07269174933547429,0.2990694653785655,-0.07474350986607758,-0.29561604793795,-0.7672081092564136,0.7143212674319148,0.08347314961036528,-0.2638832917156812,0.6143008349791765,-0.9369608608259848,0.029061927732387714,0.3968935029173346,3.0,2023
114,-0.36342189215581555,0.6460052899517691,0.3333333333333332,0.2811206004811162,-0.4451441470998088,-1.3051924365461227,-1.00355663788827,0.004419430154561126,-0.9643411042173914,-1.049101472127736,-0.07474350932792431,1.522360965517486,1.494036844341437,0.08220462742645786,0.467265061276778,0.21301422343314008,-0.15286487012895303,1.3556876346530606,-0.20400897784418573,-1.0650282827442612,8.0,2000
23,2.751622897751175,0.6460052899517691,0.3333333333333332,0.24305552068803388,0.28803444812340573,0.6528476717560651,1.1505853787032467,-0.04755086299564021,0.3799607429807679,0.4043363012513564,-0.07474350986607758,0.37054267199250623,0.36341436754251166,1.1344152094490882,0.08347314961036528,0.6422219870670792,1.074600258044054,0.0660728559460975,0.2621328333089609,0.9780259743451072,36.0,2022
216,-0.36342189215581555,0.6460052899517691,-2.9999999999999996,-2.811667132706804,-0.4451441470998088,-1.3051924365461227,-1.00355663788827,0.004419430154561126,-0.9643411042173914,-1.049101472127736,-0.07474350986607758,-0.800753946676639,-0.7672081092564136,-1.5589176137051606,0.08347314961036528,-0.3592627947454454,0.20514579225484084,-0.5070892679236638,-0.10042190869904193,-1.0650282827442612,2.0,1981
100,-0.36342189215581555,0.6460052899517691,0.3333333333333332,0.2811206004811162,-0.4451441470998088,-1.3051924365461227,-1.00355663788827,0.004419430154561126,-0.9643411042173914,-1.049101472127736,-0.07474350986607758,-0.800753946676639,-0.7672081092564136,-1.5589176137051606,0.08347314961036528,-0.3592627947454454,0.20514579225484084,-0.5070892679236638,-0.10042190869904193,-1.0650282827442612,2.0,2003
144,-0.36342189215581555,0.6460052899517691,-2.9999999999999996,-0.7498086439148572,-0.4451441470998088,-1.3051924365461227,-1.00355663788827,0.004419430154561126,-0.9643411042173914,-1.049101472127736,-0.07474350986607758,-0.800753946676639,-0.7672081092564136,-1.5589176137051606,-2.706178506830577,-0.3592627947454454,0.20514579225484084,-0.9369608608259848,-0.10042190869904193,-1.0650282827442612,1.0,1994
58,-0.36342189215581555,0.6460052899517691,0.3333333333333332,0.2811206004811162,-0.4451441470998088,-1.3051924365461227,-1.00355663788827,0.004419430154561126,-0.9643411042173914,-1.049101472127736,-0.07474349641224591,-0.800753946676639,-0.7672081092564136,-1.5589176137051606,3.022058980727826,-0.3592627947454454,0.20514579225484084,-0.5070892679236638,-0.9809119964327636,-1.0650282827442612,13.0,2014
27,-0.36342189215581555,0.6460052899517691,0.3333333333333332,0.43549564630861604,0.4975140467586099,0.7441206426152789,0.22738165730688237,-0.12743559089472972,0.6360182376140519,0.30601707619572804,-0.07474350986607758,-0.29301893791872796,0.04037937417139018,0.4981948575062983,0.08347314961036528,-0.3115730432305633,0.35857893327646667,-0.22050820598878315,-0.10042190869904193,0.29557875022162433,1.0,2022
168,-0.36342189215581555,0.6460052899517691,0.3333333333333332,-0.09741547079453362,0.18329464880580362,0.6522013706570401,0.3812489442062764,0.22313853154042426,0.41836936714033907,0.5241142431289066,-0.07474350986607758,-0.7189449810711444,-0.7672081092564136,-0.303828374043129,0.08347314961036528,-0.7407808068645024,-0.5620199128532889,-0.9369608608259848,-0.5665637198521887,0.4513757502688831,5.0,1990
226,-0.36342189215581555,-1.5479749400731073,0.3333333333333332,0.006206135308856637,-0.13092474914700258,0.4570545450395647,0.8428508049044586,-0.3600925721482839,0.23223526525441188,0.4564879118686868,-0.07474350986607758,-0.6514201205713711,-0.6056906125708528,-0.016803262784686777,0.08347314961036528,-0.550021800804974,-0.25515363081003706,-0.7936703298585445,-0.4111831161344731,0.5675940053436722,4.0,1980
66,-0.36342189215581555,0.6460052899517691,0.3333333333333332,0.6321652252395399,1.1259528426642222,0.8165938124825669,0.6889835180050645,0.5064181304735144,0.8120577652648551,0.4885417671337847,-0.07474350986607758,-0.7929626166189728,-0.7672081092564136,-1.444582362058704,0.08347314961036528,-0.9792295644389131,-1.8917738017073802,-0.9369608608259848,-1.2398796692956229,1.2199007723687685,19.5,2012
191,-0.36342189215581555,-1.5479749400731073,-2.9999999999999996,-2.1360119663795967,-1.4925421402758297,0.61880808615524,0.3812489442062764,-0.8862244808955634,-0.5034376137648146,0.3523073628470956,-0.07474350986607758,-0.7514088563114201,-0.7672081092564136,-0.5792214378476155,0.08347314961036528,-0.6454013038347381,-0.9200305752370825,-0.9369608608259848,-0.7478410908561902,-0.6147611454730462,1.0,1986
67,-0.36342189215581555,0.6460052899517691,0.3333333333333332,1.0146664089936357,3.0112692303810595,0.8078129142103545,-0.08035291649190578,1.6406700016017333,2.739347658189229,0.7305149056389145,-0.07474350986607758,-0.38911200862994383,-0.2826556191997313,0.3184036987957425,0.08347314961036528,-0.2638832917156812,0.15400141191429859,-0.5070892679236638,-0.20400897784418573,2.151255202283124,48.0,2011
26,-0.36342189215581555,0.6460052899517691,0.3333333333333332,0.2811206004811162,-0.4451441470998088,-1.3051924365461227,-1.00355663788827,0.004419430154561126,-0.9643411042173914,-1.049101472127736,-0.07474350986607758,-0.800753946676639,-0.7672081092564136,-1.5589176137051606,0.08347314961036528,-0.3592627947454454,0.20514579225484084,-0.5070892679236638,-0.10042190869904193,-1.0650282827442612,5.0,2022
149,-0.36342189215581555,0.6460052899517691,0.3333333333333332,-0.17883244701862577,-0.13092474914700258,0.8327372499494742,-0.08035291649190578,0.09210758577893458,0.27022181658481537,0.4725214928134049,-0.07474350986607758,-0.6384345704752608,-0.7672081092564136,0.15313368050099707,0.08347314961036528,-0.5023320492900918,-0.050576109447869236,-0.9369608608259848,-0.3075960469893294,-0.14835678849778053,3.0,1993
98,-0.36342189215581555,0.6460052899517691,0.3333333333333332,0.2811206004811162,-0.4451441470998088,-1.3051924365461227,-1.00355663788827,0.004419430154561126,-0.9643411042173914,-1.049101472127736,-0.07474350986607758,2.2456561058708275,1.494036844341437,0.7808681261563819,0.009006062272105797,2.4544325446326,0.6654452153197182,1.0691065727181799,0.10675222959124546,-1.0650282827442612,5.0,2003
112,-0.36342189215581555,0.6460052899517691,0.3333333333333332,-0.2343440217168705,-0.4451441470998088,-1.3051924365461227,-1.00355663788827,0.004419430154561126,-0.9643411042173914,-1.049101472127736,-0.07474350853730409,1.4314621148447142,2.14010683108368,0.7953491589262945,0.3870697364509605,0.2607039749480222,0.7165895956602605,2.7885929443274637,0.3916166697403906,-1.0650282827442612,24.0,2000
72,-0.36342189215581555,0.6460052899517691,0.3333333333333332,0.5729528788947459,0.6022538460762119,0.7119343045501065,0.3812489442062764,0.418869799897974,0.6488211123666274,0.6350945748669676,-0.07474350986607758,-0.7098550960038672,-0.6056906125708528,-0.7160615919482075,0.08347314961036528,-0.7407808068645024,-1.0734637162587086,-0.7936703298585445,-0.825531392715048,0.8289111574484178,2.0,2009
207,-0.36342189215581555,0.6460052899517691,0.3333333333333332,0.2811206004811162,-0.4451441470998088,-1.3051924365461227,-1.00355663788827,0.004419430154561126,-0.9643411042173914,-1.049101472127736,-0.07474350986607758,-0.800753946676639,-0.7672081092564136,-1.5589176137051606,0.08347314961036528,-0.3592627947454454,0.20514579225484084,-0.5070892679236638,-0.10042190869904193,-1.0650282827442612,1.0,1983
82,-0.36342189215581555,0.6460052899517691,0.3333333333333332,0.2557438806190617,-0.23566454846460466,0.7685431598447449,1.1505853787032467,-0.030280981964274728,0.18791762195245934,0.425518462571746,-0.07474350986607758,-0.803351056695861,-0.7672081092564136,-1.6076159616280632,0.08347314961036528,-0.931539812924031,-2.096351323069548,-0.9369608608259848,-1.3434667384407666,0.7116826241378651,1.0,2008
136,-0.36342189215581555,0.6460052899517691,-2.9999999999999996,-0.7498086439148572,-0.4451441470998088,-1.3051924365461227,-1.00355663788827,0.004419430154561126,-0.9643411042173914,-1.049101472127736,-0.07474350986607758,1.3431603741911644,1.0094843542847547,0.40103870795717217,-0.5580894489961761,0.928360496156372,0.2562901725953826,0.6392349798158589,-0.15221544327161385,-1.0650282827442612,2.0,1996
50,-0.36342189215581555,0.6460052899517691,0.3333333333333332,-0.008332610445445553,1.2306926419818245,0.6662785179028019,-0.08035291649190578,-0.04180018598726262,1.3401763479467277,0.3036213437059735,-0.07474350986607758,-0.7098550960038672,-0.7672081092564136,-0.7722519933885855,0.08347314961036528,-0.8361603098942667,-1.1246080965992507,-0.9369608608259848,-0.8514281600013339,0.4561575062424627,6.0,2016
113,2.751622897751175,-1.5479749400731073,0.3333333333333332,-0.5520817016563475,-0.9688431436878192,0.48835086947589995,0.9967180918038527,-1.0229704036529625,-0.1001470595941186,0.08879887403483158,-0.07474350986607758,0.1718637555220193,0.20189687085695093,1.6466794514536969,-2.706178506830577,1.1191195022159004,1.6883328221305576,-0.07721767502134283,0.5469972734581063,-0.10532067546252726,11.0,2000
75,-0.36342189215581555,0.6460052899517691,0.3333333333333332,0.276891147170774,0.07855484948820156,0.7802983407743762,0.07351437040748829,-0.0013788468704397882,0.4039661330294884,0.4275368897898134,-0.07474350986607758,-0.6942724358885349,-0.6056906125708528,-0.6531283423190432,0.08347314961036528,-0.6930910553496203,-0.9711749555776246,-0.7936703298585445,-0.7737378581424761,0.06176217597391422,4.0,2008
139,-0.36342189215581555,0.6460052899517691,0.3333333333333332,0.2811206004811162,-0.4451441470998088,-1.3051924365461227,-1.00355663788827,0.004419430154561126,-0.9643411042173914,-1.049101472127736,-0.07474350986607758,2.1508615901692223,3.270729307882605,0.5023013195756536,-0.8674142733243297,1.4052580113051933,0.35857893327646667,2.6453024133600236,-0.048628374126470024,-1.0650282827442612,7.0,1995
45,-0.36342189215581555,0.6460052899517691,0.3333333333333332,0.5052816259292662,1.2306926419818245,0.7440568428244958,0.22738165730688237,0.32024256545321633,1.084118853326856,0.4666786498711654,-0.07474350986607758,-0.7643944064075303,-0.7672081092564136,-1.0680382666346662,0.08347314961036528,-1.1222988189835594,-1.4826187589830442,-0.9369608608259848,-1.0327055310053355,0.8830284419796581,40.0,2017
175,2.751622897751175,-1.5479749400731073,0.3333333333333332,-0.5605406082770326,-1.2830625416406254,0.35702817210689214,1.458319952502035,-1.0322167068821584,-0.15098200338523513,0.25929793927555733,-0.07474350986607758,0.16537098047396417,0.20189687085695093,1.381834235190261,0.08347314961036528,0.11763472040337583,1.381466540087306,-0.07721767502134283,0.41751343702667665,0.19612244503137194,21.0,1988
134,-0.36342189215581555,-1.5479749400731073,0.3333333333333332,-0.3057160463288994,-0.654623745735013,0.5994180622391589,1.1505853787032467,-0.456589705849121,0.03428312512981261,0.3250317142988582,-0.07474350986607758,-0.37352934851461156,-0.12113812251417055,0.6237423402769404,0.08347314961036528,-0.40695254626032756,0.5120120742980925,-0.3637987369562235,-0.022731606840184188,0.3698583485374367,33.5,1996
37,-0.36342189215581555,0.6460052899517691,0.3333333333333332,0.7455674421230966,1.5449120399346306,0.7808495344006845,0.8428508049044586,0.27757212555091243,0.9413175582747395,0.37351393960069684,-0.07474350986607758,-0.6436287905137049,-0.44417311588529207,-0.2910213409730037,0.08347314961036528,-0.8361603098942667,-0.5620199128532889,-0.6503797988911042,-0.5665637198521887,1.3917806239692625,10.0,2021
127,-0.36342189215581555,0.6460052899517691,0.3333333333333332,0.2811206004811162,-0.4451441470998088,-1.3051924365461227,-1.00355663788827,0.004419430154561126,-0.9643411042173914,-1.049101472127736,-0.07474350864300197,2.1508615901692223,1.0094843542847547,1.1270506687389426,-0.3003187620560479,2.4544325446326,1.074600258044054,1.0691065727181799,0.3398231351678189,-1.0650282827442612,18.0,1997
57,-0.36342189215581555,0.6460052899517691,0.3333333333333332,0.9028502371014572,2.487570233793049,0.7227761772306223,-0.23422020339129984,0.9214902754340772,2.6844781949555867,0.5719669162650923,-0.07474350986607758,-0.39950044870683205,-0.44417311588529207,1.1829126264147312,0.08347314961036528,-0.550021800804974,1.176889018725138,-0.6503797988911042,0.31392636788153283,1.4089754274108457,31.0,2014
194,-0.36342189215581555,-1.5479749400731073,0.3333333333333332,-0.5816878748287448,-0.4451441470998088,0.24105929166306106,-1.00355663788827,-1.0552283399187838,-0.9643411042173914,0.490191952285711,-0.07474350926366721,1.769086417343581,1.0094843542847547,0.46988119157976777,0.07774491212280679,1.4529477628200753,0.3074345529359244,1.0691065727181799,0.029061927732387714,-1.0650282827442612,33.0,1985
71,-0.36342189215581555,0.6460052899517691,0.3333333333333332,0.5031668992740951,0.8117334447114161,0.8788129238409843,0.6889835180050645,0.7499279155173211,0.6680254244960244,0.5935102860654241,-0.07474350986607758,-0.7059594309750341,-0.44417311588529207,-0.9014899167393345,-2.706178506830577,-0.9792295644389131,-1.2780412376208765,-0.6503797988911042,-0.9809119964327636,1.1779716335489434,7.5,2009
162,-0.36342189215581555,0.6460052899517691,0.3333333333333332,0.2980384137224863,0.18329464880580362,0.5238654281364453,0.6889835180050645,0.027672038275345437,0.37996074295836285,0.5797707865835215,-0.07474350986607758,-0.7669915164267523,-0.6056906125708528,-1.383603561184659,0.08347314961036528,-0.931539812924031,-1.8406294213668382,-0.7936703298585445,-1.213982902009337,0.7666975542293281,8.0,1991
47,-0.36342189215581555,0.6460052899517691,-2.9999999999999996,-0.34087337697112097,1.5449120399346306,0.5573380551783357,0.07351437040748829,0.2654341213118142,1.4121925183692947,0.39223691690406703,-0.07474350986607758,-0.41248599880294234,-0.7672081092564136,0.48869573419739754,0.08347314961036528,-0.3115730432305633,0.35857893327646667,-0.9369608608259848,-0.10042190869904193,0.8452441431502528,2.0,2017
142,-0.36342189215581555,0.6460052899517691,0.3333333333333332,0.2811206004811162,-0.4451441470998088,-1.3051924365461227,-1.00355663788827,0.004419430154561126,-0.9643411042173914,-1.049101472127736,-0.07474350956030867,1.826222837766466,0.36341436754251166,0.9344083750947998,-0.8559577983492132,2.5975017991772464,0.8700227366818863,0.20936338691353784,0.1844425314501032,-1.0650282827442612,22.0,1994
39,-0.36342189215581555,0.6460052899517691,0.3333333333333332,1.2961893949633054,3.5349682269690703,0.8819012637592983,-0.23422020339129984,1.5680799762502586,3.644693800001108,0.5234799049752913,-0.07474350986607758,-0.5293559496679346,-0.2826556191997313,0.15962145383488957,-2.706178506830577,-0.7884705583793845,-0.050576109447869236,-0.5070892679236638,-0.3593895815619012,1.9665569211848495,44.0,2020
147,-0.36342189215581555,0.6460052899517691,0.3333333333333332,0.2811206004811162,-0.4451441470998088,-1.3051924365461227,-1.00355663788827,0.004419430154561126,-0.9643411042173914,-1.049101472127736,-0.07474350780681763,-0.6851825508212578,-0.6056906125708528,8.521640403535526,0.5875580485155046,0.5945322355521971,9.718000535595646,1.3556876346530606,2.722325725506124,-1.0650282827442612,15.0,1993
10,2.751622897751175,0.6460052899517691,0.3333333333333332,0.9567757668083231,0.4975140467586099,0.9029635413300036,1.458319952502035,0.5696666525625451,0.4251473597042089,0.4699380921950205,-0.07474350986607758,-0.23198685246700973,-0.2826556191997313,1.2022787136307977,0.08347314961036528,-0.1208140371710348,1.176889018725138,-0.5070892679236638,0.31392636788153283,1.4362865314393,1.0,2024
116,-0.36342189215581555,0.6460052899517691,0.3333333333333332,0.2811206004811162,-0.4451441470998088,-1.3051924365461227,-1.00355663788827,0.004419430154561126,-0.9643411042173914,-1.049101472127736,-0.07474350986607758,-0.800753946676639,-0.7672081092564136,-1.5589176137051606,0.08347314961036528,-0.3592627947454454,0.20514579225484084,-0.5070892679236638,-0.10042190869904193,-1.0650282827442612,1.0,2000
