,Year,Rank,Player,Votes,Games,Games_Started,Age,Pass_QBrec,Pass_Rate,Pass_QBR,Pass_Y_per_A,Pass_AY_per_A,Pass_Y_per_C,Pass_Y_per_G,Pass_NY_per_A,Pass_ANY_per_A,Pass_Sk,Pass_4QC,Pass_GWD,Pass_Completions,Pass_Attempts,Pass_Yards,Pass_Touchdowns,Pass_Interceptions,Rush_Attempts,Rush_Yards,Rush_Touchdowns,Scrim_Receiving_Tgt,Scrim_Receiving_Y_R,Scrim_Receiving_1D,Scrim_Receiving_Succ_Pct,Scrim_Receiving_Lng,Scrim_Receiving_R_G,Scrim_Receiving_Y_G,Scrim_Receiving_Ctch_Pct,Scrim_Receiving_Y_Tgt,Rec_Receptions,Rec_Yards,Rec_Touchdowns,Scrim_Scrimmage_Touch,Scrim_Scrimmage_Y_Tch,Scrim_Scrimmage_YScm,Scrim_Scrimmage_RRTD,Def_Solo,Def_Sk,Def_Int,Scrim_Rushing_1D,Scrim_Rushing_Succ_Pct,Scrim_Rushing_Lng,Scrim_Rushing_Y_A,Scrim_Rushing_Y_G,Scrim_Rushing_A_G
0,2024,1,Josh Allen,90.0,17,17,28.0,,101.4,74.8,7.7,8.33,12.2,219.5,7.38,7.96,14.0,0.0,2.0,307,483,3731,28,6,102,531,12,0.0,,0.0,,7.0,0.0,0.4,,,0,7,1,102.0,5.3,538.0,13.0,0.0,0.0,0.0,52.0,64.7,30.0,5.2,31.2,6.0
1,2024,2,Lamar Jackson,84.0,17,17,27.0,,119.6,74.8,8.8,10.15,13.2,245.4,8.09,9.38,23.0,2.0,2.0,316,474,4172,41,4,139,915,4,0.0,,0.0,,,0.0,0.0,,,0,0,0,139.0,6.6,915.0,4.0,0.0,0.0,0.0,47.0,56.1,48.0,6.6,53.8,8.2
2,2024,3,Saquon Barkley,28.0,16,16,27.0,,,0.1,,,,0.0,-2.0,-2.0,1.0,0.0,0.0,0,0,0,0,0,345,2005,13,43.0,8.4,12.0,44.2,43.0,2.1,17.4,76.7,6.5,33,278,2,378.0,6.0,2283.0,15.0,0.0,0.0,0.0,82.0,52.5,72.0,5.8,125.3,21.6
3,2024,4,Joe Burrow,20.0,17,17,28.0,,108.5,72.1,7.5,8.24,10.7,289.3,6.63,7.28,48.0,1.0,2.0,460,652,4918,43,9,42,201,2,0.0,,0.0,,,0.0,0.0,,,0,0,0,42.0,4.8,201.0,2.0,0.0,0.0,0.0,16.0,47.6,47.0,4.8,11.8,2.5
4,2024,5,Jared Goff,11.0,17,17,30.0,,111.8,65.4,8.6,8.96,11.9,272.3,7.71,8.06,31.0,4.0,4.0,390,539,4629,37,12,35,56,0,1.0,7.0,1.0,100.0,7.0,0.1,0.4,100.0,7.0,1,7,1,36.0,1.8,63.0,1.0,0.0,0.0,0.0,9.0,34.3,10.0,1.6,3.3,2.1
5,2024,6,Patrick Mahomes,7.0,16,16,29.0,,93.5,64.6,6.8,6.8,10.0,245.5,5.98,6.02,36.0,5.0,7.0,392,581,3928,26,11,58,307,2,1.0,2.0,0.0,0.0,2.0,0.1,0.1,100.0,2.0,1,2,0,59.0,5.2,309.0,2.0,0.0,0.0,0.0,22.0,50.0,33.0,5.3,19.2,3.6
6,2024,7,Jayden Daniels,2.0,17,17,24.0,,100.1,67.7,7.4,7.63,10.8,209.9,6.32,6.5,47.0,4.0,4.0,331,480,3568,25,9,148,891,6,0.0,,0.0,,,0.0,0.0,,,0,0,0,148.0,6.0,891.0,6.0,0.0,0.0,0.0,55.0,62.8,46.0,6.0,52.4,8.7
7,2024,8,Ja'Marr Chase,1.0,17,16,24.0,,,,,,,,,,,,,0,0,0,0,0,3,32,0,175.0,13.4,75.0,62.3,70.0,7.5,100.5,72.6,9.8,127,1708,17,130.0,13.4,1740.0,17.0,0.0,0.0,0.0,2.0,100.0,14.0,10.7,1.9,0.2
8,2024,9,Justin Herbert,1.0,17,17,26.0,,101.7,61.7,7.7,8.32,11.7,227.6,6.65,7.25,41.0,1.0,2.0,332,504,3870,23,3,69,306,2,0.0,,0.0,,,0.0,0.0,,,0,0,0,69.0,4.4,306.0,2.0,0.0,0.0,0.0,23.0,46.4,41.0,4.4,18.0,4.1
9,2024,10,Sam Darnold,1.0,17,17,27.0,,102.5,57.3,7.9,8.22,12.0,254.1,6.72,6.99,48.0,3.0,5.0,361,545,4319,35,12,67,212,1,0.0,,0.0,,,0.0,0.0,,,0,0,0,67.0,3.2,212.0,1.0,0.0,0.0,0.0,23.0,41.8,19.0,3.2,12.5,3.9
10,2024,11,Baker Mayfield,1.0,17,17,29.0,,106.8,58.4,7.9,8.07,11.1,264.7,6.97,7.13,40.0,2.0,2.0,407,570,4500,41,16,60,378,3,0.0,,0.0,,,0.0,0.0,,,0,0,0,60.0,6.3,378.0,3.0,0.0,0.0,0.0,24.0,51.7,28.0,6.3,22.2,3.5
11,2023,1,Lamar Jackson,117.0,16,16,26.0,,102.7,64.7,8.0,8.41,12.0,229.9,7.0,7.34,37.0,1.0,0.0,307,457,3678,24,7,148,821,5,0.0,,0.0,,,0.0,0.0,,,0,0,0,148.0,5.5,821.0,5.0,0.0,0.0,0.0,48.0,54.1,30.0,5.5,51.3,9.3
12,2023,2,Dak Prescott,36.0,17,17,30.0,,105.9,72.7,7.7,8.19,11.0,265.6,6.77,7.28,39.0,2.0,3.0,410,590,4516,36,9,55,242,2,0.0,,0.0,,,0.0,0.0,,,0,0,0,55.0,4.4,242.0,2.0,0.0,0.0,0.0,21.0,52.7,22.0,4.4,14.2,3.2
13,2023,3,Christian McCaffrey,35.0,16,16,27.0,,,,,,,,,,,,,0,0,0,0,0,272,1459,14,83.0,8.4,31.0,55.4,41.0,4.2,35.3,80.7,6.8,67,564,7,339.0,6.0,2023.0,21.0,0.0,0.0,0.0,83.0,54.0,72.0,5.4,91.2,17.0
14,2023,4,Brock Purdy,23.0,16,16,24.0,,113.0,72.8,9.6,9.92,13.9,267.5,8.74,9.01,28.0,0.0,0.0,308,444,4280,31,11,39,144,2,0.0,,0.0,,,0.0,0.0,,,0,0,0,39.0,3.7,144.0,2.0,0.0,0.0,0.0,15.0,53.8,17.0,3.7,9.0,2.4
15,2023,5,Josh Allen,19.0,17,17,27.0,,92.2,69.6,7.4,7.04,11.2,253.3,6.89,6.51,24.0,2.0,4.0,385,579,4306,29,18,111,524,15,0.0,,0.0,,,0.0,0.0,,,0,0,0,111.0,4.7,524.0,15.0,0.0,0.0,0.0,57.0,65.8,23.0,4.7,30.8,6.5
16,2023,6,Tyreek Hill,14.0,16,16,29.0,,,,,,,,,,,,,0,0,0,0,0,6,15,0,171.0,15.1,83.0,57.9,78.0,7.4,112.4,69.6,10.5,119,1799,13,125.0,14.5,1814.0,13.0,0.0,0.0,0.0,2.0,33.3,14.0,2.5,0.9,0.4
17,2023,7,Patrick Mahomes,3.0,16,16,28.0,,92.6,63.1,7.0,6.86,10.4,261.4,6.41,6.26,27.0,1.0,2.0,401,597,4183,27,14,75,389,0,0.0,,0.0,,,0.0,0.0,,,0,0,0,75.0,5.2,389.0,0.0,0.0,0.0,0.0,27.0,50.7,25.0,5.2,24.3,4.7
18,2023,8,Matthew Stafford,1.0,15,15,35.0,,92.5,63.5,7.6,7.58,12.2,264.3,6.82,6.8,30.0,1.0,2.0,326,521,3965,24,11,21,65,0,0.0,,0.0,,,0.0,0.0,,,0,0,0,21.0,3.1,65.0,0.0,0.0,0.0,0.0,4.0,33.3,9.0,3.1,4.3,1.4
19,2023,9,C.J. Stroud,1.0,15,15,22.0,,100.8,57.5,8.2,8.7,12.9,273.9,7.03,7.47,38.0,1.0,3.0,319,499,4108,23,5,39,167,3,1.0,0.0,0.0,0.0,,0.1,0.0,100.0,0.0,1,0,0,40.0,4.2,167.0,3.0,0.0,0.0,0.0,17.0,59.0,16.0,4.3,11.1,2.6
20,2023,10,Myles Garrett,1.0,16,16,,,,,,,,,,,,,,0,0,0,0,0,0,0,0,,,,,,,,,,0,0,0,,,,,33.0,14.0,0.0,,,,,,
21,2022,1,Patrick Mahomes,117.0,17,17,27.0,,105.2,79.0,8.1,8.53,12.1,308.8,7.51,7.93,26.0,4.0,4.0,435,648,5250,41,12,61,358,4,1.0,6.0,0.0,100.0,6.0,0.1,0.4,100.0,6.0,1,6,0,62.0,5.9,364.0,4.0,1.0,0.0,0.0,25.0,59.0,20.0,5.9,21.1,3.6
22,2022,2,Jalen Hurts,46.0,15,15,24.0,,101.5,68.3,8.0,8.42,12.1,246.7,6.97,7.31,38.0,1.0,2.0,306,460,3701,22,6,165,760,13,0.0,,0.0,,,0.0,0.0,,,0,0,0,165.0,4.6,760.0,13.0,2.0,0.0,0.0,67.0,59.4,42.0,4.6,50.7,11.0
23,2022,3,Josh Allen,36.0,16,16,26.0,,96.6,73.4,7.6,7.68,11.9,267.7,6.87,6.99,33.0,3.0,4.0,359,567,4283,35,14,124,762,7,0.0,,0.0,,,0.0,0.0,,,0,0,0,124.0,6.1,762.0,7.0,3.0,0.0,0.0,55.0,61.3,44.0,6.1,47.6,7.8
24,2022,4,Joe Burrow,30.0,16,16,26.0,,100.8,60.8,7.4,7.65,10.8,279.7,6.52,6.76,41.0,3.0,4.0,414,606,4475,35,12,75,257,5,0.0,,0.0,,,0.0,0.0,,,0,0,0,75.0,3.4,257.0,5.0,0.0,0.0,0.0,28.0,49.3,23.0,3.4,16.1,4.7
25,2022,5,Justin Jefferson,13.0,17,17,23.0,,118.7,95.2,17.0,17.0,17.0,2.0,17.0,17.0,0.0,0.0,0.0,2,2,34,0,0,4,24,1,184.0,14.1,80.0,57.6,64.0,7.5,106.4,69.6,9.8,128,1809,8,132.0,13.9,1833.0,9.0,2.0,0.0,0.0,2.0,75.0,10.0,6.0,1.4,0.2
26,2022,6,Nick Bosa,5.0,16,16,,,,,,,,,,,,,,0,0,0,0,0,0,0,0,,,,,,,,,,0,0,0,,,,,41.0,18.5,0.0,,,,,,
27,2022,7,Trevor Lawrence,1.0,17,17,23.0,,95.2,56.1,7.0,7.28,10.6,241.9,6.43,6.66,27.0,3.0,2.0,387,584,4113,25,8,62,291,5,0.0,,0.0,,,0.0,0.0,,,0,0,0,62.0,4.7,291.0,5.0,2.0,0.0,0.0,27.0,59.7,24.0,4.7,17.1,3.6
28,2022,8,Micah Parsons,1.0,17,17,,,,,,,,,,,,,,0,0,0,0,0,0,0,0,,,,,,,,,,0,0,0,,,,,42.0,13.5,0.0,,,,,,
29,2022,9,A.J. Brown,1.0,17,16,25.0,,,,,,,,,,,,,0,0,0,0,0,0,0,0,145.0,17.0,59.0,51.7,78.0,5.2,88.0,60.7,10.3,88,1496,11,88.0,17.0,1496.0,11.0,2.0,0.0,0.0,0.0,,,,0.0,0.0
30,2022,10,Justin Fields,1.0,15,15,23.0,,85.2,56.3,7.1,6.56,11.7,149.5,5.05,4.63,55.0,1.0,2.0,192,318,2242,17,11,160,1143,8,0.0,,0.0,,,0.0,0.0,,,0,0,0,160.0,7.1,1143.0,8.0,0.0,0.0,0.0,65.0,56.3,67.0,7.1,76.2,10.7
31,2022,11,Derrick Henry,1.0,16,16,28.0,,118.7,45.2,2.0,12.0,2.0,0.3,2.0,12.0,0.0,0.0,0.0,2,2,4,1,0,349,1538,13,41.0,12.1,11.0,61.0,69.0,2.1,24.9,80.5,9.7,33,398,0,382.0,5.1,1936.0,13.0,0.0,0.0,0.0,65.0,46.7,56.0,4.4,96.1,21.8
32,2022,12,Justin Herbert,1.0,17,17,24.0,,93.2,60.2,6.8,6.85,9.9,278.8,6.15,6.22,38.0,4.0,5.0,477,699,4739,25,10,54,147,0,2.0,-5.0,0.0,0.0,-2.0,0.1,-0.6,100.0,-5.0,2,-10,0,56.0,2.4,137.0,0.0,1.0,0.0,0.0,17.0,40.7,23.0,2.7,8.6,3.2
33,2022,13,Tyreek Hill,1.0,17,17,28.0,,,,,,,,,,,,,0,0,0,0,0,7,32,1,170.0,14.4,77.0,56.5,64.0,7.0,100.6,70.0,10.1,119,1710,7,126.0,13.8,1742.0,8.0,4.0,0.0,0.0,3.0,57.1,10.0,4.6,1.9,0.4
34,2022,14,Geno Smith,1.0,17,17,32.0,,100.9,62.8,7.5,7.67,10.7,251.9,6.37,6.54,46.0,2.0,3.0,399,572,4282,30,11,68,366,1,0.0,,0.0,,,0.0,0.0,,,0,0,0,68.0,5.4,366.0,1.0,1.0,0.0,0.0,24.0,55.9,25.0,5.4,21.5,4.0
35,2022,15,Tua Tagovailoa,1.0,13,13,24.0,,105.5,70.6,8.9,9.22,13.7,272.9,8.04,8.37,21.0,2.0,2.0,259,400,3548,25,8,23,70,0,0.0,,0.0,,,0.0,0.0,,,0,0,0,23.0,3.0,70.0,0.0,0.0,0.0,0.0,4.0,34.8,18.0,3.0,5.4,1.8
36,2021,1,Aaron Rodgers,39.0,16,16,38.0,,111.9,74.1,7.7,8.8,11.2,257.2,7.0,8.0,30.0,1.0,2.0,366,531,4115,37,4,33,101,3,1.0,-4.0,0.0,0.0,-4.0,0.1,-0.3,100.0,-4.0,1,-4,0,34.0,2.9,97.0,3.0,0.0,0.0,0.0,10.0,36.4,18.0,3.1,6.3,2.1
37,2021,2,Tom Brady,10.0,17,17,44.0,,102.1,73.1,7.4,7.84,11.0,312.7,6.98,7.41,22.0,3.0,5.0,485,719,5316,43,12,28,81,2,0.0,,0.0,,,0.0,0.0,,,0,0,0,28.0,2.9,81.0,2.0,0.0,0.0,0.0,14.0,53.6,13.0,2.9,4.8,1.6
38,2021,3,Cooper Kupp,1.0,17,17,28.0,,39.6,12.9,0.0,0.0,,0.0,0.0,0.0,0.0,0.0,0.0,0,1,0,0,0,4,18,0,191.0,13.4,89.0,63.4,59.0,8.5,114.5,75.9,10.2,145,1947,16,149.0,13.2,1965.0,16.0,1.0,0.0,0.0,1.0,50.0,18.0,4.5,1.1,0.2
39,2020,1,Aaron Rodgers,44.0,16,16,37.0,,121.5,79.8,8.2,9.57,11.6,268.7,7.54,8.89,20.0,1.0,2.0,372,526,4299,48,5,38,149,3,1.0,-6.0,0.0,0.0,-6.0,0.1,-0.4,100.0,-6.0,1,-6,0,39.0,3.7,143.0,3.0,0.0,0.0,0.0,15.0,55.3,14.0,3.9,9.3,2.4
40,2020,2,Josh Allen,4.0,16,16,24.0,,107.2,76.6,7.9,8.45,11.5,284.0,7.33,7.82,26.0,2.0,3.0,396,572,4544,37,10,102,421,8,1.0,12.0,1.0,100.0,12.0,0.1,0.8,100.0,12.0,1,12,1,103.0,4.2,433.0,9.0,0.0,0.0,0.0,38.0,54.9,24.0,4.1,26.3,6.4
41,2020,3,Patrick Mahomes,2.0,15,15,25.0,,108.2,78.1,8.1,8.89,12.2,316.0,7.53,8.33,22.0,3.0,3.0,390,588,4740,38,6,62,308,2,2.0,,0.0,0.0,,0.0,0.0,0.0,0.0,0,0,0,62.0,5.0,308.0,2.0,0.0,0.0,0.0,22.0,53.2,24.0,5.0,20.5,4.1
42,2019,1,Lamar Jackson,50.0,15,15,22.0,,113.3,83.0,7.8,8.92,11.8,208.5,7.13,8.19,23.0,1.0,2.0,265,401,3127,36,6,176,1206,7,0.0,,0.0,,,0.0,0.0,,,0,0,0,176.0,6.9,1206.0,7.0,0.0,0.0,0.0,71.0,58.0,47.0,6.9,80.4,11.7
43,2018,1,Patrick Mahomes,41.0,16,16,23.0,,113.8,80.3,8.8,9.58,13.3,318.6,8.13,8.89,26.0,2.0,2.0,383,580,5097,50,12,60,272,2,0.0,,0.0,,,0.0,0.0,,,0,0,0,60.0,4.5,272.0,2.0,0.0,0.0,0.0,17.0,53.3,28.0,4.5,17.0,3.8
44,2018,2,Drew Brees,9.0,15,15,39.0,,115.7,79.2,8.2,9.01,11.0,266.1,7.65,8.47,17.0,6.0,7.0,364,489,3992,32,5,31,22,4,1.0,1.0,0.0,0.0,1.0,0.1,0.1,100.0,1.0,1,1,0,32.0,0.7,23.0,4.0,0.0,0.0,0.0,11.0,38.7,11.0,0.7,1.5,2.1
45,2017,1,Tom Brady,40.0,16,16,40.0,,102.8,71.1,7.9,8.36,11.9,286.1,7.1,7.56,35.0,2.0,2.0,385,581,4577,32,8,25,28,0,0.0,,0.0,,,0.0,0.0,,,0,0,0,25.0,1.1,28.0,0.0,0.0,0.0,0.0,8.0,32.0,7.0,1.1,1.8,1.6
46,2017,2,Todd Gurley,8.0,15,15,23.0,,,,,,,,,,,,,0,0,0,0,0,279,1305,13,87.0,12.3,32.0,51.7,80.0,4.3,52.5,73.6,9.1,64,788,6,343.0,6.1,2093.0,19.0,0.0,0.0,0.0,69.0,50.5,57.0,4.7,87.0,18.6
47,2017,3,Carson Wentz,2.0,13,13,25.0,,101.9,78.6,7.5,8.28,12.4,253.5,6.7,7.43,28.0,1.0,1.0,265,440,3296,33,7,64,299,0,0.0,,0.0,,,0.0,0.0,,,0,0,0,64.0,4.7,299.0,0.0,0.0,0.0,0.0,27.0,53.1,24.0,4.7,23.0,4.9
48,2016,1,Matt Ryan,25.0,16,16,31.0,,117.1,79.6,9.3,10.09,13.3,309.0,8.25,9.03,37.0,1.0,2.0,373,534,4944,38,7,35,117,0,0.0,,0.0,,,0.0,0.0,,,0,0,0,35.0,3.3,117.0,0.0,0.0,0.0,0.0,13.0,42.9,18.0,3.3,7.3,2.2
49,2016,2,Tom Brady,10.0,12,12,39.0,,112.2,79.4,8.2,9.31,12.2,296.2,7.76,8.81,15.0,1.0,1.0,291,432,3554,28,2,28,64,0,0.0,,0.0,,,0.0,0.0,,,0,0,0,28.0,2.3,64.0,0.0,0.0,0.0,0.0,11.0,42.9,15.0,2.3,5.3,2.3
50,2016,3,Derek Carr,6.0,15,15,25.0,,96.7,56.1,7.0,7.55,11.0,262.5,6.7,7.2,16.0,7.0,7.0,357,560,3937,28,6,39,70,0,0.0,,0.0,,,0.0,0.0,,,0,0,0,39.0,1.8,70.0,0.0,0.0,0.0,0.0,5.0,30.8,13.0,1.8,4.7,2.6
51,2016,4,Ezekiel Elliott,6.0,15,15,21.0,,,,,,,,,,,,,0,0,0,0,0,322,1631,15,39.0,11.3,11.0,48.7,83.0,2.1,24.2,82.1,9.3,32,363,1,354.0,5.6,1994.0,16.0,0.0,0.0,0.0,95.0,55.3,60.0,5.1,108.7,21.5
52,2016,5,Aaron Rodgers,2.0,16,16,33.0,,104.2,72.4,7.3,8.05,11.0,276.8,6.48,7.24,35.0,0.0,2.0,401,610,4428,40,7,67,369,4,0.0,,0.0,,,0.0,0.0,,,0,0,0,67.0,5.5,369.0,4.0,0.0,0.0,0.0,26.0,49.3,23.0,5.5,23.1,4.2
53,2016,6,Dak Prescott,1.0,16,16,23.0,,104.9,77.6,8.0,8.6,11.8,229.2,7.28,7.86,25.0,5.0,5.0,311,459,3667,23,4,57,282,6,0.0,,0.0,,,0.0,0.0,,,0,0,0,57.0,4.9,282.0,6.0,0.0,0.0,0.0,21.0,54.4,18.0,4.9,17.6,3.6
54,2015,1,Cam Newton,48.0,16,16,26.0,,99.4,61.4,7.8,8.26,13.0,239.8,6.73,7.2,33.0,3.0,4.0,296,495,3837,35,10,132,636,10,0.0,,0.0,,,0.0,0.0,,,0,0,0,132.0,4.8,636.0,10.0,0.0,0.0,0.0,59.0,56.1,47.0,4.8,39.8,8.3
55,2015,2,Tom Brady,1.0,16,16,38.0,,102.2,68.4,7.6,8.29,11.9,298.1,6.87,7.48,38.0,2.0,2.0,402,624,4770,36,7,34,53,3,1.0,36.0,1.0,100.0,36.0,0.1,2.3,100.0,36.0,1,36,0,35.0,2.5,89.0,3.0,0.0,0.0,0.0,14.0,41.2,13.0,1.6,3.3,2.1
56,2015,3,Carson Palmer,1.0,16,16,36.0,,104.6,76.4,8.7,9.08,13.7,291.9,8.04,8.41,25.0,1.0,4.0,342,537,4671,35,11,25,24,1,0.0,,0.0,,,0.0,0.0,,,0,0,0,25.0,1.0,24.0,1.0,0.0,0.0,0.0,5.0,16.0,12.0,1.0,1.5,1.6
57,2014,1,Aaron Rodgers,31.0,16,16,31.0,,112.2,77.8,8.4,9.45,12.8,273.8,7.68,8.65,28.0,1.0,1.0,341,520,4381,38,5,43,269,2,0.0,,0.0,,,0.0,0.0,,,0,0,0,43.0,6.3,269.0,2.0,0.0,0.0,0.0,22.0,58.1,19.0,6.3,16.8,2.7
58,2014,2,J.J. Watt,13.0,16,16,25.0,,,,,,,,,,,,,0,0,0,0,0,0,0,0,3.0,1.3,3.0,100.0,2.0,0.2,0.3,100.0,1.3,3,4,3,3.0,1.3,4.0,3.0,59.0,20.5,1.0,0.0,,,,0.0,0.0
59,2014,3,DeMarco Murray,2.0,16,16,26.0,,,,,,,,,,,,,0,0,0,0,0,392,1845,13,64.0,7.3,17.0,54.7,34.0,3.6,26.0,89.1,6.5,57,416,0,449.0,5.0,2261.0,13.0,0.0,0.0,0.0,89.0,53.1,51.0,4.7,115.3,24.5
60,2014,4,Tony Romo,2.0,15,15,34.0,,113.2,79.2,8.5,9.15,12.2,247.0,7.52,8.11,29.0,3.0,4.0,304,435,3705,34,9,26,61,0,0.0,,0.0,,,0.0,0.0,,,0,0,0,26.0,2.3,61.0,0.0,0.0,0.0,0.0,6.0,19.2,21.0,2.3,4.1,1.7
61,2014,5,Tom Brady,1.0,16,16,37.0,,97.4,77.2,7.1,7.5,11.0,256.8,6.59,7.01,21.0,2.0,2.0,373,582,4109,33,9,36,57,0,0.0,,0.0,,,0.0,0.0,,,0,0,0,36.0,1.6,57.0,0.0,0.0,0.0,0.0,11.0,36.1,17.0,1.6,3.6,2.3
62,2014,6,Bobby Wagner,1.0,11,11,,,,,,,,,,,,,,0,0,0,0,0,0,0,0,,,,,,,,,,0,0,0,,,,,67.0,2.0,0.0,,,,,,
63,2013,1,Peyton Manning,49.0,16,16,37.0,,115.1,79.0,8.3,9.3,12.2,342.3,7.91,8.87,18.0,2.0,2.0,450,659,5477,55,10,32,-31,1,0.0,,0.0,,,0.0,0.0,,,0,0,0,32.0,-1.0,-31.0,1.0,0.0,0.0,0.0,1.0,3.1,1.0,-1.0,-1.9,2.0
64,2013,2,Tom Brady,1.0,16,16,36.0,,87.3,63.1,6.9,6.92,11.4,271.4,6.12,6.13,40.0,5.0,5.0,380,628,4343,25,11,32,18,0,0.0,,0.0,,,0.0,0.0,,,0,0,0,32.0,0.6,18.0,0.0,0.0,0.0,0.0,5.0,18.8,11.0,0.6,1.1,2.0
65,2012,1,Adrian Peterson,30.5,16,16,27.0,,,,,,,,,,,,,0,0,0,0,0,348,2097,12,51.0,5.4,11.0,45.1,20.0,2.5,13.6,78.4,4.3,40,217,1,388.0,6.0,2314.0,13.0,0.0,0.0,0.0,88.0,46.8,82.0,6.0,131.1,21.8
66,2012,2,Peyton Manning,19.5,16,16,36.0,,105.8,79.6,8.0,8.41,11.6,291.2,7.49,7.89,21.0,3.0,3.0,400,583,4659,37,11,23,6,0,0.0,,0.0,,,0.0,0.0,,,0,0,0,23.0,0.3,6.0,0.0,0.0,0.0,0.0,2.0,17.4,10.0,0.3,0.4,1.4
67,2011,1,Aaron Rodgers,48.0,15,15,28.0,,122.5,83.8,9.2,10.5,13.5,309.5,8.22,9.39,36.0,0.0,1.0,343,502,4643,45,6,60,257,3,0.0,,0.0,,,0.0,0.0,,,0,0,0,60.0,4.3,257.0,3.0,0.0,0.0,0.0,18.0,38.3,25.0,4.3,17.1,4.0
68,2011,2,Drew Brees,2.0,16,16,32.0,,110.6,82.3,8.3,8.78,11.7,342.3,7.81,8.23,24.0,3.0,4.0,468,657,5476,46,14,21,86,1,0.0,,0.0,,,0.0,0.0,,,0,0,0,21.0,4.1,86.0,1.0,0.0,0.0,0.0,5.0,52.4,20.0,4.1,5.4,1.3
69,2010,1,Tom Brady,50.0,16,16,33.0,,111.0,79.1,7.9,9.02,12.0,243.8,7.21,8.25,25.0,2.0,3.0,324,492,3900,36,4,31,30,1,0.0,,0.0,,,0.0,0.0,,,0,0,0,31.0,1.0,30.0,1.0,0.0,0.0,0.0,10.0,32.3,9.0,1.0,1.9,1.9
70,2009,1,Peyton Manning,39.5,16,16,33.0,,99.9,80.7,7.9,7.78,11.5,281.3,7.62,7.51,10.0,7.0,7.0,393,571,4500,33,16,19,-13,0,0.0,,0.0,,,0.0,0.0,,,0,0,0,19.0,-0.7,-13.0,0.0,0.0,0.0,0.0,0.0,0.0,3.0,-0.7,-0.8,1.2
71,2009,2,Drew Brees,7.5,15,15,30.0,,109.6,82.0,8.5,8.9,12.1,292.5,7.96,8.31,20.0,2.0,4.0,363,514,4388,34,11,22,33,2,1.0,-4.0,0.0,0.0,-4.0,0.1,-0.3,100.0,-4.0,1,-4,0,23.0,1.3,29.0,2.0,0.0,0.0,0.0,8.0,40.9,10.0,1.5,2.2,1.5
72,2009,3,Philip Rivers,2.0,16,16,28.0,,104.4,77.2,8.8,9.07,13.4,265.9,8.0,8.3,25.0,2.0,4.0,317,486,4254,28,9,26,50,1,0.0,,0.0,,,0.0,0.0,,,0,0,0,26.0,1.9,50.0,1.0,0.0,0.0,0.0,5.0,23.1,15.0,1.9,3.1,1.6
73,2009,4,Brett Favre,1.0,16,16,40.0,,107.2,74.4,7.9,8.56,11.6,262.6,7.0,7.61,34.0,2.0,2.0,363,531,4202,33,7,9,7,0,1.0,-2.0,0.0,0.0,-2.0,0.1,-0.1,100.0,-2.0,1,-2,0,10.0,0.5,5.0,0.0,0.0,0.0,0.0,1.0,11.1,4.0,0.8,0.4,0.6
74,2008,1,Peyton Manning,32.0,16,16,32.0,,95.0,76.5,7.2,7.21,10.8,250.1,6.88,6.88,14.0,4.0,6.0,371,555,4002,27,12,20,21,1,0.0,,0.0,,,0.0,0.0,,,0,0,0,20.0,1.1,21.0,1.0,0.0,0.0,0.0,4.0,25.0,12.0,1.1,1.3,1.3
75,2008,2,Chad Pennington,4.0,16,16,32.0,,97.4,65.7,7.7,7.81,11.4,228.3,7.06,7.19,24.0,1.0,2.0,321,476,3653,19,7,30,62,1,0.0,,0.0,,,0.0,0.0,,,0,0,0,30.0,2.1,62.0,1.0,0.0,0.0,0.0,6.0,26.7,16.0,2.1,3.9,1.9
76,2008,3,Michael Turner,4.0,16,16,26.0,,,,,,,,,,,,,0,0,0,0,0,376,1699,17,9.0,6.8,2.0,44.4,18.0,0.4,2.6,66.7,4.6,6,41,0,382.0,4.6,1740.0,17.0,0.0,0.0,0.0,85.0,46.5,70.0,4.5,106.2,23.5
77,2008,4,James Harrison,3.0,15,15,,,,,,,,,,,,,,0,0,0,0,0,0,0,0,,,,,,,,,,0,0,0,,,,,67.0,16.0,1.0,,,,,,
78,2008,5,Adrian Peterson,3.0,16,15,23.0,,,,,,,,,,,,,0,0,0,0,0,363,1760,10,39.0,6.0,4.0,25.6,16.0,1.3,7.8,53.8,3.2,21,125,0,384.0,4.9,1885.0,10.0,0.0,0.0,0.0,82.0,45.5,67.0,4.8,110.0,22.7
79,2008,5,Adrian Peterson,3.0,16,15,29.0,,,,,,,,,,,,,0,0,0,0,0,363,1760,10,10.0,7.5,1.0,20.0,19.0,0.4,3.0,60.0,4.5,21,125,0,26.0,5.6,145.0,0.0,0.0,0.0,0.0,4.0,45.0,16.0,5.0,6.7,1.3
80,2008,6,Philip Rivers,2.0,16,16,27.0,,105.5,63.2,8.4,8.77,12.8,250.6,7.67,8.04,25.0,3.0,4.0,312,478,4009,34,11,31,84,0,0.0,,0.0,,,0.0,0.0,,,0,0,0,31.0,2.7,84.0,0.0,0.0,0.0,0.0,12.0,58.1,11.0,2.7,5.3,1.9
81,2008,7,Chris Johnson,1.0,15,14,23.0,,,,,,,,,,,,,0,0,0,0,0,251,1228,9,62.0,6.0,11.0,37.1,25.0,2.9,17.3,69.4,4.2,43,260,1,294.0,5.1,1488.0,10.0,0.0,0.0,0.0,54.0,42.6,66.0,4.9,81.9,16.7
82,2008,8,Kurt Warner,1.0,16,16,37.0,,96.9,68.5,7.7,7.61,11.4,286.4,7.05,7.0,26.0,1.0,1.0,401,598,4583,30,14,18,-2,0,0.0,,0.0,,,0.0,0.0,,,0,0,0,18.0,-0.1,-2.0,0.0,0.0,0.0,0.0,1.0,5.6,11.0,-0.1,-0.1,1.1
83,2007,1,Tom Brady,49.0,16,16,30.0,,117.2,87.0,8.3,9.42,12.1,300.4,7.81,8.88,21.0,4.0,4.0,398,578,4806,50,8,37,98,2,0.0,,0.0,,,0.0,0.0,,,0,0,0,37.0,2.6,98.0,2.0,0.0,0.0,0.0,14.0,48.6,19.0,2.6,6.1,2.3
84,2007,2,Brett Favre,1.0,16,16,38.0,,95.7,70.8,7.8,7.55,11.7,259.7,7.39,7.18,15.0,2.0,4.0,356,535,4155,28,15,29,12,0,0.0,,0.0,,,0.0,0.0,,,0,0,0,29.0,0.4,12.0,0.0,,0.0,0.0,4.0,13.8,21.0,0.4,0.8,1.8
85,2006,1,LaDainian Tomlinson,44.0,16,16,27.0,,125.0,99.7,6.7,20.0,10.0,1.3,6.67,20.0,0.0,0.0,0.0,2,3,20,2,0,348,1815,28,80.0,9.1,23.0,48.8,51.0,3.5,31.8,70.0,6.4,56,508,3,404.0,5.8,2323.0,31.0,,0.0,0.0,83.0,47.7,85.0,5.2,113.4,21.8
86,2006,2,Drew Brees,4.0,16,16,27.0,,96.2,66.7,8.0,8.02,12.4,276.1,7.54,7.58,18.0,1.0,2.0,356,554,4418,26,11,42,32,0,0.0,,0.0,,,0.0,0.0,,,0,0,0,42.0,0.8,32.0,0.0,0.0,0.0,0.0,5.0,11.9,16.0,0.8,2.0,2.6
87,2006,3,Peyton Manning,2.0,16,16,30.0,,101.0,86.4,7.9,8.28,12.1,274.8,7.55,7.93,14.0,3.0,3.0,362,557,4397,31,9,23,36,4,0.0,,0.0,,,0.0,0.0,,,0,0,0,23.0,1.6,36.0,4.0,,0.0,0.0,7.0,30.4,12.0,1.6,2.3,1.4
88,2005,1,Shaun Alexander,19.0,16,16,28.0,,,,,,,,,,,,,0,0,0,0,0,370,1880,27,29.0,5.2,3.0,34.5,9.0,0.9,4.9,51.7,2.7,15,78,1,385.0,5.1,1958.0,28.0,,0.0,0.0,109.0,52.7,88.0,5.1,117.5,23.1
89,2005,2,Peyton Manning,13.0,16,16,29.0,,104.1,,8.3,8.51,12.3,234.2,7.8,8.03,17.0,1.0,1.0,305,453,3747,28,10,33,45,0,0.0,,0.0,,,0.0,0.0,,,0,0,0,33.0,1.4,45.0,0.0,0.0,0.0,0.0,6.0,21.2,12.0,1.4,2.8,2.1
90,2005,3,Tom Brady,10.0,16,16,28.0,,92.3,,7.8,7.55,12.3,256.9,7.05,6.86,26.0,3.0,4.0,334,530,4110,26,14,27,89,1,0.0,,0.0,,,0.0,0.0,,,0,0,0,27.0,3.3,89.0,1.0,,0.0,0.0,15.0,63.0,15.0,3.3,5.6,1.7
91,2005,4,Tiki Barber,6.0,16,16,30.0,,39.6,,0.0,0.0,,0.0,0.0,0.0,0.0,0.0,0.0,0,1,0,0,0,357,1860,9,70.0,9.8,22.0,55.7,48.0,3.4,33.1,77.1,7.6,54,530,2,411.0,5.8,2390.0,11.0,0.0,0.0,0.0,74.0,47.9,95.0,5.2,116.3,22.3
92,2005,5,Carson Palmer,2.0,16,16,26.0,,101.1,,7.5,7.73,11.1,239.8,7.07,7.26,19.0,1.0,3.0,345,509,3836,32,12,34,41,1,0.0,,0.0,,,0.0,0.0,,,0,0,0,34.0,1.2,41.0,1.0,0.0,0.0,0.0,6.0,29.4,14.0,1.2,2.6,2.1
93,2004,1,Peyton Manning,47.0,16,16,28.0,,121.1,,9.2,10.24,13.6,284.8,8.74,9.78,13.0,2.0,4.0,336,497,4557,49,10,25,38,0,0.0,,0.0,,,0.0,0.0,,,0,0,0,25.0,1.5,38.0,0.0,0.0,0.0,0.0,4.0,20.0,19.0,1.5,2.4,1.6
94,2004,2,Michael Vick,1.0,15,15,24.0,,78.1,,7.2,6.4,12.8,154.2,5.58,4.87,46.0,3.0,4.0,181,321,2313,14,12,120,902,3,0.0,,0.0,,,0.0,0.0,,,0,0,0,120.0,7.5,902.0,3.0,0.0,0.0,0.0,52.0,58.3,58.0,7.5,60.1,8.0
95,2003,1,Peyton Manning,16.0,16,16,27.0,,99.0,,7.5,7.77,11.3,266.7,7.12,7.35,18.0,3.0,4.0,379,566,4267,29,10,28,26,0,1.0,-2.0,0.0,0.0,-2.0,0.1,-0.1,100.0,-2.0,1,-2,0,29.0,0.8,24.0,0.0,0.0,0.0,0.0,3.0,14.3,10.0,0.9,1.6,1.8
96,2003,2,Steve McNair,16.0,14,14,30.0,,100.4,,8.0,8.45,12.9,229.6,7.42,7.81,19.0,1.0,1.0,250,400,3215,24,7,38,138,4,1.0,4.0,0.0,100.0,4.0,0.1,0.3,100.0,4.0,1,4,0,39.0,3.6,142.0,4.0,0.0,0.0,0.0,9.0,36.8,23.0,3.6,9.9,2.7
97,2003,3,Tom Brady,8.0,16,16,26.0,,85.9,,6.9,6.72,11.4,226.3,6.08,5.94,32.0,3.0,5.0,317,527,3620,23,12,42,63,1,0.0,,0.0,,,0.0,0.0,,,0,0,0,42.0,1.5,63.0,1.0,0.0,0.0,0.0,11.0,28.6,11.0,1.5,3.9,2.6
98,2003,4,Jamal Lewis,5.0,16,16,24.0,,,,,,,,,,,,,0,0,0,0,0,387,2066,14,38.0,7.9,10.0,47.4,26.0,1.6,12.8,68.4,5.4,26,205,0,413.0,5.5,2271.0,14.0,0.0,0.0,0.0,85.0,45.2,82.0,5.3,129.1,24.2
99,2003,5,Priest Holmes,3.0,16,16,30.0,,39.6,,0.0,0.0,,0.0,0.0,0.0,0.0,0.0,0.0,0,1,0,0,0,320,1420,27,90.0,9.3,35.0,56.7,36.0,4.6,43.1,82.2,7.7,74,690,0,394.0,5.4,2110.0,27.0,,0.0,0.0,90.0,57.5,31.0,4.4,88.8,20.0
100,2003,6,Ray Lewis,2.0,16,16,,,,,,,,,,,,,,0,0,0,0,0,0,0,0,,,,,,,,,,0,0,0,,,,,121.0,1.5,6.0,,,,,,
101,2002,1,Rich Gannon,19.0,16,16,37.0,,97.3,,7.6,7.7,11.2,293.1,6.84,6.95,36.0,1.0,1.0,418,618,4689,26,10,50,156,3,0.0,,0.0,,,0.0,0.0,,,0,0,0,50.0,3.1,156.0,3.0,0.0,0.0,0.0,11.0,36.0,24.0,3.1,9.8,3.1
102,2002,2,Brett Favre,15.0,16,16,33.0,,85.6,,6.6,6.31,10.7,228.6,6.01,5.7,26.0,3.0,3.0,341,551,3658,27,16,25,73,0,0.0,,0.0,,,0.0,0.0,,,0,0,0,25.0,2.9,73.0,0.0,0.0,0.0,0.0,6.0,28.0,17.0,2.9,4.6,1.6
103,2002,3,Steve McNair,11.0,16,16,29.0,,84.0,,6.9,6.41,11.3,211.7,6.37,5.91,21.0,3.0,3.0,301,492,3387,22,15,82,440,3,0.0,,0.0,,,0.0,0.0,,,0,0,0,82.0,5.4,440.0,3.0,0.0,0.0,0.0,29.0,48.8,26.0,5.4,27.5,5.1
104,2002,4,Derrick Brooks,1.0,16,16,,,,,,,,,,,,,,0,0,0,0,0,0,0,0,,,,,,,,,,0,0,0,,,,,88.0,1.0,5.0,,,,,,
105,2002,5,Priest Holmes,1.0,14,14,29.0,,39.6,,0.0,0.0,,0.0,0.0,0.0,0.0,0.0,0.0,0,1,0,0,0,313,1615,21,81.0,9.6,31.0,56.8,64.0,5.0,48.0,86.4,8.3,70,672,3,383.0,6.0,2287.0,24.0,,0.0,0.0,105.0,54.3,56.0,5.2,115.4,22.4
106,2002,6,Michael Vick,1.0,15,15,22.0,,81.6,,7.0,6.88,12.7,195.7,6.01,5.93,33.0,2.0,2.0,231,421,2936,16,8,113,777,8,1.0,,0.0,0.0,16.0,0.0,1.1,0.0,16.0,0,16,0,113.0,7.0,793.0,8.0,0.0,0.0,0.0,45.0,53.1,46.0,6.9,51.8,7.5
107,2001,1,Kurt Warner,21.5,16,16,30.0,,101.4,,8.8,8.35,12.9,301.9,7.87,7.41,38.0,1.0,2.0,375,546,4830,36,22,28,60,0,0.0,,0.0,,,0.0,0.0,,,0,0,0,28.0,2.1,60.0,0.0,0.0,0.0,0.0,3.0,21.4,23.0,2.1,3.8,1.8
108,2001,2,Marshall Faulk,17.5,14,14,28.0,,39.6,,0.0,0.0,,0.0,0.0,0.0,0.0,0.0,0.0,0,1,0,0,0,260,1382,12,104.0,9.2,40.0,62.5,65.0,5.9,54.6,79.8,7.4,83,765,9,343.0,6.3,2147.0,21.0,0.0,0.0,0.0,70.0,54.6,71.0,5.3,98.7,18.6
109,2001,3,Brett Favre,5.0,16,16,32.0,,94.1,,7.7,7.62,12.5,245.1,7.09,7.02,22.0,1.0,2.0,314,510,3921,32,15,38,56,1,0.0,,0.0,,,0.0,0.0,,,0,0,0,38.0,1.5,56.0,1.0,,0.0,0.0,6.0,21.1,14.0,1.5,3.5,2.4
110,2001,4,Kordell Stewart,4.0,16,16,29.0,,81.7,,7.0,6.55,11.7,194.3,6.23,5.77,29.0,1.0,1.0,266,442,3109,14,11,96,537,5,0.0,,0.0,,,0.0,0.0,,,0,0,0,96.0,5.6,537.0,5.0,0.0,0.0,0.0,32.0,53.1,48.0,5.6,33.6,6.0
111,2001,5,Brian Urlacher,2.0,16,16,23.0,,,,,,,,,,,,,0,0,0,0,0,0,0,0,1.0,27.0,1.0,100.0,27.0,0.1,1.7,100.0,27.0,1,27,1,1.0,27.0,27.0,1.0,91.0,6.0,3.0,0.0,,,,0.0,0.0
112,2000,1,Marshall Faulk,24.0,14,14,27.0,,,,,,,,,,,,,0,0,0,0,0,253,1359,18,113.0,10.2,42.0,54.0,72.0,5.8,59.3,71.7,7.3,81,830,8,334.0,6.6,2189.0,26.0,0.0,0.0,0.0,78.0,55.7,36.0,5.4,97.1,18.1
113,2000,2,Donovan McNabb,11.0,16,16,24.0,,77.8,,5.9,5.62,10.2,210.3,5.05,4.79,45.0,2.0,3.0,330,569,3365,21,13,86,629,6,4.0,2.5,0.0,0.0,3.0,0.1,0.3,50.0,1.3,2,5,0,88.0,7.2,634.0,6.0,0.0,0.0,0.0,32.0,58.1,54.0,7.3,39.3,5.4
114,2000,3,Eddie George,8.0,16,16,27.0,,,,,,,,,,,,,0,0,0,0,0,403,1509,14,65.0,9.1,23.0,55.4,24.0,3.1,28.3,76.9,7.0,50,453,2,453.0,4.3,1962.0,16.0,0.0,0.0,0.0,78.0,41.4,35.0,3.7,94.3,25.2
115,2000,4,Rich Gannon,5.0,16,16,35.0,,92.4,,7.3,7.39,12.1,214.4,6.6,6.73,28.0,3.0,4.0,284,473,3430,28,11,89,529,4,0.0,,0.0,,,0.0,0.0,,,0,0,0,89.0,5.9,529.0,4.0,0.0,0.0,0.0,35.0,58.4,23.0,5.9,33.1,5.6
116,2000,5,Ray Lewis,1.0,16,16,,,,,,,,,,,,,,0,0,0,0,0,0,0,0,,,,,,,,,,0,0,0,,,,,108.0,3.0,2.0,,,,,,
117,2000,6,Peyton Manning,1.0,16,16,24.0,,94.7,,7.7,7.7,12.4,275.8,7.25,7.22,20.0,2.0,3.0,357,571,4413,33,15,37,116,1,0.0,,0.0,,,0.0,0.0,,,0,0,0,37.0,3.1,116.0,1.0,,0.0,0.0,11.0,35.1,14.0,3.1,7.3,2.3
118,1999,1,Kurt Warner,33.0,16,16,28.0,,109.2,,8.7,9.19,13.4,272.1,7.86,8.31,29.0,0.0,0.0,325,499,4353,41,13,23,92,1,0.0,,0.0,,,0.0,0.0,,,0,0,0,23.0,4.0,92.0,1.0,0.0,0.0,0.0,10.0,34.8,22.0,4.0,5.8,1.4
119,1999,2,Marshall Faulk,8.0,16,16,26.0,,39.6,,0.0,0.0,,0.0,0.0,0.0,0.0,0.0,0.0,0,1,0,0,0,253,1381,7,103.0,12.0,40.0,58.3,57.0,5.4,65.5,84.5,10.2,87,1048,5,340.0,7.1,2429.0,12.0,0.0,0.0,0.0,70.0,48.2,58.0,5.5,86.3,15.8
120,1999,3,Peyton Manning,8.0,16,16,23.0,,90.7,,7.8,7.47,12.5,258.4,7.35,7.06,14.0,6.0,7.0,331,533,4135,26,15,35,73,2,0.0,,0.0,,,0.0,0.0,,,0,0,0,35.0,2.1,73.0,2.0,0.0,0.0,0.0,15.0,34.3,13.0,2.1,4.6,2.2
121,1999,4,Edgerrin James,1.0,16,16,21.0,,,,,,,,,,,,,0,0,0,0,0,369,1553,13,82.0,9.5,23.0,45.1,54.0,3.9,36.6,75.6,7.1,62,586,4,431.0,5.0,2139.0,17.0,0.0,0.0,0.0,86.0,42.3,72.0,4.2,97.1,23.1
122,1998,1,Terrell Davis,25.0,16,16,26.0,,,,,,,,,,,,,0,0,0,0,0,392,2008,21,38.0,8.7,12.0,47.4,35.0,1.6,13.6,65.8,5.7,25,217,2,417.0,5.3,2225.0,23.0,0.0,0.0,0.0,101.0,50.3,70.0,5.1,125.5,24.5
123,1998,2,Randall Cunningham,14.0,15,14,35.0,,106.0,,8.7,9.26,14.3,246.9,8.03,8.54,20.0,0.0,1.0,259,425,3704,34,10,32,132,1,1.0,-3.0,0.0,0.0,-3.0,0.1,-0.2,100.0,-3.0,1,-3,0,33.0,3.9,129.0,1.0,0.0,0.0,0.0,11.0,50.0,22.0,4.1,8.8,2.1
124,1998,3,Jamal Anderson,4.0,16,16,26.0,,39.6,,0.0,0.0,,0.0,0.0,0.0,0.0,0.0,0.0,0,2,0,0,0,410,1846,14,46.0,11.8,13.0,45.7,27.0,1.7,19.9,58.7,6.9,27,319,2,437.0,5.0,2165.0,16.0,0.0,0.0,0.0,94.0,48.5,48.0,4.5,115.4,25.6
125,1998,4,Randy Moss,4.0,16,11,21.0,,,,,,,,,,,,,0,0,0,0,0,1,4,0,124.0,19.0,51.0,50.8,61.0,4.3,82.1,55.6,10.6,69,1313,17,70.0,18.8,1317.0,17.0,0.0,0.0,0.0,0.0,100.0,4.0,4.0,0.3,0.1
126,1997,1,Brett Favre,18.0,16,16,28.0,,92.6,,7.5,7.5,12.7,241.7,6.86,6.82,25.0,0.0,0.0,304,513,3867,35,16,58,187,1,0.0,,0.0,,,0.0,0.0,,,0,0,0,58.0,3.2,187.0,1.0,0.0,0.0,0.0,17.0,37.9,16.0,3.2,11.7,3.6
127,1997,2,Barry Sanders,18.0,16,16,29.0,,,,,,,,,,,,,0,0,0,0,0,335,2053,11,50.0,9.2,12.0,42.0,66.0,2.1,19.1,66.0,6.1,33,305,3,368.0,6.4,2358.0,14.0,0.0,0.0,0.0,86.0,45.1,82.0,6.1,128.3,20.9
128,1997,3,Terrell Davis,4.0,15,15,25.0,,,,,,,,,,,,,0,0,0,0,0,369,1750,15,58.0,6.8,11.0,37.9,25.0,2.8,19.1,72.4,4.9,42,287,0,411.0,5.0,2037.0,15.0,0.0,0.0,0.0,99.0,54.2,50.0,4.7,116.7,24.6
129,1997,4,Steve Young,3.0,15,15,36.0,,104.7,,8.5,8.82,12.6,201.9,7.18,7.47,35.0,1.0,1.0,241,356,3029,19,6,50,199,3,0.0,,0.0,,,0.0,0.0,,,0,0,0,50.0,4.0,199.0,3.0,0.0,0.0,0.0,17.0,36.0,13.0,4.0,13.3,3.3
130,1997,5,Jerome Bettis,2.0,15,15,25.0,,,,,,,,,,,,,0,0,0,0,0,375,1665,7,24.0,7.3,5.0,33.3,19.0,1.0,7.3,62.5,4.6,15,110,2,390.0,4.6,1775.0,9.0,0.0,0.0,0.0,94.0,51.7,34.0,4.4,111.0,25.0
131,1997,6,Dana Stubblefield,2.0,16,16,,,,,,,,,,,,,,0,0,0,0,0,0,0,0,,,,,,,,,,0,0,0,,,,,48.0,15.0,0.0,,,,,,
132,1997,7,Carnell Lake,1.0,16,16,,,,,,,,,,,,,,0,0,0,0,0,0,0,0,,,,,,,,,,0,0,0,,,,,43.0,6.0,3.0,,,,,,
133,1996,1,Brett Favre,52.0,16,16,27.0,,95.8,,7.2,7.54,12.0,243.7,6.27,6.61,40.0,1.0,1.0,325,543,3899,39,13,49,136,2,0.0,,0.0,,,0.0,0.0,,,0,0,0,49.0,2.8,136.0,2.0,0.0,0.0,0.0,19.0,46.9,23.0,2.8,8.5,3.1
134,1996,2,John Elway,33.5,15,15,36.0,,89.2,,7.1,6.91,11.6,221.9,6.37,6.15,26.0,4.0,4.0,287,466,3328,26,14,50,249,4,0.0,,0.0,,,0.0,0.0,,,0,0,0,50.0,5.0,249.0,4.0,0.0,0.0,0.0,20.0,44.0,22.0,5.0,16.6,3.3
135,1996,3,Terrell Davis,5.5,16,16,24.0,,,,,,,,,,,,,0,0,0,0,0,345,1538,13,52.0,8.6,16.0,51.9,23.0,2.3,19.4,69.2,6.0,36,310,2,381.0,4.9,1848.0,15.0,0.0,0.0,0.0,91.0,44.6,71.0,4.5,96.1,21.6
136,1996,4,Jerome Bettis,2.0,16,12,24.0,,,,,,,,,,,,,0,0,0,0,0,320,1431,11,32.0,5.5,6.0,37.5,16.0,1.4,7.6,68.8,3.8,22,122,0,342.0,4.5,1553.0,11.0,0.0,0.0,0.0,77.0,51.3,50.0,4.5,89.4,20.0
137,1995,1,Brett Favre,69.0,16,16,26.0,,99.5,,7.7,8.05,12.3,275.8,6.96,7.25,33.0,0.0,1.0,359,570,4413,38,13,39,181,3,0.0,,0.0,,,0.0,0.0,,,0,0,0,39.0,4.6,181.0,3.0,0.0,0.0,0.0,17.0,51.3,40.0,4.6,11.3,2.4
138,1995,2,Jerry Rice,10.0,16,16,33.0,,158.3,,41.0,61.0,41.0,2.6,41.0,61.0,0.0,0.0,0.0,1,1,41,1,0,5,36,1,176.0,15.1,74.0,58.5,81.0,7.6,115.5,69.3,10.5,122,1848,15,127.0,14.8,1884.0,16.0,0.0,0.0,0.0,3.0,60.0,20.0,7.2,2.3,0.3
139,1995,3,Emmitt Smith,7.0,16,16,26.0,,,,,,,,,,,,,0,0,0,0,0,377,1773,25,78.0,6.0,14.0,32.1,40.0,3.9,23.4,79.5,4.8,62,375,0,439.0,4.9,2148.0,25.0,0.0,0.0,0.0,107.0,51.2,60.0,4.7,110.8,23.6
140,1995,4,Jim Harbaugh,2.0,15,12,32.0,,100.7,,8.2,8.57,12.9,171.7,6.73,7.06,36.0,3.0,4.0,200,314,2575,17,5,52,235,2,1.0,-9.0,0.0,0.0,-9.0,0.1,-0.6,100.0,-9.0,1,-9,0,53.0,4.3,226.0,2.0,0.0,0.0,0.0,16.0,42.3,21.0,4.5,15.7,3.5
141,1994,1,Steve Young,74.0,16,16,33.0,,112.8,,8.6,9.15,12.3,248.1,7.74,8.24,31.0,1.0,1.0,324,461,3969,35,10,58,293,7,0.0,,0.0,,,0.0,0.0,,,0,0,0,58.0,5.1,293.0,7.0,0.0,0.0,0.0,28.0,60.3,27.0,5.1,18.3,3.6
142,1994,2,Barry Sanders,22.0,16,16,26.0,,,,,,,,,,,,,0,0,0,0,0,331,1883,7,65.0,6.4,16.0,32.3,22.0,2.8,17.7,67.7,4.4,44,283,1,375.0,5.8,2166.0,8.0,0.0,0.0,0.0,76.0,44.7,85.0,5.7,117.7,20.7
143,1994,3,Jerry Rice,1.0,16,16,32.0,,,,,,,,,,,,,0,0,0,0,0,7,93,2,151.0,13.4,75.0,62.3,69.0,7.0,93.7,74.2,9.9,112,1499,13,119.0,13.4,1592.0,15.0,0.0,0.0,0.0,4.0,57.1,28.0,13.3,5.8,0.4
144,1994,4,Deion Sanders,1.0,14,12,27.0,,,,,,,,,,,,,0,0,0,0,0,0,0,0,1.0,,0.0,0.0,,0.0,0.0,0.0,0.0,0,0,0,0.0,,0.0,0.0,34.0,0.0,6.0,0.0,,,,0.0,0.0
145,1993,1,Emmitt Smith,26.0,14,13,24.0,,,,,,,,,,,,,0,0,0,0,0,283,1486,9,65.0,7.3,13.0,43.1,86.0,4.1,29.6,87.7,6.4,57,414,1,340.0,5.6,1900.0,10.0,,0.0,0.0,74.0,57.6,62.0,5.3,106.1,20.2
146,1993,2,Steve Young,21.0,16,16,32.0,,101.5,,8.7,8.4,12.8,251.4,7.84,7.55,31.0,0.0,0.0,314,462,4023,29,16,69,407,2,2.0,1.0,0.0,50.0,6.0,0.1,0.1,100.0,1.0,2,2,0,71.0,5.8,409.0,2.0,,0.0,0.0,28.0,55.1,35.0,5.9,25.4,4.3
147,1993,3,Jerry Rice,15.0,16,16,31.0,,,,,,,,,,,,,0,0,0,0,0,3,69,1,153.0,15.3,72.0,57.5,80.0,6.1,93.9,64.1,9.8,98,1503,15,101.0,15.6,1572.0,16.0,,0.0,0.0,2.0,100.0,43.0,23.0,4.3,0.2
148,1993,4,John Elway,10.0,16,16,33.0,,92.8,,7.3,7.4,11.6,251.9,6.33,6.42,39.0,1.0,1.0,348,551,4030,25,10,44,153,0,0.0,,0.0,,,0.0,0.0,,,0,0,0,44.0,3.5,153.0,0.0,,0.0,0.0,11.0,34.1,18.0,3.5,9.6,2.8
149,1993,5,Troy Aikman,3.0,14,14,27.0,,99.0,,7.9,7.98,11.4,221.4,7.05,7.12,26.0,0.0,1.0,271,392,3100,15,6,32,125,0,0.0,,0.0,,,0.0,0.0,,,0,0,0,32.0,3.9,125.0,0.0,,0.0,0.0,6.0,40.6,20.0,3.9,8.9,2.3
150,1993,6,Marcus Allen,2.0,16,10,33.0,,,,,,,,,,,,,0,0,0,0,0,206,764,12,46.0,7.0,17.0,47.8,18.0,2.1,14.9,73.9,5.2,34,238,3,240.0,4.2,1002.0,15.0,,0.0,0.0,55.0,47.1,39.0,3.7,47.8,12.9
151,1993,7,Warren Moon,2.0,15,14,37.0,,75.2,,6.7,5.69,11.5,232.3,5.9,4.95,34.0,1.0,1.0,303,520,3485,21,21,48,145,1,0.0,,0.0,,,0.0,0.0,,,0,0,0,48.0,3.0,145.0,1.0,,0.0,0.0,12.0,35.4,35.0,3.0,9.7,3.2
152,1993,8,Sterling Sharpe,1.0,16,16,28.0,,79.2,,1.0,1.0,1.0,0.1,1.0,1.0,0.0,0.0,0.0,1,1,1,0,0,4,8,0,189.0,11.4,68.0,51.3,54.0,7.0,79.6,59.3,6.7,112,1274,11,116.0,11.1,1282.0,11.0,,0.0,0.0,0.0,50.0,5.0,2.0,0.5,0.3
153,1993,9,Phil Simms,1.0,16,16,38.0,,88.3,,7.6,7.33,12.3,189.9,6.46,6.22,37.0,3.0,3.0,247,400,3038,15,9,28,31,0,1.0,-6.0,0.0,0.0,-6.0,0.1,-0.4,100.0,-6.0,1,-6,0,29.0,0.9,25.0,0.0,,0.0,0.0,6.0,25.0,9.0,1.1,1.9,1.8
154,1992,1,Steve Young,56.0,16,16,31.0,,107.0,,8.6,9.08,12.9,216.6,7.69,8.12,29.0,3.0,5.0,268,402,3465,25,7,76,537,4,0.0,,0.0,,,0.0,0.0,,,0,0,0,76.0,7.1,537.0,4.0,,0.0,0.0,33.0,52.6,39.0,7.1,33.6,4.8
155,1992,2,Barry Foster,11.0,16,15,24.0,,39.6,,0.0,0.0,,0.0,0.0,0.0,0.0,0.0,0.0,0,1,0,0,0,390,1690,11,50.0,9.6,12.0,46.0,42.0,2.3,21.5,72.0,6.9,36,344,0,426.0,4.8,2034.0,11.0,,0.0,0.0,86.0,49.0,69.0,4.3,105.6,24.4
156,1992,3,Emmitt Smith,10.0,16,16,23.0,,,,,,,,,,,,,0,0,0,0,0,373,1713,18,74.0,5.7,12.0,37.8,26.0,3.7,20.9,79.7,4.5,59,335,1,432.0,4.7,2048.0,19.0,,0.0,0.0,91.0,50.4,68.0,4.6,107.1,23.3
157,1992,4,Sterling Sharpe,2.0,16,16,27.0,,,,,,,,,,,,,0,0,0,0,0,4,8,0,162.0,13.5,69.0,56.2,76.0,6.8,91.3,66.7,9.0,108,1461,13,112.0,13.1,1469.0,13.0,,0.0,0.0,1.0,25.0,14.0,2.0,0.5,0.3
158,1992,5,Cortez Kennedy,1.0,16,16,,,,,,,,,,,,,,0,0,0,0,0,0,0,0,,,,,,,,,,0,0,0,,,,,,14.0,0.0,,,,,,
159,1991,1,Thurman Thomas,39.0,15,15,25.0,,,,,,,,,,,,,0,0,0,0,0,288,1407,7,73.0,10.2,30.0,69.9,50.0,4.1,42.1,84.9,8.6,62,631,5,350.0,5.8,2038.0,12.0,,0.0,0.0,62.0,52.1,33.0,4.9,93.8,19.2
160,1991,2,Jim Kelly,18.0,15,15,31.0,,97.6,,8.1,7.89,12.6,256.3,7.16,6.95,31.0,3.0,4.0,304,474,3844,33,17,20,45,1,0.0,,0.0,,,0.0,0.0,,,0,0,0,20.0,2.3,45.0,1.0,,0.0,0.0,5.0,40.0,12.0,2.3,3.0,1.3
161,1991,3,Barry Sanders,16.0,15,15,23.0,,,,,,,,,,,,,0,0,0,0,0,342,1548,16,52.0,7.5,18.0,50.0,34.0,2.7,20.5,78.8,5.9,41,307,1,383.0,4.8,1855.0,17.0,,0.0,0.0,91.0,52.6,69.0,4.5,103.2,22.8
162,1991,4,Mark Rypien,8.0,16,16,29.0,,97.9,,8.5,8.62,14.3,222.8,8.19,8.34,7.0,2.0,5.0,249,421,3564,28,11,15,6,1,0.0,,0.0,,,0.0,0.0,,,0,0,0,15.0,0.4,6.0,1.0,,0.0,0.0,2.0,13.3,11.0,0.4,0.4,0.9
163,1991,5,Seth Joyner,1.0,16,16,,,,,,,,,,,,,,0,0,0,0,0,0,0,0,,,,,,,,,,0,0,0,,,,,,6.5,3.0,,,,,,
164,1990,1,Joe Montana,26.0,15,15,34.0,,89.0,,7.6,7.2,12.3,262.9,6.91,6.54,29.0,3.0,5.0,321,520,3944,26,16,40,162,1,0.0,,0.0,,,0.0,0.0,,,0,0,0,40.0,4.1,162.0,1.0,,0.0,0.0,11.0,47.5,20.0,4.1,10.8,2.7
165,1990,2,Randall Cunningham,18.0,16,16,27.0,,91.6,,7.5,7.49,12.8,216.6,5.9,5.93,49.0,3.0,3.0,271,465,3466,30,13,118,942,5,0.0,,0.0,,,0.0,0.0,,,0,0,0,118.0,8.0,942.0,5.0,,0.0,0.0,52.0,66.1,52.0,8.0,58.9,7.4
166,1990,3,Warren Moon,16.0,15,15,34.0,,96.8,,8.0,8.16,13.0,312.6,7.16,7.28,36.0,1.0,1.0,362,584,4689,33,13,55,215,2,0.0,,0.0,,,0.0,0.0,,,0,0,0,55.0,3.9,215.0,2.0,,0.0,0.0,20.0,52.7,17.0,3.9,14.3,3.7
167,1990,4,Bruce Smith,11.0,16,16,,,,,,,,,,,,,,0,0,0,0,0,0,0,0,,,,,,,,,,0,0,0,,,,,,19.0,0.0,,,,,,
168,1990,5,Jim Kelly,5.0,14,14,30.0,,101.2,,8.2,8.39,12.9,202.1,7.3,7.5,20.0,1.0,1.0,219,346,2829,24,9,22,63,0,0.0,,0.0,,,0.0,0.0,,,0,0,0,22.0,2.9,63.0,0.0,,0.0,0.0,4.0,22.7,15.0,2.9,4.5,1.6
169,1990,6,Steve DeBerg,3.0,16,16,36.0,,96.3,,7.8,8.39,13.3,215.3,6.98,7.58,22.0,2.0,3.0,258,444,3444,23,4,21,-5,0,0.0,,0.0,,,0.0,0.0,,,0,0,0,21.0,-0.2,-5.0,0.0,,0.0,0.0,1.0,4.8,6.0,-0.2,-0.3,1.3
170,1990,7,Jerry Rice,1.0,16,16,28.0,,,,,,,,,,,,,0,0,0,0,0,2,0,0,176.0,15.0,73.0,52.3,64.0,6.3,93.9,56.8,8.5,100,1502,13,102.0,14.7,1502.0,13.0,,0.0,0.0,1.0,50.0,,0.0,0.0,0.1
171,1989,1,Joe Montana,62.0,13,13,33.0,,112.4,,9.1,9.54,13.0,270.8,7.93,8.31,33.0,4.0,5.0,271,386,3521,26,8,49,227,3,0.0,,0.0,,,0.0,0.0,,,0,0,0,49.0,4.6,227.0,3.0,,0.0,0.0,21.0,46.9,19.0,4.6,17.5,3.8
172,1989,2,Don Majkowski,6.0,16,16,25.0,,82.3,,7.2,6.61,12.2,269.9,6.27,5.71,47.0,5.0,7.0,353,599,4318,27,20,75,358,5,0.0,,0.0,,,0.0,0.0,,,0,0,0,75.0,4.8,358.0,5.0,,0.0,0.0,22.0,48.0,20.0,4.8,22.4,4.7
173,1989,3,Keith Millard,2.0,16,16,,,,,,,,,,,,,,0,0,0,0,0,0,0,0,,,,,,,,,,0,0,0,,,,,,18.0,1.0,,,,,,
174,1988,1,Boomer Esiason,31.0,16,16,27.0,,97.4,,9.2,9.03,16.0,223.3,7.96,7.79,30.0,3.0,4.0,223,388,3572,28,14,43,248,1,0.0,,0.0,,,0.0,0.0,,,0,0,0,43.0,5.8,248.0,1.0,,0.0,0.0,13.0,62.8,24.0,5.8,15.5,2.7
175,1988,2,Randall Cunningham,21.0,16,16,25.0,,77.6,,6.8,6.37,12.7,238.0,5.46,5.07,57.0,3.0,3.0,301,560,3808,24,16,93,624,6,0.0,,0.0,,,0.0,0.0,,,0,0,0,93.0,6.7,624.0,6.0,,0.0,0.0,42.0,59.1,33.0,6.7,39.0,5.8
176,1988,3,Roger Craig,17.0,16,15,28.0,,,,,,,,,,,,,0,0,0,0,0,310,1502,9,111.0,7.0,29.0,42.3,22.0,4.8,33.4,68.5,4.8,76,534,1,386.0,5.3,2036.0,10.0,,0.0,0.0,79.0,53.9,46.0,4.8,93.9,19.4
177,1988,4,Mike Singletary,6.0,16,16,,,,,,,,,,,,,,0,0,0,0,0,0,0,0,,,,,,,,,,0,0,0,,,,,,1.0,1.0,,,,,,
178,1988,5,Keith Millard,1.0,15,15,,,,,,,,,,,,,,0,0,0,0,0,0,0,0,,,,,,,,,,0,0,0,,,,,,8.0,0.0,,,,,,
179,1988,6,Warren Moon,1.0,11,11,32.0,,88.4,,7.9,7.85,14.5,211.5,7.21,7.15,12.0,1.0,1.0,160,294,2327,17,8,33,88,5,0.0,,0.0,,,0.0,0.0,,,0,0,0,33.0,2.7,88.0,5.0,,0.0,0.0,11.0,45.5,14.0,2.7,8.0,3.0
180,1988,7,Herschel Walker,1.0,16,16,26.0,,,,,,,,,,,,,0,0,0,0,0,361,1514,5,83.0,9.5,17.0,39.8,50.0,3.3,31.6,63.9,6.1,53,505,2,414.0,4.9,2019.0,7.0,,0.0,0.0,77.0,47.4,38.0,4.2,94.6,22.6
181,1987,1,John Elway,36.0,12,12,27.0,,83.4,,7.8,7.41,14.3,266.5,7.12,6.74,20.0,3.0,2.0,224,410,3198,19,12,66,304,4,1.0,,0.0,0.0,,0.0,0.0,0.0,0.0,0,0,0,66.0,4.6,304.0,4.0,,0.0,0.0,28.0,51.5,29.0,4.6,25.3,5.5
182,1987,2,Jerry Rice,30.0,12,12,25.0,,,,,,,,,,,,,0,0,0,0,0,8,51,1,112.0,16.6,54.0,55.4,57.0,5.4,89.8,58.0,9.6,65,1078,22,73.0,15.5,1129.0,23.0,,0.0,0.0,5.0,75.0,17.0,6.4,4.3,0.7
183,1987,3,Joe Montana,18.0,13,11,31.0,,102.1,,7.7,7.76,11.5,234.9,6.9,6.98,22.0,3.0,3.0,266,398,3054,31,13,35,141,1,0.0,,0.0,,,0.0,0.0,,,0,0,0,35.0,4.0,141.0,1.0,,0.0,0.0,10.0,51.4,20.0,4.0,10.8,2.7
184,1986,1,Lawrence Taylor,41.0,16,16,,,,,,,,,,,,,,0,0,0,0,0,0,0,0,,,,,,,,,,0,0,0,,,,,,20.5,0.0,,,,,,
185,1986,2,Eric Dickerson,17.0,16,16,26.0,,158.3,,15.0,35.0,15.0,0.9,15.0,35.0,0.0,0.0,0.0,1,1,15,1,0,404,1821,11,46.0,7.9,7.0,30.4,28.0,1.6,12.8,56.5,4.5,26,205,0,430.0,4.7,2026.0,11.0,,0.0,0.0,98.0,52.5,42.0,4.5,113.8,25.3
186,1986,3,Dan Marino,9.0,16,16,25.0,,92.5,,7.6,7.37,12.6,296.6,7.23,6.99,17.0,1.0,2.0,378,623,4746,44,23,12,-3,0,0.0,,0.0,,,0.0,0.0,,,0,0,0,12.0,-0.3,-3.0,0.0,,0.0,0.0,1.0,16.7,13.0,-0.3,-0.2,0.8
187,1986,4,Joe Morris,5.0,15,15,26.0,,,,,,,,,,,,,0,0,0,0,0,341,1516,14,36.0,11.1,12.0,50.0,23.0,1.4,15.5,58.3,6.5,21,233,1,362.0,4.8,1749.0,15.0,,0.0,0.0,75.0,45.2,54.0,4.4,101.1,22.7
188,1986,5,John Elway,3.0,16,16,26.0,,79.0,,6.9,6.51,12.4,217.8,6.07,5.68,32.0,1.0,1.0,280,504,3485,19,13,52,257,1,1.0,23.0,1.0,100.0,23.0,0.1,1.4,100.0,23.0,1,23,1,53.0,5.3,280.0,2.0,,0.0,0.0,21.0,53.8,24.0,4.9,16.1,3.3
189,1986,6,Mark Bavaro,1.0,16,15,23.0,,,,,,,,,,,,,0,0,0,0,0,0,0,0,102.0,15.2,48.0,61.8,41.0,4.1,62.6,64.7,9.8,66,1001,4,66.0,15.2,1001.0,4.0,,0.0,0.0,0.0,,,,0.0,0.0
190,1986,7,Tony Eason,1.0,15,14,27.0,,89.2,,7.4,7.27,12.1,221.9,6.09,5.95,43.0,2.0,2.0,276,448,3328,19,10,35,170,0,0.0,,0.0,,,0.0,0.0,,,0,0,0,35.0,4.9,170.0,0.0,,0.0,0.0,11.0,40.0,26.0,4.9,11.3,2.3
191,1986,8,Joe Montana,1.0,8,8,30.0,,80.7,,7.3,6.49,11.7,279.5,6.71,5.94,12.0,1.0,1.0,191,307,2236,8,9,17,38,0,0.0,,0.0,,,0.0,0.0,,,0,0,0,17.0,2.2,38.0,0.0,,0.0,0.0,4.0,47.1,17.0,2.2,4.8,2.1
192,1986,9,Walter Payton,1.0,16,16,33.0,,0.0,,0.0,-11.25,,0.0,0.0,-11.25,0.0,0.0,0.0,0,4,0,0,1,321,1333,8,53.0,10.3,13.0,45.3,57.0,2.3,23.9,69.8,7.2,37,382,3,358.0,4.8,1715.0,11.0,,0.0,0.0,77.0,52.0,41.0,4.2,83.3,20.1
193,1986,10,Jerry Rice,1.0,16,15,24.0,,77.1,,8.0,8.0,16.0,1.0,8.0,8.0,0.0,0.0,0.0,1,2,16,0,0,10,72,1,152.0,18.3,69.0,49.3,66.0,5.4,98.1,56.6,10.3,86,1570,15,96.0,17.1,1642.0,16.0,,0.0,0.0,5.0,80.0,18.0,7.2,4.5,0.6
194,1985,1,Marcus Allen,33.0,16,16,25.0,,77.1,,8.0,8.0,16.0,1.0,8.0,8.0,0.0,0.0,0.0,1,2,16,0,0,380,1759,11,109.0,8.3,30.0,48.6,44.0,4.2,34.7,61.5,5.1,67,555,3,447.0,5.2,2314.0,14.0,,0.0,0.0,84.0,53.2,61.0,4.6,109.9,23.8
195,1985,2,Walter Payton,25.0,16,16,32.0,,143.7,,19.2,23.2,32.0,6.0,19.2,23.2,0.0,0.0,0.0,3,5,96,1,0,324,1551,9,62.0,9.9,18.0,54.8,65.0,3.1,30.2,79.0,7.8,49,483,2,373.0,5.5,2034.0,11.0,,0.0,0.0,81.0,54.3,40.0,4.8,96.9,20.3
196,1985,3,Roger Craig,,16,16,25.0,,,,,,,,,,,,,0,0,0,0,0,214,1050,9,117.0,11.0,44.0,55.6,73.0,5.8,63.5,78.6,8.7,92,1016,6,306.0,6.8,2066.0,15.0,,0.0,0.0,55.0,55.6,62.0,4.9,65.6,13.4
197,1985,4,Dan Marino,,16,16,24.0,,84.1,,7.3,6.69,12.3,258.6,6.8,6.21,18.0,3.0,5.0,336,567,4137,30,21,26,-24,0,0.0,,0.0,,,0.0,0.0,,,0,0,0,26.0,-0.9,-24.0,0.0,,0.0,0.0,0.0,3.8,6.0,-0.9,-1.5,1.6
198,1984,1,Dan Marino,52.0,16,16,23.0,,108.9,,9.0,9.36,14.0,317.8,8.6,8.94,13.0,2.0,3.0,362,564,5084,48,17,28,-7,0,0.0,,0.0,,,0.0,0.0,,,0,0,0,28.0,-0.3,-7.0,0.0,,0.0,0.0,2.0,10.7,10.0,-0.3,-0.4,1.8
199,1984,2,Eric Dickerson,18.0,16,16,24.0,,0.0,,0.0,-45.0,,0.0,0.0,-45.0,0.0,0.0,0.0,0,1,0,0,1,379,2105,14,32.0,6.6,7.0,34.4,19.0,1.3,8.7,65.6,4.3,21,139,0,400.0,5.6,2244.0,14.0,,0.0,0.0,95.0,51.5,66.0,5.6,131.6,23.7
200,1984,3,Walter Payton,,16,16,31.0,,57.8,,5.9,5.25,15.7,2.9,5.88,5.25,0.0,0.0,0.0,3,8,47,2,1,381,1684,11,63.0,8.2,11.0,42.9,31.0,2.8,23.0,71.4,5.8,45,368,0,426.0,4.8,2052.0,11.0,,0.0,0.0,82.0,48.6,72.0,4.4,105.3,23.8
201,1983,1,Joe Theismann,58.0,16,16,34.0,,97.0,,8.1,8.28,13.5,232.1,7.04,7.22,34.0,2.0,4.0,276,459,3714,29,11,37,234,1,0.0,,0.0,,,0.0,0.0,,,0,0,0,37.0,6.3,234.0,1.0,,0.0,0.0,15.0,48.6,22.0,6.3,14.6,2.3
202,1983,2,Eric Dickerson,18.0,16,16,23.0,,,,,,,,,,,,,0,0,0,0,0,390,1808,18,63.0,7.9,15.0,50.8,37.0,3.2,25.3,81.0,6.4,51,404,2,441.0,5.0,2212.0,20.0,,0.0,0.0,116.0,51.0,85.0,4.6,113.0,24.4
203,1983,3,Dan Marino,3.0,11,9,22.0,,96.0,,7.5,7.91,12.8,200.9,6.96,7.39,10.0,1.0,2.0,173,296,2210,20,6,28,45,2,0.0,,0.0,,,0.0,0.0,,,0,0,0,28.0,1.6,45.0,2.0,,0.0,0.0,5.0,21.4,15.0,1.6,4.1,2.5
204,1983,4,John Riggins,2.0,15,15,34.0,,39.6,,0.0,0.0,,0.0,0.0,0.0,0.0,0.0,0.0,0,1,0,0,0,375,1347,24,8.0,5.8,1.0,50.0,14.0,0.3,1.9,62.5,3.6,5,29,0,380.0,3.6,1376.0,24.0,,0.0,0.0,98.0,53.9,44.0,3.6,89.8,25.0
205,1983,5,Lynn Dickey,1.0,16,16,34.0,,87.3,,9.2,7.84,15.4,278.6,7.92,6.65,40.0,3.0,4.0,289,484,4458,32,29,21,12,3,0.0,,0.0,,,0.0,0.0,,,0,0,0,21.0,0.6,12.0,3.0,,0.0,0.0,5.0,28.6,4.0,0.6,0.8,1.3
206,1983,6,Joe Montana,1.0,16,16,27.0,,94.6,,7.6,7.55,11.8,244.4,6.73,6.69,33.0,2.0,1.0,332,515,3910,26,12,61,284,2,0.0,,0.0,,,0.0,0.0,,,0,0,0,61.0,4.7,284.0,2.0,,0.0,0.0,26.0,65.6,18.0,4.7,17.8,3.8
207,1983,7,Randy White,1.0,16,16,,,,,,,,,,,,,,0,0,0,0,0,0,0,0,,,,,,,,,,0,0,0,,,,,,12.5,0.0,,,,,,
208,1982,1,Mark Moseley,35.0,9,0,,,,,,,,,,,,,,0,0,0,0,0,0,0,0,,,,,,,,,,0,0,0,,,,,,0.0,0.0,,,,,,
209,1982,2,Dan Fouts,33.0,9,9,31.0,,93.3,,8.7,8.27,14.1,320.3,8.15,7.7,12.0,1.0,2.0,204,330,2883,17,11,9,8,1,0.0,,0.0,,,0.0,0.0,,,0,0,0,9.0,0.9,8.0,1.0,,0.0,0.0,1.0,33.3,9.0,0.9,0.9,1.0
210,1982,3,Marcus Allen,6.0,9,9,22.0,,76.0,,11.8,11.75,47.0,5.2,11.75,11.75,0.0,0.0,0.0,1,4,47,0,0,160,697,11,54.0,10.6,18.0,51.9,51.0,4.2,44.6,70.4,7.4,38,401,3,198.0,5.5,1098.0,14.0,,0.0,0.0,40.0,45.0,53.0,4.4,77.4,17.8
211,1982,4,Joe Theismann,3.0,9,9,33.0,,91.3,,8.1,7.49,12.6,225.9,6.42,5.9,30.0,2.0,2.0,161,252,2033,13,9,31,150,0,0.0,,0.0,,,0.0,0.0,,,0,0,0,31.0,4.8,150.0,0.0,,0.0,0.0,5.0,41.9,16.0,4.8,16.7,3.4
212,1982,5,Danny White,2.0,9,9,30.0,,91.1,,8.4,7.53,13.3,231.0,6.67,5.86,25.0,0.0,0.0,156,247,2079,16,12,17,91,0,0.0,,0.0,,,0.0,0.0,,,0,0,0,17.0,5.4,91.0,0.0,,0.0,0.0,6.0,35.3,21.0,5.4,10.1,1.9
213,1981,1,Ken Anderson,46.0,16,16,32.0,,98.4,,7.8,8.11,12.5,234.6,7.17,7.43,25.0,2.0,2.0,300,479,3754,29,10,46,320,1,0.0,,0.0,,,0.0,0.0,,,0,0,0,46.0,7.0,320.0,1.0,,0.0,0.0,18.0,58.7,25.0,7.0,20.0,2.9
214,1981,2,Joe Montana,15.0,16,16,25.0,,88.4,,7.3,6.98,11.5,222.8,6.56,6.25,26.0,2.0,2.0,311,488,3565,19,12,25,95,2,0.0,,0.0,,,0.0,0.0,,,0,0,0,25.0,3.8,95.0,2.0,,0.0,0.0,7.0,36.0,20.0,3.8,5.9,1.6
215,1981,3,Tony Dorsett,14.0,16,16,27.0,,,,,,,,,,,,,0,0,0,0,0,342,1646,4,43.0,10.2,9.0,44.2,73.0,2.0,20.3,74.4,7.6,32,325,2,374.0,5.3,1971.0,6.0,,0.0,0.0,71.0,48.2,75.0,4.8,102.9,21.4
216,1981,4,Fred Dean,2.0,14,4,,,,,,,,,,,,,,0,0,0,0,0,0,0,0,,,,,,,,,,0,0,0,,,,,,13.0,0.0,,,,,,
217,1981,5,Craig Morton,2.0,15,15,38.0,,90.5,,8.5,7.94,14.2,213.0,6.51,6.03,54.0,2.0,2.0,225,376,3195,21,14,8,18,0,0.0,,0.0,,,0.0,0.0,,,0,0,0,8.0,2.3,18.0,0.0,,0.0,0.0,0.0,12.5,5.0,2.3,1.2,0.5
218,1981,6,Dan Fouts,1.0,16,16,30.0,,90.6,,7.9,7.71,13.3,300.1,7.43,7.27,19.0,3.0,3.0,360,609,4802,33,17,22,56,0,0.0,,0.0,,,0.0,0.0,,,0,0,0,22.0,2.5,56.0,0.0,,0.0,0.0,4.0,40.9,13.0,2.5,3.5,1.4
219,1981,7,Ronnie Lott,1.0,16,16,,,,,,,,,,,,,,0,0,0,0,0,0,0,0,,,,,,,,,,0,0,0,,,,,,0.0,7.0,,,,,,
220,1981,8,Chuck Muncie,1.0,15,14,28.0,,118.7,,3.0,23.0,3.0,0.2,3.0,23.0,0.0,0.0,0.0,1,1,3,1,0,251,1144,19,60.0,8.4,17.0,51.7,32.0,2.9,24.1,71.7,6.0,43,362,0,294.0,5.1,1506.0,19.0,,0.0,0.0,72.0,54.6,73.0,4.6,76.3,16.7
221,1981,9,George Rogers,1.0,16,16,23.0,,,,,,,,,,,,,0,0,0,0,0,378,1674,13,25.0,7.9,6.0,36.0,25.0,1.0,7.9,64.0,5.0,16,126,0,394.0,4.6,1800.0,13.0,,0.0,0.0,91.0,48.1,79.0,4.4,104.6,23.6
222,1981,10,Kellen Winslow,1.0,16,16,24.0,,39.6,,0.0,0.0,,0.0,0.0,0.0,0.0,0.0,0.0,0,2,0,0,0,0,0,0,140.0,12.2,57.0,56.4,67.0,5.5,67.2,62.9,7.7,88,1075,10,88.0,12.2,1075.0,10.0,,0.0,0.0,0.0,,,,0.0,0.0
223,1980,1,Brian Sipe,47.0,16,16,31.0,,91.4,,7.5,7.4,12.3,258.3,6.79,6.73,23.0,3.0,4.0,337,554,4132,30,14,20,55,1,0.0,,0.0,,,0.0,0.0,,,0,0,0,20.0,2.8,55.0,1.0,,0.0,0.0,5.0,35.0,24.0,2.8,3.4,1.3
224,1980,2,Earl Campbell,22.0,15,15,25.0,,135.4,,28.5,38.5,57.0,3.8,28.5,38.5,0.0,0.0,0.0,1,2,57,1,0,373,1934,13,20.0,4.3,3.0,30.0,10.0,0.7,3.1,55.0,2.4,11,47,0,384.0,5.2,1981.0,13.0,,0.0,0.0,113.0,57.6,55.0,5.2,128.9,24.9
225,1980,3,Steve Bartkowski,4.0,16,16,28.0,,88.2,,7.7,7.44,13.8,221.5,6.47,6.27,35.0,3.0,4.0,257,463,3544,31,16,25,35,2,0.0,,0.0,,,0.0,0.0,,,0,0,0,25.0,1.4,35.0,2.0,,0.0,0.0,9.0,36.0,11.0,1.4,2.2,1.6
226,1980,4,Ron Jaworski,4.0,16,16,29.0,,91.0,,7.8,7.82,13.7,220.6,6.94,6.94,27.0,2.0,3.0,257,451,3529,27,12,27,95,1,0.0,,0.0,,,0.0,0.0,,,0,0,0,27.0,3.5,95.0,1.0,,0.0,0.0,10.0,51.9,19.0,3.5,5.9,1.7
227,1980,5,Dan Fouts,3.0,16,16,29.0,,84.7,,8.0,7.19,13.5,294.7,7.25,6.48,32.0,1.0,2.0,348,589,4715,30,24,23,15,2,0.0,,0.0,,,0.0,0.0,,,0,0,0,23.0,0.7,15.0,2.0,,0.0,0.0,7.0,34.8,9.0,0.7,0.9,1.4
