,Year,Rank,Player,Team,Position,Votes,G,GS,Pass_Cmp,Pass_Att,Pass_Yds,Pass_TD,Pass_Int,Rush_Att,Rush_Yds,Rush_TD,Rec_Rec,Rec_Yds,Rec_TD,PFR_Pass_Tm,PFR_Pass_Age,PFR_Pass_Position,PFR_Pass_G,PFR_Pass_GS,PFR_Pass_QBrec,PFR_Pass_Cmp,PFR_Pass_Att,PFR_Pass_Yds,PFR_Pass_TD,PFR_Pass_Int,PFR_Pass_Rate,PFR_Pass_QBR,PFR_Pass_Y/A,PFR_Pass_AY/A,PFR_Pass_Y/C,PFR_Pass_Y/G,PFR_Pass_NY/A,PFR_Pass_ANY/A,PFR_Pass_Sk,PFR_Pass_4QC,PFR_Pass_GWD,PFR_Scrim_Unnamed:_2_level_0_Age,PFR_Scrim_Scrimmage_Touch,PFR_Scrim_Scrimmage_Y_Tch,PFR_Scrim_Scrimmage_YScm,PFR_Scrim_Scrimmage_RRTD,PFR_Scrim_Unnamed:_4_level_0_Pos,PFR_Scrim_Unnamed:_5_level_0_G,PFR_Scrim_Unnamed:_6_level_0_GS,PFR_Scrim_Receiving_Tgt,PFR_Scrim_Receiving_Rec,PFR_Scrim_Receiving_Yds,PFR_Scrim_Receiving_Y_R,PFR_Scrim_Receiving_TD,PFR_Scrim_Receiving_1D,PFR_Scrim_Receiving_Succ%,PFR_Scrim_Receiving_Lng,PFR_Scrim_Receiving_R_G,PFR_Scrim_Receiving_Y_G,PFR_Scrim_Receiving_Ctch%,PFR_Scrim_Receiving_Y_Tgt,PFR_Scrim_Rushing_Att,PFR_Scrim_Rushing_Yds,PFR_Scrim_Rushing_TD,PFR_Scrim_Rushing_1D,PFR_Scrim_Rushing_Succ%,PFR_Scrim_Rushing_Lng,PFR_Scrim_Rushing_Y_A,PFR_Scrim_Rushing_Y_G,PFR_Scrim_Rushing_A_G
0,2024,1,Saquon Barkley,Philadelphia Eagles,RB,94,16,16,0,0,0,0,0,345,2005,13,33,278,2,PHI,27,RB,16,16,,0,0,0,0,0,,0.1,,,,0,-2,-2,1,0,0,27,378,6,2283,15,RB,16,16,43,33,278,8.4,2,12,44.2,43,2.1,17.4,76.7,6.5,345,2005,13,82,52.5,72,5.8,125.3,21.6
1,2024,2,Lamar Jackson,Baltimore Ravens,QB,43,17,17,316,474,4172,41,4,139,915,4,0,0,0,BAL,27,QB,17,17,12/5/2000,316,474,4172,41,4,119.6,74.8,8.8,10.15,13.2,245.4,8.09,9.38,23,2,2,27,139,6.6,915,4,QB,17,17,0,0,0,,0,0,,,0,0,,,139,915,4,47,56.1,48,6.6,53.8,8.2
2,2024,3,Ja'Marr Chase,Cincinnati Bengals,WR,40,17,16,0,0,0,0,0,3,32,0,127,1708,17,,,,,,,,,,,,,,,,,,,,,,,24,130,13.4,1740,17,WR,17,16,175,127,1708,13.4,17,75,62.3,70,7.5,100.5,72.6,9.8,3,32,0,2,100,14,10.7,1.9,0.2
3,2024,4,Derrick Henry,Baltimore Ravens,RB,21,17,17,0,0,0,0,0,325,1921,16,19,193,2,,,,,,,,,,,,,,,,,,,,,,,30,344,6.1,2114,18,RB,17,17,22,19,193,10.2,2,11,68.2,27,1.1,11.4,86.4,8.8,325,1921,16,94,58.8,87,5.9,113,19.1
4,2024,5,Joe Burrow,Cincinnati Bengals,QB,19,17,17,460,652,4918,43,9,42,201,2,0,0,0,CIN,28,QB,17,17,9/8/2000,460,652,4918,43,9,108.5,72.1,7.5,8.24,10.7,289.3,6.63,7.28,48,1,2,28,42,4.8,201,2,QB,17,17,0,0,0,,0,0,,,0,0,,,42,201,2,16,47.6,47,4.8,11.8,2.5
5,2024,6,Josh Allen,Buffalo Bills,QB,11,17,17,307,483,3731,28,6,102,531,12,0,7,1,BUF,28,QB,17,17,13-4-0,307,483,3731,28,6,101.4,74.8,7.7,8.33,12.2,219.5,7.38,7.96,14,0,2,28,102,5.3,538,13,QB,17,17,0,0,7,,1,0,,7,0,0.4,,,102,531,12,52,64.7,30,5.2,31.2,6
6,2024,7,Justin Jefferson,Minnesota Vikings,WR,6,17,17,1,1,22,0,0,1,3,0,103,1533,10,MIN,25,WR,17,17,,1,1,22,0,0,118.7,23.7,22,22,22,1.3,22,22,0,0,0,25,104,14.8,1536,10,WR,17,17,154,103,1533,14.9,10,62,57.1,97,6.1,90.2,66.9,10,1,3,0,0,0,3,3,0.2,0.1
7,2024,8,Jahmyr Gibbs,Detroit Lions,RB,5,17,4,0,0,0,0,0,250,1412,16,52,517,4,,,,,,,,,,,,,,,,,,,,,,,22,302,6.4,1929,20,RB,17,4,63,52,517,9.9,4,25,55.6,54,3.1,30.4,82.5,8.2,250,1412,16,70,53.6,70,5.6,83.1,14.7
8,2024,9,Jared Goff,Detroit Lions,QB,1,17,17,390,539,4629,37,12,35,56,0,1,7,1,DET,30,QB,17,17,15-2-0,390,539,4629,37,12,111.8,65.4,8.6,8.96,11.9,272.3,7.71,8.06,31,4,4,30,36,1.8,63,1,QB,17,17,1,1,7,7,1,1,100,7,0.1,0.4,100,7,35,56,0,9,34.3,10,1.6,3.3,2.1
9,2024,10,Joe Thuney,Kansas City Chiefs,G,1,17,17,0,0,0,0,0,0,0,0,0,0,0,,,,,,,,,,,,,,,,,,,,,,,,,,,,,,,,,,,,,,,,,,,,,,,,,,,
10,2024,11,Kyren Williams,Los Angeles Rams,RB,1,16,16,0,0,0,0,0,316,1299,14,34,182,2,,,,,,,,,,,,,,,,,,,,,,,24,350,4.2,1481,16,RB,16,16,40,34,182,5.4,2,6,45,26,2.1,11.4,85,4.6,316,1299,14,85,50.9,30,4.1,81.2,19.8
11,2024,12,Amon-Ra St. Brown,Detroit Lions,WR,1,17,17,1,1,7,1,0,2,6,0,115,1263,12,DET,25,WR,17,17,,1,1,7,1,0,135.4,99.5,7,27,7,0.4,7,27,0,0,0,25,117,10.8,1269,12,WR,17,17,141,115,1263,11,12,73,70.2,66,6.8,74.3,81.6,9,2,6,0,1,50,10,3,0.4,0.1
12,2024,13,Penei Sewell,Detroit Lions,T,1,17,17,0,0,0,0,0,0,0,0,0,0,0,DET,24,RT,17,17,,0,0,0,0,0,,1.7,,,,0,-1,-1,1,0,0,,,,,,,,,,,,,,,,,,,,,,,,,,,,,
13,2024,14,Baker Mayfield,Tampa Bay Buccaneers,QB,1,17,17,407,570,4500,41,16,60,378,3,0,0,0,TAM,29,QB,17,17,10/7/2000,407,570,4500,41,16,106.8,58.4,7.9,8.07,11.1,264.7,6.97,7.13,40,2,2,29,60,6.3,378,3,QB,17,17,0,0,0,,0,0,,,0,0,,,60,378,3,24,51.7,28,6.3,22.2,3.5
14,2024,15,George Kittle,San Francisco 49ers,TE,1,15,15,0,0,0,0,0,0,0,0,78,1106,8,,,,,,,,,,,,,,,,,,,,,,,31,78,14.2,1106,8,TE,15,15,94,78,1106,14.2,8,50,73.4,43,5.2,73.7,83,11.8,0,0,0,0,,,,0,0
15,2024,16,Josh Jacobs,Green Bay Packers,RB,1,17,17,0,0,0,0,0,301,1329,15,36,342,1,,,,,,,,,,,,,,,,,,,,,,,26,337,5,1671,16,RB,17,17,43,36,342,9.5,1,15,53.5,49,2.1,20.1,83.7,8,301,1329,15,73,52.2,38,4.4,78.2,17.7
16,2024,17,Jordan Mailata,Philadelphia Eagles,T,1,12,12,0,0,0,0,0,0,0,0,0,0,0,,,,,,,,,,,,,,,,,,,,,,,,,,,,,,,,,,,,,,,,,,,,,,,,,,,
17,2024,18,Patrick Mahomes,Kansas City Chiefs,QB,1,16,16,392,581,3928,26,11,58,307,2,1,2,0,KAN,29,QB,16,16,15-1-0,392,581,3928,26,11,93.5,64.6,6.8,6.8,10,245.5,5.98,6.02,36,5,7,29,59,5.2,309,2,QB,16,16,1,1,2,2,0,0,0,2,0.1,0.1,100,2,58,307,2,22,50,33,5.3,19.2,3.6
18,2024,19,Jayden Daniels,Washington Commanders,QB,1,17,17,331,480,3568,25,9,148,891,6,0,0,0,WAS,24,QB,17,17,12/5/2000,331,480,3568,25,9,100.1,67.7,7.4,7.63,10.8,209.9,6.32,6.5,47,4,4,24,148,6,891,6,QB,17,17,0,0,0,,0,0,,,0,0,,,148,891,6,55,62.8,46,6,52.4,8.7
19,2023,1,Christian McCaffrey,San Francisco 49ers,RB,53,16,16,0,0,0,0,0,272,1459,14,67,564,7,,,,,,,,,,,,,,,,,,,,,,,27,339,6,2023,21,RB,16,16,83,67,564,8.4,7,31,55.4,41,4.2,35.3,80.7,6.8,272,1459,14,83,54,72,5.4,91.2,17
20,2023,2,Tyreek Hill,Miami Dolphins,WR,33,16,16,0,0,0,0,0,6,15,0,119,1799,13,,,,,,,,,,,,,,,,,,,,,,,29,125,14.5,1814,13,WR,16,16,171,119,1799,15.1,13,83,57.9,78,7.4,112.4,69.6,10.5,6,15,0,2,33.3,14,2.5,0.9,0.4
21,2023,3,CeeDee Lamb,Dallas Cowboys,WR,11,17,17,0,0,0,0,0,14,113,2,135,1749,12,,,,,,,,,,,,,,,,,,,,,,,24,149,12.5,1862,14,WR,17,17,181,135,1749,13,12,80,63.5,92,7.9,102.9,74.6,9.7,14,113,2,6,85.7,24,8.1,6.6,0.8
22,2023,4,Lamar Jackson,Baltimore Ravens,QB,8,16,16,307,457,3678,24,7,148,821,5,0,0,0,BAL,26,QB,16,16,13-3-0,307,457,3678,24,7,102.7,64.7,8,8.41,12,229.9,7,7.34,37,1,0,26,148,5.5,821,5,QB,16,16,0,0,0,,0,0,,,0,0,,,148,821,5,48,54.1,30,5.5,51.3,9.3
23,2023,5,Dak Prescott,Dallas Cowboys,QB,1,17,17,410,590,4516,36,9,55,242,2,0,0,0,DAL,30,QB,17,17,12/5/2000,410,590,4516,36,9,105.9,72.7,7.7,8.19,11,265.6,6.77,7.28,39,2,3,30,55,4.4,242,2,QB,17,17,0,0,0,,0,0,,,0,0,,,55,242,2,21,52.7,22,4.4,14.2,3.2
24,2023,6,Josh Allen,Buffalo Bills,QB,1,17,17,385,579,4306,29,18,111,524,15,0,0,0,BUF,27,QB,17,17,11/6/2000,385,579,4306,29,18,92.2,69.6,7.4,7.04,11.2,253.3,6.89,6.51,24,2,4,27,111,4.7,524,15,QB,17,17,0,0,0,,0,0,,,0,0,,,111,524,15,57,65.8,23,4.7,30.8,6.5
25,2023,7,Brock Purdy,San Francisco 49ers,QB,1,16,16,308,444,4280,31,11,39,144,2,0,0,0,SFO,24,QB,16,16,12/4/2000,308,444,4280,31,11,113,72.8,9.6,9.92,13.9,267.5,8.74,9.01,28,0,0,24,39,3.7,144,2,QB,16,16,0,0,0,,0,0,,,0,0,,,39,144,2,15,53.8,17,3.7,9,2.4
26,2023,8,Travis Etienne,Jacksonville Jaguars,RB,1,17,17,0,0,0,0,0,267,1008,11,58,476,1,,,,,,,,,,,,,,,,,,,,,,,24,325,4.6,1484,12,RB,17,17,73,58,476,8.2,1,23,49.3,56,3.4,28,79.5,6.5,267,1008,11,53,43.1,62,3.8,59.3,15.7
27,2022,1,Justin Jefferson,Minnesota Vikings,WR,46,17,17,2,2,34,0,0,4,24,1,128,1809,8,MIN,23,WR,17,17,,2,2,34,0,0,118.7,95.2,17,17,17,2,17,17,0,0,0,23,132,13.9,1833,9,WR,17,17,184,128,1809,14.1,8,80,57.6,64,7.5,106.4,69.6,9.8,4,24,1,2,75,10,6,1.4,0.2
28,2022,2,Patrick Mahomes,Kansas City Chiefs,QB,18,17,17,435,648,5250,41,12,61,358,4,1,6,0,KAN,27,QB,17,17,14-3-0,435,648,5250,41,12,105.2,79,8.1,8.53,12.1,308.8,7.51,7.93,26,4,4,27,62,5.9,364,4,QB,17,17,1,1,6,6,0,0,100,6,0.1,0.4,100,6,61,358,4,25,59,20,5.9,21.1,3.6
29,2022,3,Jalen Hurts,Philadelphia Eagles,QB,12,15,15,306,460,3701,22,6,165,760,13,0,0,0,PHI,24,QB,15,15,14-1-0,306,460,3701,22,6,101.5,68.3,8,8.42,12.1,246.7,6.97,7.31,38,1,2,24,165,4.6,760,13,QB,15,15,0,0,0,,0,0,,,0,0,,,165,760,13,67,59.4,42,4.6,50.7,11
30,2022,4,Tyreek Hill,Miami Dolphins,WR,10,17,17,0,0,0,0,0,7,32,1,119,1710,7,,,,,,,,,,,,,,,,,,,,,,,28,126,13.8,1742,8,WR,17,17,170,119,1710,14.4,7,77,56.5,64,7,100.6,70,10.1,7,32,1,3,57.1,10,4.6,1.9,0.4
31,2022,5,Josh Jacobs,Las Vegas Raiders,RB,8,17,17,0,0,0,0,0,340,1653,12,53,400,0,,,,,,,,,,,,,,,,,,,,,,,24,393,5.2,2053,12,RB,17,17,64,53,400,7.5,0,16,50,43,3.1,23.5,82.8,6.3,340,1653,12,93,57.4,86,4.9,97.2,20
32,2022,6,Travis Kelce,Kansas City Chiefs,TE,5,17,17,0,0,0,0,0,2,5,0,110,1338,12,,,,,,,,,,,,,,,,,,,,,,,33,112,12,1343,12,TE,17,17,152,110,1338,12.2,12,78,63.2,52,6.5,78.7,72.4,8.8,2,5,0,1,100,4,2.5,0.3,0.1
33,2022,7,Christian McCaffrey,2TM,RB,3,17,16,1,1,34,1,0,244,1139,8,85,741,5,SFO,26,RB,11,10,,1,1,34,1,0,158.3,,34,54,34,3.1,34,54,0,0,0,26,329,5.7,1880,13,RB,17,16,108,85,741,8.7,5,36,52.8,49,5,43.6,78.7,6.9,244,1139,8,59,48.4,49,4.7,67,14.4
34,2022,7,Christian McCaffrey,2TM,RB,3,17,16,1,1,34,1,0,244,1139,8,85,741,5,SFO,26,RB,11,10,,1,1,34,1,0,158.3,,34,54,34,3.1,34,54,0,0,0,26,118,5.7,670,3,RB,6,6,43,33,277,8.4,1,10,41.9,49,5.5,46.2,76.7,6.4,85,393,2,20,49.4,49,4.6,65.5,14.2
35,2022,7,Christian McCaffrey,2TM,RB,3,17,16,1,1,34,1,0,244,1139,8,85,741,5,SFO,26,RB,11,10,,1,1,34,1,0,158.3,,34,54,34,3.1,34,54,0,0,0,26,211,5.7,1210,10,RB,11,10,65,52,464,8.9,4,26,60,38,4.7,42.2,80,7.1,159,746,6,39,47.8,38,4.7,67.8,14.5
36,2022,8,Josh Allen,Buffalo Bills,QB,2,16,16,359,567,4283,35,14,124,762,7,0,0,0,BUF,26,QB,16,16,13-3-0,359,567,4283,35,14,96.6,73.4,7.6,7.68,11.9,267.7,6.87,6.99,33,3,4,26,124,6.1,762,7,QB,16,16,0,0,0,,0,0,,,0,0,,,124,762,7,55,61.3,44,6.1,47.6,7.8
37,2022,9,Joe Burrow,Cincinnati Bengals,QB,1,16,16,414,606,4475,35,12,75,257,5,0,0,0,CIN,26,QB,16,16,12/4/2000,414,606,4475,35,12,100.8,60.8,7.4,7.65,10.8,279.7,6.52,6.76,41,3,4,26,75,3.4,257,5,QB,16,16,0,0,0,,0,0,,,0,0,,,75,257,5,28,49.3,23,3.4,16.1,4.7
38,2022,10,Austin Ekeler,Los Angeles Chargers,RB,1,17,17,0,0,0,0,0,204,915,13,107,722,5,,,,,,,,,,,,,,,,,,,,,,,27,311,5.3,1637,18,RB,17,17,127,107,722,6.7,5,36,48,23,6.3,42.5,84.3,5.7,204,915,13,46,48,72,4.5,53.8,12
39,2022,11,A.J. Brown,Philadelphia Eagles,WR,1,17,16,0,0,0,0,0,0,0,0,88,1496,11,,,,,,,,,,,,,,,,,,,,,,,25,88,17,1496,11,WR,17,16,145,88,1496,17,11,59,51.7,78,5.2,88,60.7,10.3,0,0,0,0,,,,0,0
40,2022,12,Derrick Henry,Tennessee Titans,RB,1,16,16,2,2,4,1,0,349,1538,13,33,398,0,TEN,28,RB,16,16,,2,2,4,1,0,118.7,45.2,2,12,2,0.3,2,12,0,0,0,28,382,5.1,1936,13,RB,16,16,41,33,398,12.1,0,11,61,69,2.1,24.9,80.5,9.7,349,1538,13,65,46.7,56,4.4,96.1,21.8
41,2021,1,Cooper Kupp,Los Angeles Rams,WR,35,17,17,0,1,0,0,0,4,18,0,145,1947,16,LAR,28,WR,17,17,,0,1,0,0,0,39.6,12.9,0,0,,0,0,0,0,0,0,28,149,13.2,1965,16,WR,17,17,191,145,1947,13.4,16,89,63.4,59,8.5,114.5,75.9,10.2,4,18,0,1,50,18,4.5,1.1,0.2
42,2021,2,Jonathan Taylor,Indianapolis Colts,RB,10,17,17,0,0,0,0,0,332,1811,18,40,360,2,,,,,,,,,,,,,,,,,,,,,,,22,372,5.8,2171,20,RB,17,17,51,40,360,9,2,12,43.1,76,2.4,21.2,78.4,7.1,332,1811,18,107,55.4,83,5.5,106.5,19.5
43,2021,3,Tom Brady,Tampa Bay Buccaneers,QB,3,17,17,485,719,5316,43,12,28,81,2,0,0,0,TAM,44,QB,17,17,13-4-0,485,719,5316,43,12,102.1,73.1,7.4,7.84,11,312.7,6.98,7.41,22,3,5,44,28,2.9,81,2,QB,17,17,0,0,0,,0,0,,,0,0,,,28,81,2,14,53.6,13,2.9,4.8,1.6
44,2021,4,Aaron Rodgers,Green Bay Packers,QB,2,16,16,366,531,4115,37,4,33,101,3,1,-4,0,GNB,38,QB,16,16,13-3-0,366,531,4115,37,4,111.9,74.1,7.7,8.8,11.2,257.2,7,8,30,1,2,38,34,2.9,97,3,QB,16,16,1,1,-4,-4,0,0,0,-4,0.1,-0.3,100,-4,33,101,3,10,36.4,18,3.1,6.3,2.1
45,2020,1,Derrick Henry,Tennessee Titans,RB,32,16,16,0,0,0,0,0,378,2027,17,19,114,0,,,,,,,,,,,,,,,,,,,,,,,26,397,5.4,2141,17,RB,16,16,31,19,114,6,0,4,32.3,53,1.2,7.1,61.3,3.7,378,2027,17,98,56.6,94,5.4,126.7,23.6
46,2020,2,Patrick Mahomes,Kansas City Chiefs,QB,5,15,15,390,588,4740,38,6,62,308,2,0,0,0,KAN,25,QB,15,15,14-1-0,390,588,4740,38,6,108.2,78.1,8.1,8.89,12.2,316,7.53,8.33,22,3,3,25,62,5,308,2,QB,15,15,2,0,0,,0,0,0,,0,0,0,0,62,308,2,22,53.2,24,5,20.5,4.1
47,2020,3,Aaron Rodgers,Green Bay Packers,QB,5,16,16,372,526,4299,48,5,38,149,3,1,-6,0,GNB,37,QB,16,16,13-3-0,372,526,4299,48,5,121.5,79.8,8.2,9.57,11.6,268.7,7.54,8.89,20,1,2,37,39,3.7,143,3,QB,16,16,1,1,-6,-6,0,0,0,-6,0.1,-0.4,100,-6,38,149,3,15,55.3,14,3.9,9.3,2.4
48,2020,4,Josh Allen,Buffalo Bills,QB,3,16,16,396,572,4544,37,10,102,421,8,1,12,1,BUF,24,QB,16,16,13-3-0,396,572,4544,37,10,107.2,76.6,7.9,8.45,11.5,284,7.33,7.82,26,2,3,24,103,4.2,433,9,QB,16,16,1,1,12,12,1,1,100,12,0.1,0.8,100,12,102,421,8,38,54.9,24,4.1,26.3,6.4
49,2020,5,Travis Kelce,Kansas City Chiefs,TE,3,15,15,1,2,4,0,0,0,0,0,105,1416,11,KAN,31,TE,15,15,,1,2,4,0,0,56.2,55.2,2,2,4,0.3,2,2,0,0,0,31,105,13.5,1416,11,TE,15,15,145,105,1416,13.5,11,79,66.2,45,7,94.4,72.4,9.8,0,0,0,0,,,,0,0
50,2020,6,Alvin Kamara,New Orleans Saints,RB,2,15,10,0,0,0,0,0,187,932,16,83,756,5,,,,,,,,,,,,,,,,,,,,,,,25,270,6.3,1688,21,RB,15,10,107,83,756,9.1,5,35,44.9,52,5.5,50.4,77.6,7.1,187,932,16,58,53.5,49,5,62.1,12.5
51,2019,1,Michael Thomas,New Orleans Saints,WR,19,16,15,0,0,0,0,0,1,-9,0,149,1725,9,,,,,,,,,,,,,,,,,,,,,,,26,150,11.4,1716,9,WR,16,15,185,149,1725,11.6,9,91,70.8,49,9.3,107.8,80.5,9.3,1,-9,0,0,0,-9,-9,-0.6,0.1
52,2019,2,Lamar Jackson,Baltimore Ravens,QB,17,15,15,265,401,3127,36,6,176,1206,7,0,0,0,BAL,22,QB,15,15,13-2-0,265,401,3127,36,6,113.3,83,7.8,8.92,11.8,208.5,7.13,8.19,23,1,2,22,176,6.9,1206,7,QB,15,15,0,0,0,,0,0,,,0,0,,,176,1206,7,71,58,47,6.9,80.4,11.7
53,2019,3,Christian McCaffrey,Carolina Panthers,RB,12,16,16,0,2,0,0,0,287,1387,15,116,1005,4,CAR,23,RB,16,16,,0,2,0,0,0,39.6,0.2,0,0,,0,0,0,0,0,0,23,403,5.9,2392,19,RB,16,16,142,116,1005,8.7,4,58,59.9,28,7.3,62.8,81.7,7.1,287,1387,15,57,46.3,84,4.8,86.7,17.9
54,2019,4,Patrick Mahomes,Kansas City Chiefs,QB,1,14,14,319,484,4031,26,5,43,218,2,0,0,0,KAN,24,QB,14,14,11/3/2000,319,484,4031,26,5,105.3,77.7,8.3,8.94,12.6,287.9,7.79,8.38,17,1,1,24,43,5.1,218,2,QB,14,14,0,0,0,,0,0,,,0,0,,,43,218,2,15,41.9,25,5.1,15.6,3.1
55,2019,5,Russell Wilson,Seattle Seahawks,QB,1,16,16,341,516,4110,31,5,75,342,3,0,0,0,SEA,31,QB,16,16,11/5/2000,341,516,4110,31,5,106.3,71.5,8,8.73,12.1,256.9,6.72,7.42,48,4,5,31,75,4.6,342,3,QB,16,16,0,0,0,,0,0,,,0,0,,,75,342,3,17,41.3,21,4.6,21.4,4.7
56,2018,1,Patrick Mahomes,Kansas City Chiefs,QB,30,16,16,383,580,5097,50,12,60,272,2,0,0,0,KAN,23,QB,16,16,12/4/2000,383,580,5097,50,12,113.8,80.3,8.8,9.58,13.3,318.6,8.13,8.89,26,2,2,23,60,4.5,272,2,QB,16,16,0,0,0,,0,0,,,0,0,,,60,272,2,17,53.3,28,4.5,17,3.8
57,2018,2,Drew Brees,New Orleans Saints,QB,16,15,15,364,489,3992,32,5,31,22,4,1,1,0,NOR,39,QB,15,15,13-2-0,364,489,3992,32,5,115.7,79.2,8.2,9.01,11,266.1,7.65,8.47,17,6,7,39,32,0.7,23,4,QB,15,15,1,1,1,1,0,0,0,1,0.1,0.1,100,1,31,22,4,11,38.7,11,0.7,1.5,2.1
58,2018,3,Todd Gurley,Los Angeles Rams,RB,2,14,14,0,0,0,0,0,256,1251,17,59,580,4,,,,,,,,,,,,,,,,,,,,,,,24,315,5.8,1831,21,RB,14,14,81,59,580,9.8,4,26,53.1,56,4.2,41.4,72.8,7.2,256,1251,17,70,55.9,36,4.9,89.4,18.3
59,2018,4,DeAndre Hopkins,Houston Texans,WR,2,16,16,0,1,0,0,0,1,-7,0,115,1572,11,HOU,26,WR,16,16,,0,1,0,0,0,39.6,3.7,0,0,,0,0,0,0,0,0,26,116,13.5,1565,11,WR,16,16,163,115,1572,13.7,11,81,61.3,49,7.2,98.3,70.6,9.6,1,-7,0,0,0,-7,-7,-0.4,0.1
60,2017,1,Todd Gurley,Los Angeles Rams,RB,37,15,15,0,0,0,0,0,279,1305,13,64,788,6,,,,,,,,,,,,,,,,,,,,,,,23,343,6.1,2093,19,RB,15,15,87,64,788,12.3,6,32,51.7,80,4.3,52.5,73.6,9.1,279,1305,13,69,50.5,57,4.7,87,18.6
61,2017,2,Antonio Brown,Pittsburgh Steelers,WR,8,14,14,0,0,0,0,0,0,0,0,101,1533,9,,,,,,,,,,,,,,,,,,,,,,,29,101,15.2,1533,9,WR,14,14,163,101,1533,15.2,9,69,50.9,57,7.2,109.5,62,9.4,0,0,0,0,,,,0,0
62,2017,3,Tom Brady,New England Patriots,QB,4,16,16,385,581,4577,32,8,25,28,0,0,0,0,NWE,40,QB,16,16,13-3-0,385,581,4577,32,8,102.8,71.1,7.9,8.36,11.9,286.1,7.1,7.56,35,2,2,40,25,1.1,28,0,QB,16,16,0,0,0,,0,0,,,0,0,,,25,28,0,8,32,7,1.1,1.8,1.6
63,2017,4,DeAndre Hopkins,Houston Texans,WR,1,15,15,0,0,0,0,0,0,0,0,96,1378,13,,,,,,,,,,,,,,,,,,,,,,,25,96,14.4,1378,13,WR,15,15,174,96,1378,14.4,13,69,50.6,72,6.4,91.9,55.2,7.9,0,0,0,0,,,,0,0
64,2016,1,Matt Ryan,Atlanta Falcons,QB,15.5,16,16,373,534,4944,38,7,35,117,0,0,0,0,ATL,31,QB,16,16,11/5/2000,373,534,4944,38,7,117.1,79.6,9.3,10.09,13.3,309,8.25,9.03,37,1,2,31,35,3.3,117,0,QB,16,16,0,0,0,,0,0,,,0,0,,,35,117,0,13,42.9,18,3.3,7.3,2.2
65,2016,2,Aaron Rodgers,Green Bay Packers,QB,11,16,16,401,610,4428,40,7,67,369,4,0,0,0,GNB,33,QB,16,16,10/6/2000,401,610,4428,40,7,104.2,72.4,7.3,8.05,11,276.8,6.48,7.24,35,0,2,33,67,5.5,369,4,QB,16,16,0,0,0,,0,0,,,0,0,,,67,369,4,26,49.3,23,5.5,23.1,4.2
66,2016,3,David Johnson,Arizona Cardinals,RB,8,16,16,0,0,0,0,0,293,1239,16,80,879,4,,,,,,,,,,,,,,,,,,,,,,,25,373,5.7,2118,20,RB,16,16,120,80,879,11,4,42,48.3,58,5,54.9,66.7,7.3,293,1239,16,73,48.8,58,4.2,77.4,18.3
67,2016,3,David Johnson,Arizona Cardinals,RB,8,16,16,0,0,0,0,0,293,1239,16,80,879,4,,,,,,,,,,,,,,,,,,,,,,,29,7,11.4,80,0,TE,16,5,11,7,80,11.4,0,5,54.5,26,0.4,5,63.6,7.3,0,0,0,0,,,,0,0
68,2016,4,Tom Brady,New England Patriots,QB,7,12,12,291,432,3554,28,2,28,64,0,0,0,0,NWE,39,QB,12,12,11/1/2000,291,432,3554,28,2,112.2,79.4,8.2,9.31,12.2,296.2,7.76,8.81,15,1,1,39,28,2.3,64,0,QB,12,12,0,0,0,,0,0,,,0,0,,,28,64,0,11,42.9,15,2.3,5.3,2.3
69,2016,5,Ezekiel Elliott,Dallas Cowboys,RB,5.5,15,15,0,0,0,0,0,322,1631,15,32,363,1,,,,,,,,,,,,,,,,,,,,,,,21,354,5.6,1994,16,RB,15,15,39,32,363,11.3,1,11,48.7,83,2.1,24.2,82.1,9.3,322,1631,15,95,55.3,60,5.1,108.7,21.5
70,2016,6,Le'Veon Bell,Pittsburgh Steelers,RB,1,12,12,0,1,0,0,0,261,1268,7,75,616,2,PIT,24,RB,12,12,,0,1,0,0,0,39.6,0.7,0,0,,0,0,0,0,0,0,24,336,5.6,1884,9,RB,12,12,94,75,616,8.2,2,32,58.5,32,6.3,51.3,79.8,6.6,261,1268,7,70,53.3,44,4.9,105.7,21.8
71,2016,7,Drew Brees,New Orleans Saints,QB,1,16,16,471,673,5208,37,15,23,20,2,0,0,0,NOR,37,QB,16,16,7/9/2000,471,673,5208,37,15,101.7,66.8,7.7,7.84,11.1,325.5,7.18,7.27,27,2,4,37,23,0.9,20,2,QB,16,16,0,0,0,,0,0,,,0,0,,,23,20,2,7,30.4,7,0.9,1.3,1.4
72,2016,8,Derek Carr,Oakland Raiders,QB,1,15,15,357,560,3937,28,6,39,70,0,0,0,0,OAK,25,QB,15,15,12/3/2000,357,560,3937,28,6,96.7,56.1,7,7.55,11,262.5,6.7,7.2,16,7,7,25,39,1.8,70,0,QB,15,15,0,0,0,,0,0,,,0,0,,,39,70,0,5,30.8,13,1.8,4.7,2.6
73,2015,1,Cam Newton,Carolina Panthers,QB,18,16,16,296,495,3837,35,10,132,636,10,0,0,0,CAR,26,QB,16,16,15-1-0,296,495,3837,35,10,99.4,61.4,7.8,8.26,13,239.8,6.73,7.2,33,3,4,26,132,4.8,636,10,QB,16,16,0,0,0,,0,0,,,0,0,,,132,636,10,59,56.1,47,4.8,39.8,8.3
74,2015,2,Antonio Brown,Pittsburgh Steelers,WR,10,16,16,0,0,0,0,0,3,28,0,136,1834,10,PIT,27,WR,16,16,,0,0,0,0,0,,0,,,,0,-8,-8,1,0,0,27,139,13.4,1862,10,WR,16,16,193,136,1834,13.5,10,84,56,59,8.5,114.6,70.5,9.5,3,28,0,1,100,16,9.3,1.8,0.2
75,2015,3,Russell Wilson,Seattle Seahawks,QB,7,16,16,329,483,4024,34,8,103,553,1,0,0,0,SEA,27,QB,16,16,10/6/2000,329,483,4024,34,8,110.1,68.6,8.3,8.99,12.2,251.5,7.12,7.73,45,2,2,27,103,5.4,553,1,QB,16,16,0,0,0,,0,0,,,0,0,,,103,553,1,31,56.3,24,5.4,34.6,6.4
76,2015,4,Tom Brady,New England Patriots,QB,6,16,16,402,624,4770,36,7,34,53,3,1,36,0,NWE,38,QB,16,16,12/4/2000,402,624,4770,36,7,102.2,68.4,7.6,8.29,11.9,298.1,6.87,7.48,38,2,2,38,35,2.5,89,3,QB,16,16,1,1,36,36,0,1,100,36,0.1,2.3,100,36,34,53,3,14,41.2,13,1.6,3.3,2.1
77,2015,5,Carson Palmer,Arizona Cardinals,QB,6,16,16,342,537,4671,35,11,25,24,1,0,0,0,ARI,36,QB,16,16,13-3-0,342,537,4671,35,11,104.6,76.4,8.7,9.08,13.7,291.9,8.04,8.41,25,1,4,36,25,1,24,1,QB,16,16,0,0,0,,0,0,,,0,0,,,25,24,1,5,16,12,1,1.5,1.6
78,2015,6,Julio Jones,Atlanta Falcons,WR,2,16,16,0,0,0,0,0,0,0,0,136,1871,8,,,,,,,,,,,,,,,,,,,,,,,26,136,13.8,1871,8,WR,16,16,203,136,1871,13.8,8,93,57.6,70,8.5,116.9,67,9.2,0,0,0,0,,,,0,0
79,2015,7,Adrian Peterson,Minnesota Vikings,RB,1,16,16,0,0,0,0,0,327,1485,11,30,222,0,,,,,,,,,,,,,,,,,,,,,,,30,357,4.8,1707,11,RB,16,16,36,30,222,7.4,0,9,41.7,49,1.9,13.9,83.3,6.2,327,1485,11,72,44.3,80,4.5,92.8,20.4
80,2014,1,DeMarco Murray,Dallas Cowboys,RB,26,16,16,0,0,0,0,0,392,1845,13,57,416,0,,,,,,,,,,,,,,,,,,,,,,,26,449,5,2261,13,RB,16,16,64,57,416,7.3,0,17,54.7,34,3.6,26,89.1,6.5,392,1845,13,89,53.1,51,4.7,115.3,24.5
81,2014,2,Aaron Rodgers,Green Bay Packers,QB,15,16,16,341,520,4381,38,5,43,269,2,0,0,0,GNB,31,QB,16,16,12/4/2000,341,520,4381,38,5,112.2,77.8,8.4,9.45,12.8,273.8,7.68,8.65,28,1,1,31,43,6.3,269,2,QB,16,16,0,0,0,,0,0,,,0,0,,,43,269,2,22,58.1,19,6.3,16.8,2.7
82,2014,3,Antonio Brown,Pittsburgh Steelers,WR,5,16,16,2,2,20,1,0,4,13,0,129,1698,13,PIT,26,WR,16,16,,2,2,20,1,0,147.9,100,10,20,10,1.3,10,20,0,0,0,26,133,12.9,1711,13,WR,16,16,181,129,1698,13.2,13,87,60.2,63,8.1,106.1,71.3,9.4,4,13,0,0,50,9,3.3,0.8,0.3
83,2014,4,Le'Veon Bell,Pittsburgh Steelers,RB,2,16,16,0,0,0,0,0,290,1361,8,83,854,3,,,,,,,,,,,,,,,,,,,,,,,22,373,5.9,2215,11,RB,16,16,105,83,854,10.3,3,41,60,48,5.2,53.4,79,8.1,290,1361,8,75,49.3,81,4.7,85.1,18.1
84,2014,5,Rob Gronkowski,New England Patriots,TE,1,15,10,0,0,0,0,0,0,0,0,82,1124,12,,,,,,,,,,,,,,,,,,,,,,,25,82,13.7,1124,12,TE,15,10,131,82,1124,13.7,12,60,55.7,46,5.5,74.9,62.6,8.6,0,0,0,0,,,,0,0
85,2014,6,Tony Romo,Dallas Cowboys,QB,1,15,15,304,435,3705,34,9,26,61,0,0,0,0,DAL,34,QB,15,15,12/3/2000,304,435,3705,34,9,113.2,79.2,8.5,9.15,12.2,247,7.52,8.11,29,3,4,34,26,2.3,61,0,QB,15,15,0,0,0,,0,0,,,0,0,,,26,61,0,6,19.2,21,2.3,4.1,1.7
86,2013,1,Peyton Manning,Denver Broncos,QB,33,16,16,450,659,5477,55,10,32,-31,1,0,0,0,DEN,37,QB,16,16,13-3-0,450,659,5477,55,10,115.1,79,8.3,9.3,12.2,342.3,7.91,8.87,18,2,2,37,32,-1,-31,1,QB,16,16,0,0,0,,0,0,,,0,0,,,32,-31,1,1,3.1,1,-1,-1.9,2
87,2013,2,LeSean McCoy,Philadelphia Eagles,RB,10,16,16,0,0,0,0,0,314,1607,9,52,539,2,,,,,,,,,,,,,,,,,,,,,,,25,366,5.9,2146,11,RB,16,16,64,52,539,10.4,2,24,51.6,70,3.3,33.7,81.3,8.4,314,1607,9,79,49.7,57,5.1,100.4,19.6
88,2013,3,Jamaal Charles,Kansas City Chiefs,RB,4,15,15,0,0,0,0,0,259,1287,12,70,693,7,,,,,,,,,,,,,,,,,,,,,,,27,329,6,1980,19,RB,15,15,104,70,693,9.9,7,32,44.2,71,4.7,46.2,67.3,6.7,259,1287,12,72,49.4,46,5,85.8,17.3
89,2013,4,Tom Brady,New England Patriots,QB,1,16,16,380,628,4343,25,11,32,18,0,0,0,0,NWE,36,QB,16,16,12/4/2000,380,628,4343,25,11,87.3,63.1,6.9,6.92,11.4,271.4,6.12,6.13,40,5,5,36,32,0.6,18,0,QB,16,16,0,0,0,,0,0,,,0,0,,,32,18,0,5,18.8,11,0.6,1.1,2
90,2013,5,Drew Brees,New Orleans Saints,QB,1,16,16,446,650,5162,39,12,35,52,3,0,0,0,NOR,34,QB,16,16,11/5/2000,446,650,5162,39,12,104.7,69.1,7.9,8.31,11.6,322.6,7.16,7.51,37,2,2,34,35,1.5,52,3,QB,16,16,0,0,0,,0,0,,,0,0,,,35,52,3,6,28.6,16,1.5,3.3,2.2
91,2013,6,Russell Wilson,Seattle Seahawks,QB,1,16,16,257,407,3357,26,9,96,539,1,0,0,0,SEA,25,QB,16,16,13-3-0,257,407,3357,26,9,101.2,67.2,8.2,8.53,13.1,209.8,6.84,7.1,44,3,4,25,96,5.6,539,1,QB,16,16,0,0,0,,0,0,,,0,0,,,96,539,1,31,47.9,27,5.6,33.7,6
92,2012,1,Adrian Peterson,Minnesota Vikings,RB,36,16,16,0,0,0,0,0,348,2097,12,40,217,1,,,,,,,,,,,,,,,,,,,,,,,27,388,6,2314,13,RB,16,16,51,40,217,5.4,1,11,45.1,20,2.5,13.6,78.4,4.3,348,2097,12,88,46.8,82,6,131.1,21.8
93,2012,2,Peyton Manning,Denver Broncos,QB,8,16,16,400,583,4659,37,11,23,6,0,0,0,0,DEN,36,QB,16,16,13-3-0,400,583,4659,37,11,105.8,79.6,8,8.41,11.6,291.2,7.49,7.89,21,3,3,36,23,0.3,6,0,QB,16,16,0,0,0,,0,0,,,0,0,,,23,6,0,2,17.4,10,0.3,0.4,1.4
94,2012,3,Tom Brady,New England Patriots,QB,2,16,16,401,637,4827,34,8,23,32,4,0,0,0,NWE,35,QB,16,16,12/4/2000,401,637,4827,34,8,98.7,76.1,7.6,8.08,12,301.7,7,7.48,27,1,2,35,23,1.4,32,4,QB,16,16,0,0,0,,0,0,,,0,0,,,23,32,4,12,56.5,7,1.4,2,1.4
95,2012,4,Calvin Johnson,Detroit Lions,WR,2,16,16,0,0,0,0,0,0,0,0,122,1964,5,,,,,,,,,,,,,,,,,,,,,,,27,122,16.1,1964,5,WR,16,16,204,122,1964,16.1,5,92,55.4,53,7.6,122.8,59.8,9.6,0,0,0,0,,,,0,0
96,2012,5,Aaron Rodgers,Green Bay Packers,QB,2,16,16,371,552,4295,39,8,54,259,2,1,-1,0,GNB,29,QB,16,16,11/5/2000,371,552,4295,39,8,108,71.2,7.8,8.54,11.6,268.4,6.64,7.33,51,2,3,29,55,4.7,258,2,QB,16,16,1,1,-1,-1,0,0,0,-1,0.1,-0.1,100,-1,54,259,2,20,44.4,27,4.8,16.2,3.4
97,2011,1,Drew Brees,New Orleans Saints,QB,43,16,16,468,657,5476,46,14,21,86,1,0,0,0,NOR,32,QB,16,16,13-3-0,468,657,5476,46,14,110.6,82.3,8.3,8.78,11.7,342.3,7.81,8.23,24,3,4,32,21,4.1,86,1,QB,16,16,0,0,0,,0,0,,,0,0,,,21,86,1,5,52.4,20,4.1,5.4,1.3
98,2011,2,Aaron Rodgers,Green Bay Packers,QB,7,15,15,343,502,4643,45,6,60,257,3,0,0,0,GNB,28,QB,15,15,14-1-0,343,502,4643,45,6,122.5,83.8,9.2,10.5,13.5,309.5,8.22,9.39,36,0,1,28,60,4.3,257,3,QB,15,15,0,0,0,,0,0,,,0,0,,,60,257,3,18,38.3,25,4.3,17.1,4
99,2010,1,Tom Brady,New England Patriots,QB,21,16,16,324,492,3900,36,4,31,30,1,0,0,0,NWE,33,QB,16,16,14-2-0,324,492,3900,36,4,111,79.1,7.9,9.02,12,243.8,7.21,8.25,25,2,3,33,31,1,30,1,QB,16,16,0,0,0,,0,0,,,0,0,,,31,30,1,10,32.3,9,1,1.9,1.9
100,2010,2,Michael Vick,Philadelphia Eagles,QB,11,12,12,233,372,3018,21,6,100,676,9,0,0,0,PHI,30,QB,12,12,8/3/2000,233,372,3018,21,6,100.2,65,8.1,8.52,13,251.5,6.92,7.29,34,4,3,30,100,6.8,676,9,QB,12,12,0,0,0,,0,0,,,0,0,,,100,676,9,36,54,35,6.8,56.3,8.3
101,2010,3,Arian Foster,Houston Texans,RB,7,16,13,0,0,0,0,0,327,1616,16,66,604,2,,,,,,,,,,,,,,,,,,,,,,,24,393,5.6,2220,18,RB,16,13,84,66,604,9.2,2,34,51.2,50,4.1,37.8,78.6,7.2,327,1616,16,90,51.4,74,4.9,101,20.4
102,2010,4,Philip Rivers,San Diego Chargers,QB,5,16,16,357,541,4710,30,13,29,52,0,0,0,0,SDG,29,QB,16,16,9/7/2000,357,541,4710,30,13,101.8,66.9,8.7,8.73,13.2,294.4,7.74,7.77,38,1,1,29,29,1.8,52,0,QB,16,16,0,0,0,,0,0,,,0,0,,,29,52,0,6,31,14,1.8,3.3,1.8
103,2010,5,DeSean Jackson,Philadelphia Eagles,WR,2,14,14,0,0,0,0,0,16,104,1,47,1056,6,,,,,,,,,,,,,,,,,,,,,,,24,63,18.4,1160,7,WR,14,14,95,47,1056,22.5,6,32,43.2,91,3.4,75.4,49.5,11.1,16,104,1,5,50,31,6.5,7.4,1.1
104,2010,6,Aaron Rodgers,Green Bay Packers,QB,2,15,15,312,475,3922,28,11,64,356,4,0,0,0,GNB,27,QB,15,15,10/5/2000,312,475,3922,28,11,101.2,69.6,8.3,8.39,12.6,261.5,7.37,7.5,31,0,1,27,64,5.6,356,4,QB,15,15,0,0,0,,0,0,,,0,0,,,64,356,4,22,48.4,27,5.6,23.7,4.3
105,2010,7,Roddy White,Atlanta Falcons,WR,2,16,16,0,0,0,0,0,1,3,0,115,1389,10,,,,,,,,,,,,,,,,,,,,,,,29,116,12,1392,10,WR,16,16,179,115,1389,12.1,10,73,54.2,46,7.2,86.8,64.2,7.8,1,3,0,0,0,3,3,0.2,0.1
106,2009,1,Chris Johnson,Tennessee Titans,RB,38.5,16,16,0,1,0,0,0,358,2006,14,50,503,2,TEN,24,RB,16,16,,0,1,0,0,0,39.6,0.3,0,0,,0,0,0,0,0,0,24,408,6.1,2509,16,RB,16,16,71,50,503,10.1,2,18,39.4,69,3.1,31.4,70.4,7.1,358,2006,14,80,43.6,91,5.6,125.4,22.4
107,2009,2,Drew Brees,New Orleans Saints,QB,9,15,15,363,514,4388,34,11,22,33,2,1,-4,0,NOR,30,QB,15,15,13-2-0,363,514,4388,34,11,109.6,82,8.5,8.9,12.1,292.5,7.96,8.31,20,2,4,30,23,1.3,29,2,QB,15,15,1,1,-4,-4,0,0,0,-4,0.1,-0.3,100,-4,22,33,2,8,40.9,10,1.5,2.2,1.5
108,2009,3,Peyton Manning,Indianapolis Colts,QB,1.5,16,16,393,571,4500,33,16,19,-13,0,0,0,0,IND,33,QB,16,16,14-2-0,393,571,4500,33,16,99.9,80.7,7.9,7.78,11.5,281.3,7.62,7.51,10,7,7,33,19,-0.7,-13,0,QB,16,16,0,0,0,,0,0,,,0,0,,,19,-13,0,0,0,3,-0.7,-0.8,1.2
109,2009,4,Philip Rivers,San Diego Chargers,QB,1,16,16,317,486,4254,28,9,26,50,1,0,0,0,SDG,28,QB,16,16,13-3-0,317,486,4254,28,9,104.4,77.2,8.8,9.07,13.4,265.9,8,8.3,25,2,4,28,26,1.9,50,1,QB,16,16,0,0,0,,0,0,,,0,0,,,26,50,1,5,23.1,15,1.9,3.1,1.6
110,2008,1,Drew Brees,New Orleans Saints,QB,22,16,16,413,635,5069,34,17,22,-1,0,0,0,0,NOR,29,QB,16,16,8/8/2000,413,635,5069,34,17,96.2,65.7,8,7.85,12.3,316.8,7.68,7.55,13,2,2,29,22,0,-1,0,QB,16,16,0,0,0,,0,0,,,0,0,,,22,-1,0,4,22.7,9,0,-0.1,1.4
111,2008,2,Peyton Manning,Indianapolis Colts,QB,9,16,16,371,555,4002,27,12,20,21,1,0,0,0,IND,32,QB,16,16,12/4/2000,371,555,4002,27,12,95,76.5,7.2,7.21,10.8,250.1,6.88,6.88,14,4,6,32,20,1.1,21,1,QB,16,16,0,0,0,,0,0,,,0,0,,,20,21,1,4,25,12,1.1,1.3,1.3
112,2008,3,Adrian Peterson,Minnesota Vikings,RB,9,16,15,0,0,0,0,0,363,1760,10,21,125,0,,,,,,,,,,,,,,,,,,,,,,,23,384,4.9,1885,10,RB,16,15,39,21,125,6,0,4,25.6,16,1.3,7.8,53.8,3.2,363,1760,10,82,45.5,67,4.8,110,22.7
113,2008,3,Adrian Peterson,Minnesota Vikings,RB,9,16,15,0,0,0,0,0,363,1760,10,21,125,0,,,,,,,,,,,,,,,,,,,,,,,29,26,5.6,145,0,RB,15,0,10,6,45,7.5,0,1,20,19,0.4,3,60,4.5,20,100,0,4,45,16,5,6.7,1.3
114,2008,4,Philip Rivers,San Diego Chargers,QB,6,16,16,312,478,4009,34,11,31,84,0,0,0,0,SDG,27,QB,16,16,8/8/2000,312,478,4009,34,11,105.5,63.2,8.4,8.77,12.8,250.6,7.67,8.04,25,3,4,27,31,2.7,84,0,QB,16,16,0,0,0,,0,0,,,0,0,,,31,84,0,12,58.1,11,2.7,5.3,1.9
115,2008,5,DeAngelo Williams,Carolina Panthers,RB,2,16,16,0,0,0,0,0,273,1515,18,22,121,2,,,,,,,,,,,,,,,,,,,,,,,25,295,5.5,1636,20,RB,16,16,30,22,121,5.5,2,8,26.7,25,1.4,7.6,73.3,4,273,1515,18,65,44.3,69,5.5,94.7,17.1
116,2008,6,Steve Smith Sr.,Carolina Panthers,WR,1,14,14,0,0,0,0,0,5,40,0,78,1421,6,,,,,,,,,,,,,,,,,,,,,,,29,83,17.6,1461,6,WR,14,14,129,78,1421,18.2,6,59,56.6,65,5.6,101.5,60.5,11,5,40,0,3,60,23,8,2.9,0.4
117,2008,7,Michael Turner,Atlanta Falcons,RB,1,16,16,0,0,0,0,0,376,1699,17,6,41,0,,,,,,,,,,,,,,,,,,,,,,,26,382,4.6,1740,17,RB,16,16,9,6,41,6.8,0,2,44.4,18,0.4,2.6,66.7,4.6,376,1699,17,85,46.5,70,4.5,106.2,23.5
118,2007,1,Tom Brady,New England Patriots,QB,35.5,16,16,398,578,4806,50,8,37,98,2,0,0,0,NWE,30,QB,16,16,16-0-0,398,578,4806,50,8,117.2,87,8.3,9.42,12.1,300.4,7.81,8.88,21,4,4,30,37,2.6,98,2,QB,16,16,0,0,0,,0,0,,,0,0,,,37,98,2,14,48.6,19,2.6,6.1,2.3
119,2007,2,Randy Moss,New England Patriots,WR,12.5,16,16,0,0,0,0,0,0,0,0,98,1493,23,,,,,,,,,,,,,,,,,,,,,,,30,98,15.2,1493,23,WR,16,16,160,98,1493,15.2,23,74,58.8,65,6.1,93.3,61.3,9.3,0,0,0,0,,,,0,0
120,2007,3,Brett Favre,Green Bay Packers,QB,1,16,16,356,535,4155,28,15,29,12,0,0,0,0,GNB,38,QB,16,16,13-3-0,356,535,4155,28,15,95.7,70.8,7.8,7.55,11.7,259.7,7.39,7.18,15,2,4,38,29,0.4,12,0,QB,16,16,0,0,0,,0,0,,,0,0,,,29,12,0,4,13.8,21,0.4,0.8,1.8
121,2007,4,Wes Welker,New England Patriots,WR,1,16,13,0,0,0,0,0,4,34,0,112,1175,8,,,,,,,,,,,,,,,,,,,,,,,26,116,10.4,1209,8,WR,16,13,145,112,1175,10.5,8,65,66.2,42,7,73.4,77.2,8.1,4,34,0,1,50,27,8.5,2.1,0.3
122,2006,1,LaDainian Tomlinson,San Diego Chargers,RB,38,16,16,2,3,20,2,0,348,1815,28,56,508,3,SDG,27,RB,16,16,,2,3,20,2,0,125,99.7,6.7,20,10,1.3,6.67,20,0,0,0,27,404,5.8,2323,31,RB,16,16,80,56,508,9.1,3,23,48.8,51,3.5,31.8,70,6.4,348,1815,28,83,47.7,85,5.2,113.4,21.8
123,2006,2,Drew Brees,New Orleans Saints,QB,8,16,16,356,554,4418,26,11,42,32,0,0,0,0,NOR,27,QB,16,16,10/6/2000,356,554,4418,26,11,96.2,66.7,8,8.02,12.4,276.1,7.54,7.58,18,1,2,27,42,0.8,32,0,QB,16,16,0,0,0,,0,0,,,0,0,,,42,32,0,5,11.9,16,0.8,2,2.6
124,2006,3,Peyton Manning,Indianapolis Colts,QB,3,16,16,362,557,4397,31,9,23,36,4,0,0,0,IND,30,QB,16,16,12/4/2000,362,557,4397,31,9,101,86.4,7.9,8.28,12.1,274.8,7.55,7.93,14,3,3,30,23,1.6,36,4,QB,16,16,0,0,0,,0,0,,,0,0,,,23,36,4,7,30.4,12,1.6,2.3,1.4
125,2006,4,Steven Jackson,St. Louis Rams,RB,1,16,16,0,0,0,0,0,346,1528,13,90,806,3,,,,,,,,,,,,,,,,,,,,,,,23,436,5.4,2334,16,RB,16,16,110,90,806,9,3,32,51.8,64,5.6,50.4,81.8,7.3,346,1528,13,73,46.5,59,4.4,95.5,21.6
126,2005,1,Shaun Alexander,Seattle Seahawks,RB,34,16,16,0,0,0,0,0,370,1880,27,15,78,1,,,,,,,,,,,,,,,,,,,,,,,28,385,5.1,1958,28,RB,16,16,29,15,78,5.2,1,3,34.5,9,0.9,4.9,51.7,2.7,370,1880,27,109,52.7,88,5.1,117.5,23.1
127,2005,2,Peyton Manning,Indianapolis Colts,QB,8,16,16,305,453,3747,28,10,33,45,0,0,0,0,IND,29,QB,16,16,14-2-0,305,453,3747,28,10,104.1,,8.3,8.51,12.3,234.2,7.8,8.03,17,1,1,29,33,1.4,45,0,QB,16,16,0,0,0,,0,0,,,0,0,,,33,45,0,6,21.2,12,1.4,2.8,2.1
128,2005,3,Tiki Barber,New York Giants,RB,6,16,16,0,1,0,0,0,357,1860,9,54,530,2,NYG,30,RB,16,16,,0,1,0,0,0,39.6,,0,0,,0,0,0,0,0,0,30,411,5.8,2390,11,RB,16,16,70,54,530,9.8,2,22,55.7,48,3.4,33.1,77.1,7.6,357,1860,9,74,47.9,95,5.2,116.3,22.3
129,2005,4,Tom Brady,New England Patriots,QB,1,16,16,334,530,4110,26,14,27,89,1,0,0,0,NWE,28,QB,16,16,10/6/2000,334,530,4110,26,14,92.3,,7.8,7.55,12.3,256.9,7.05,6.86,26,3,4,28,27,3.3,89,1,QB,16,16,0,0,0,,0,0,,,0,0,,,27,89,1,15,63,15,3.3,5.6,1.7
130,2005,5,Carson Palmer,Cincinnati Bengals,QB,1,16,16,345,509,3836,32,12,34,41,1,0,0,0,CIN,26,QB,16,16,11/5/2000,345,509,3836,32,12,101.1,,7.5,7.73,11.1,239.8,7.07,7.26,19,1,3,26,34,1.2,41,1,QB,16,16,0,0,0,,0,0,,,0,0,,,34,41,1,6,29.4,14,1.2,2.6,2.1
131,2004,1,Peyton Manning,Indianapolis Colts,QB,35,16,16,336,497,4557,49,10,25,38,0,0,0,0,IND,28,QB,16,16,12/4/2000,336,497,4557,49,10,121.1,,9.2,10.24,13.6,284.8,8.74,9.78,13,2,4,28,25,1.5,38,0,QB,16,16,0,0,0,,0,0,,,0,0,,,25,38,0,4,20,19,1.5,2.4,1.6
132,2004,2,Daunte Culpepper,Minnesota Vikings,QB,4,16,16,379,548,4717,39,11,88,406,2,0,0,0,MIN,27,QB,16,16,8/8/2000,379,548,4717,39,11,110.9,,8.6,9.13,12.4,294.8,7.54,8.02,46,1,3,27,88,4.6,406,2,QB,16,16,0,0,0,,0,0,,,0,0,,,88,406,2,31,55.7,16,4.6,25.4,5.5
133,2004,3,Terrell Owens,Philadelphia Eagles,WR,4,14,14,0,0,0,0,0,3,-5,0,77,1200,14,,,,,,,,,,,,,,,,,,,,,,,31,80,14.9,1195,14,WR,14,14,127,77,1200,15.6,14,51,55.1,59,5.5,85.7,60.6,9.4,3,-5,0,1,33.3,6,-1.7,-0.4,0.2
134,2004,4,Curtis Martin,New York Jets,RB,2,16,16,0,0,0,0,0,371,1697,12,41,245,2,,,,,,,,,,,,,,,,,,,,,,,31,412,4.7,1942,14,RB,16,16,49,41,245,6,2,12,44.9,22,2.6,15.3,83.7,5,371,1697,12,93,52.6,25,4.6,106.1,23.2
135,2004,5,Drew Brees,San Diego Chargers,QB,1,15,15,262,400,3159,27,7,53,85,2,1,38,0,SDG,25,QB,15,15,11/4/2000,262,400,3159,27,7,104.8,,7.9,8.46,12.1,210.6,7.24,7.78,18,1,2,25,54,2.3,123,2,QB,15,15,1,1,38,38,0,1,100,38,0.1,2.5,100,38,53,85,2,18,39.6,22,1.6,5.7,3.5
136,2004,6,LaDainian Tomlinson,San Diego Chargers,RB,1,15,15,1,2,38,0,0,339,1335,17,53,441,1,SDG,25,RB,15,15,,1,2,38,0,0,95.8,,19,19,38,2.5,12.33,12.33,1,0,0,25,392,4.5,1776,18,RB,15,15,66,53,441,8.3,1,16,40.9,74,3.5,29.4,80.3,6.7,339,1335,17,74,43.4,42,3.9,89,22.6
137,2004,7,Michael Vick,Atlanta Falcons,QB,1,15,15,181,321,2313,14,12,120,902,3,0,0,0,ATL,24,QB,15,15,11/4/2000,181,321,2313,14,12,78.1,,7.2,6.4,12.8,154.2,5.58,4.87,46,3,4,24,120,7.5,902,3,QB,15,15,0,0,0,,0,0,,,0,0,,,120,902,3,52,58.3,58,7.5,60.1,8
138,2003,1,Jamal Lewis,Baltimore Ravens,RB,29,16,16,0,0,0,0,0,387,2066,14,26,205,0,,,,,,,,,,,,,,,,,,,,,,,24,413,5.5,2271,14,RB,16,16,38,26,205,7.9,0,10,47.4,26,1.6,12.8,68.4,5.4,387,2066,14,85,45.2,82,5.3,129.1,24.2
139,2003,2,LaDainian Tomlinson,San Diego Chargers,RB,8,16,16,1,1,21,1,0,313,1645,13,100,725,4,SDG,24,RB,16,16,,1,1,21,1,0,158.3,,21,41,21,1.3,21,41,0,0,0,24,413,5.7,2370,17,RB,16,16,137,100,725,7.3,4,26,32.1,73,6.3,45.3,73,5.3,313,1645,13,83,43.1,73,5.3,102.8,19.6
140,2003,3,Peyton Manning,Indianapolis Colts,QB,6,16,16,379,566,4267,29,10,28,26,0,1,-2,0,IND,27,QB,16,16,12/4/2000,379,566,4267,29,10,99,,7.5,7.77,11.3,266.7,7.12,7.35,18,3,4,27,29,0.8,24,0,QB,16,16,1,1,-2,-2,0,0,0,-2,0.1,-0.1,100,-2,28,26,0,3,14.3,10,0.9,1.6,1.8
141,2003,4,Priest Holmes,Kansas City Chiefs,RB,3,16,16,0,1,0,0,0,320,1420,27,74,690,0,KAN,30,RB,16,16,,0,1,0,0,0,39.6,,0,0,,0,0,0,0,0,0,30,394,5.4,2110,27,RB,16,16,90,74,690,9.3,0,35,56.7,36,4.6,43.1,82.2,7.7,320,1420,27,90,57.5,31,4.4,88.8,20
142,2003,5,Steve McNair,Tennessee Titans,QB,2,14,14,250,400,3215,24,7,38,138,4,1,4,0,TEN,30,QB,14,14,10/4/2000,250,400,3215,24,7,100.4,,8,8.45,12.9,229.6,7.42,7.81,19,1,1,30,39,3.6,142,4,QB,14,14,1,1,4,4,0,0,100,4,0.1,0.3,100,4,38,138,4,9,36.8,23,3.6,9.9,2.7
143,2003,6,Torry Holt,St. Louis Rams,WR,1,16,15,0,0,0,0,0,1,5,0,117,1696,12,,,,,,,,,,,,,,,,,,,,,,,27,118,14.4,1701,12,WR,16,15,183,117,1696,14.5,12,84,59.6,48,7.3,106,63.9,9.3,1,5,0,0,100,5,5,0.3,0.1
144,2003,7,Deuce McAllister,New Orleans Saints,RB,1,16,16,0,2,0,0,0,351,1641,8,69,516,0,NOR,25,RB,16,16,,0,2,0,0,0,39.6,,0,0,,0,0,0,0,0,0,25,420,5.1,2157,8,RB,16,16,87,69,516,7.5,0,23,49.4,39,4.3,32.3,79.3,5.9,351,1641,8,69,40.7,76,4.7,102.6,21.9
145,2002,1,Priest Holmes,Kansas City Chiefs,RB,20.5,14,14,0,1,0,0,0,313,1615,21,70,672,3,KAN,29,RB,14,14,,0,1,0,0,0,39.6,,0,0,,0,0,0,0,0,0,29,383,6,2287,24,RB,14,14,81,70,672,9.6,3,31,56.8,64,5,48,86.4,8.3,313,1615,21,105,54.3,56,5.2,115.4,22.4
146,2002,2,Marvin Harrison,Indianapolis Colts,WR,14.5,16,16,0,0,0,0,0,2,10,0,143,1722,11,,,,,,,,,,,,,,,,,,,,,,,30,145,11.9,1732,11,WR,16,16,205,143,1722,12,11,92,58,69,8.9,107.6,69.8,8.4,2,10,0,0,50,8,5,0.6,0.1
147,2002,3,Rich Gannon,Oakland Raiders,QB,9,16,16,418,618,4689,26,10,50,156,3,0,0,0,OAK,37,QB,16,16,11/5/2000,418,618,4689,26,10,97.3,,7.6,7.7,11.2,293.1,6.84,6.95,36,1,1,37,50,3.1,156,3,QB,16,16,0,0,0,,0,0,,,0,0,,,50,156,3,11,36,24,3.1,9.8,3.1
148,2002,4,Ricky Williams,Miami Dolphins,RB,3,16,16,0,0,0,0,0,383,1853,16,47,363,1,,,,,,,,,,,,,,,,,,,,,,,25,430,5.2,2216,17,RB,16,16,59,47,363,7.7,1,16,49.2,52,2.9,22.7,79.7,6.2,383,1853,16,94,48.6,63,4.8,115.8,23.9
149,2002,4,Ricky Williams,Miami Dolphins,RB,3,16,16,0,0,0,0,0,383,1853,16,47,363,1,,,,,,,,,,,,,,,,,,,,,,,24,12,4.6,55,1,RB,10,0,2,1,20,20,1,1,50,20,0.1,2,50,10,11,35,0,2,45.5,10,3.2,3.5,1.1
150,2002,5,Steve McNair,Tennessee Titans,QB,1,16,16,301,492,3387,22,15,82,440,3,0,0,0,TEN,29,QB,16,16,11/5/2000,301,492,3387,22,15,84,,6.9,6.41,11.3,211.7,6.37,5.91,21,3,3,29,82,5.4,440,3,QB,16,16,0,0,0,,0,0,,,0,0,,,82,440,3,29,48.8,26,5.4,27.5,5.1
151,2001,1,Marshall Faulk,St. Louis Rams,RB,23,14,14,0,1,0,0,0,260,1382,12,83,765,9,STL,28,RB,14,14,,0,1,0,0,0,39.6,,0,0,,0,0,0,0,0,0,28,343,6.3,2147,21,RB,14,14,104,83,765,9.2,9,40,62.5,65,5.9,54.6,79.8,7.4,260,1382,12,70,54.6,71,5.3,98.7,18.6
152,2001,2,Kurt Warner,St. Louis Rams,QB,22,16,16,375,546,4830,36,22,28,60,0,0,0,0,STL,30,QB,16,16,14-2-0,375,546,4830,36,22,101.4,,8.8,8.35,12.9,301.9,7.87,7.41,38,1,2,30,28,2.1,60,0,QB,16,16,0,0,0,,0,0,,,0,0,,,28,60,0,3,21.4,23,2.1,3.8,1.8
153,2001,3,Brett Favre,Green Bay Packers,QB,3,16,16,314,510,3921,32,15,38,56,1,0,0,0,GNB,32,QB,16,16,12/4/2000,314,510,3921,32,15,94.1,,7.7,7.62,12.5,245.1,7.09,7.02,22,1,2,32,38,1.5,56,1,QB,16,16,0,0,0,,0,0,,,0,0,,,38,56,1,6,21.1,14,1.5,3.5,2.4
154,2001,4,Priest Holmes,Kansas City Chiefs,RB,2,16,16,0,0,0,0,0,327,1555,8,62,614,2,,,,,,,,,,,,,,,,,,,,,,,28,389,5.6,2169,10,RB,16,16,75,62,614,9.9,2,21,49.3,67,3.9,38.4,82.7,8.2,327,1555,8,81,50.5,41,4.8,97.2,20.4
155,2000,1,Marshall Faulk,St. Louis Rams,RB,32,14,14,0,0,0,0,0,253,1359,18,81,830,8,,,,,,,,,,,,,,,,,,,,,,,27,334,6.6,2189,26,RB,14,14,113,81,830,10.2,8,42,54,72,5.8,59.3,71.7,7.3,253,1359,18,78,55.7,36,5.4,97.1,18.1
156,2000,2,Eddie George,Tennessee Titans,RB,4,16,16,0,0,0,0,0,403,1509,14,50,453,2,,,,,,,,,,,,,,,,,,,,,,,27,453,4.3,1962,16,RB,16,16,65,50,453,9.1,2,23,55.4,24,3.1,28.3,76.9,7,403,1509,14,78,41.4,35,3.7,94.3,25.2
157,2000,3,Edgerrin James,Indianapolis Colts,RB,4,16,16,0,0,0,0,0,387,1709,13,63,594,5,,,,,,,,,,,,,,,,,,,,,,,22,450,5.1,2303,18,RB,16,16,87,63,594,9.4,5,24,52.9,60,3.9,37.1,72.4,6.8,387,1709,13,100,53,30,4.4,106.8,24.2
158,2000,4,Donovan McNabb,Philadelphia Eagles,QB,3,16,16,330,569,3365,21,13,86,629,6,2,5,0,PHI,24,QB,16,16,11/5/2000,330,569,3365,21,13,77.8,,5.9,5.62,10.2,210.3,5.05,4.79,45,2,3,24,88,7.2,634,6,QB,16,16,4,2,5,2.5,0,0,0,3,0.1,0.3,50,1.3,86,629,6,32,58.1,54,7.3,39.3,5.4
159,2000,5,Rich Gannon,Oakland Raiders,QB,2,16,16,284,473,3430,28,11,89,529,4,0,0,0,OAK,35,QB,16,16,12/4/2000,284,473,3430,28,11,92.4,,7.3,7.39,12.1,214.4,6.6,6.73,28,3,4,35,89,5.9,529,4,QB,16,16,0,0,0,,0,0,,,0,0,,,89,529,4,35,58.4,23,5.9,33.1,5.6
160,2000,6,Randy Moss,Minnesota Vikings,WR,2,16,16,0,0,0,0,0,3,5,0,77,1437,15,,,,,,,,,,,,,,,,,,,,,,,23,80,18,1442,15,WR,16,16,129,77,1437,18.7,15,57,57.4,78,4.8,89.8,59.7,11.1,3,5,0,0,33.3,9,1.7,0.3,0.2
161,2000,7,Robert Smith,Minnesota Vikings,RB,2,16,16,0,0,0,0,0,295,1521,7,36,348,3,,,,,,,,,,,,,,,,,,,,,,,28,331,5.6,1869,10,RB,16,16,44,36,348,9.7,3,15,52.3,53,2.3,21.8,81.8,7.9,295,1521,7,63,50.5,72,5.2,95.1,18.4
162,2000,8,Peyton Manning,Indianapolis Colts,QB,1,16,16,357,571,4413,33,15,37,116,1,0,0,0,IND,24,QB,16,16,10/6/2000,357,571,4413,33,15,94.7,,7.7,7.7,12.4,275.8,7.25,7.22,20,2,3,24,37,3.1,116,1,QB,16,16,0,0,0,,0,0,,,0,0,,,37,116,1,11,35.1,14,3.1,7.3,2.3
163,1999,1,Marshall Faulk,St. Louis Rams,RB,26,16,16,0,1,0,0,0,253,1381,7,87,1048,5,STL,26,RB,16,16,,0,1,0,0,0,39.6,,0,0,,0,0,0,0,0,0,26,340,7.1,2429,12,RB,16,16,103,87,1048,12,5,40,58.3,57,5.4,65.5,84.5,10.2,253,1381,7,70,48.2,58,5.5,86.3,15.8
164,1999,2,Kurt Warner,St. Louis Rams,QB,18,16,16,325,499,4353,41,13,23,92,1,0,0,0,STL,28,QB,16,16,13-3-0,325,499,4353,41,13,109.2,,8.7,9.19,13.4,272.1,7.86,8.31,29,0,0,28,23,4,92,1,QB,16,16,0,0,0,,0,0,,,0,0,,,23,92,1,10,34.8,22,4,5.8,1.4
165,1999,3,Edgerrin James,Indianapolis Colts,RB,3,16,16,0,0,0,0,0,369,1553,13,62,586,4,,,,,,,,,,,,,,,,,,,,,,,21,431,5,2139,17,RB,16,16,82,62,586,9.5,4,23,45.1,54,3.9,36.6,75.6,7.1,369,1553,13,86,42.3,72,4.2,97.1,23.1
166,1999,4,Peyton Manning,Indianapolis Colts,QB,3,16,16,331,533,4135,26,15,35,73,2,0,0,0,IND,23,QB,16,16,13-3-0,331,533,4135,26,15,90.7,,7.8,7.47,12.5,258.4,7.35,7.06,14,6,7,23,35,2.1,73,2,QB,16,16,0,0,0,,0,0,,,0,0,,,35,73,2,15,34.3,13,2.1,4.6,2.2
167,1998,1,Terrell Davis,Denver Broncos,RB,19,16,16,0,0,0,0,0,392,2008,21,25,217,2,,,,,,,,,,,,,,,,,,,,,,,26,417,5.3,2225,23,RB,16,16,38,25,217,8.7,2,12,47.4,35,1.6,13.6,65.8,5.7,392,2008,21,101,50.3,70,5.1,125.5,24.5
168,1998,2,Randall Cunningham,Minnesota Vikings,QB,15,15,14,259,425,3704,34,10,32,132,1,1,-3,0,MIN,35,QB,15,14,13-1-0,259,425,3704,34,10,106,,8.7,9.26,14.3,246.9,8.03,8.54,20,0,1,35,33,3.9,129,1,QB,15,14,1,1,-3,-3,0,0,0,-3,0.1,-0.2,100,-3,32,132,1,11,50,22,4.1,8.8,2.1
169,1998,3,Randy Moss,Minnesota Vikings,WR,6,16,11,0,0,0,0,0,1,4,0,69,1313,17,,,,,,,,,,,,,,,,,,,,,,,21,70,18.8,1317,17,WR,16,11,124,69,1313,19,17,51,50.8,61,4.3,82.1,55.6,10.6,1,4,0,0,100,4,4,0.3,0.1
170,1998,4,Jamal Anderson,Atlanta Falcons,RB,2,16,16,0,2,0,0,0,410,1846,14,27,319,2,ATL,26,RB,16,16,,0,2,0,0,0,39.6,,0,0,,0,0,0,0,0,0,26,437,5,2165,16,RB,16,16,46,27,319,11.8,2,13,45.7,27,1.7,19.9,58.7,6.9,410,1846,14,94,48.5,48,4.5,115.4,25.6
171,1998,5,Marshall Faulk,Indianapolis Colts,RB,2,16,15,0,0,0,0,0,324,1319,6,86,908,4,,,,,,,,,,,,,,,,,,,,,,,25,410,5.4,2227,10,RB,16,15,106,86,908,10.6,4,44,58.5,78,5.4,56.8,81.1,8.6,324,1319,6,62,43.2,68,4.1,82.4,20.3
172,1998,6,Steve Young,San Francisco 49ers,QB,2,15,15,322,517,4170,36,12,70,454,6,0,0,0,SFO,37,QB,15,15,11/4/2000,322,517,4170,36,12,101.1,,8.1,8.41,13,278,6.97,7.28,48,2,3,37,70,6.5,454,6,QB,15,15,0,0,0,,0,0,,,0,0,,,70,454,6,35,52.9,24,6.5,30.3,4.7
173,1998,7,Vinny Testaverde,New York Jets,QB,1,14,13,259,421,3256,29,7,24,104,1,0,0,0,NYJ,35,QB,14,13,12/1/2000,259,421,3256,29,7,101.6,,7.7,8.36,12.6,232.6,7.08,7.68,19,3,3,35,24,4.3,104,1,QB,14,13,0,0,0,,0,0,,,0,0,,,24,104,1,8,37.5,25,4.3,7.4,1.7
174,1997,1,Barry Sanders,Detroit Lions,RB,37.5,16,16,0,0,0,0,0,335,2053,11,33,305,3,,,,,,,,,,,,,,,,,,,,,,,29,368,6.4,2358,14,RB,16,16,50,33,305,9.2,3,12,42,66,2.1,19.1,66,6.1,335,2053,11,86,45.1,82,6.1,128.3,20.9
175,1997,2,Terrell Davis,Denver Broncos,RB,7.5,15,15,0,0,0,0,0,369,1750,15,42,287,0,,,,,,,,,,,,,,,,,,,,,,,25,411,5,2037,15,RB,15,15,58,42,287,6.8,0,11,37.9,25,2.8,19.1,72.4,4.9,369,1750,15,99,54.2,50,4.7,116.7,24.6
176,1997,3,Brett Favre,Green Bay Packers,QB,3,16,16,304,513,3867,35,16,58,187,1,0,0,0,GNB,28,QB,16,16,13-3-0,304,513,3867,35,16,92.6,,7.5,7.5,12.7,241.7,6.86,6.82,25,0,0,28,58,3.2,187,1,QB,16,16,0,0,0,,0,0,,,0,0,,,58,187,1,17,37.9,16,3.2,11.7,3.6
177,1996,1,Terrell Davis,Denver Broncos,RB,36.5,16,16,0,0,0,0,0,345,1538,13,36,310,2,,,,,,,,,,,,,,,,,,,,,,,24,381,4.9,1848,15,RB,16,16,52,36,310,8.6,2,16,51.9,23,2.3,19.4,69.2,6,345,1538,13,91,44.6,71,4.5,96.1,21.6
178,1996,2,Brett Favre,Green Bay Packers,QB,34,16,16,325,543,3899,39,13,49,136,2,0,0,0,GNB,27,QB,16,16,13-3-0,325,543,3899,39,13,95.8,,7.2,7.54,12,243.7,6.27,6.61,40,1,1,27,49,2.8,136,2,QB,16,16,0,0,0,,0,0,,,0,0,,,49,136,2,19,46.9,23,2.8,8.5,3.1
179,1996,3,John Elway,Denver Broncos,QB,16.5,15,15,287,466,3328,26,14,50,249,4,0,0,0,DEN,36,QB,15,15,13-2-0,287,466,3328,26,14,89.2,,7.1,6.91,11.6,221.9,6.37,6.15,26,4,4,36,50,5,249,4,QB,15,15,0,0,0,,0,0,,,0,0,,,50,249,4,20,44,22,5,16.6,3.3
180,1996,4,Jerome Bettis,Pittsburgh Steelers,RB,3,16,12,0,0,0,0,0,320,1431,11,22,122,0,,,,,,,,,,,,,,,,,,,,,,,24,342,4.5,1553,11,RB,16,12,32,22,122,5.5,0,6,37.5,16,1.4,7.6,68.8,3.8,320,1431,11,77,51.3,50,4.5,89.4,20
181,1996,5,Isaac Bruce,St. Louis Rams,WR,1,16,16,1,2,15,0,1,1,4,0,84,1338,7,STL,24,WR,16,16,,1,2,15,0,1,35.4,,7.5,-15,15,0.9,7.5,-15,0,0,0,24,85,15.8,1342,7,WR,16,16,150,84,1338,15.9,7,60,51.3,70,5.3,83.6,56,8.9,1,4,0,0,100,4,4,0.3,0.1
182,1996,6,Jerry Rice,San Francisco 49ers,WR,1,16,16,0,1,0,0,0,11,77,1,108,1254,8,SFO,34,WR,16,16,,0,1,0,0,0,39.6,,0,0,,0,0,0,0,0,0,34,119,11.2,1331,9,WR,16,16,153,108,1254,11.6,8,72,62.1,39,6.8,78.4,70.6,8.2,11,77,1,3,36.4,38,7,4.8,0.7
183,1996,7,Shannon Sharpe,Denver Broncos,TE,1,15,15,0,0,0,0,0,0,0,0,80,1062,10,,,,,,,,,,,,,,,,,,,,,,,28,80,13.3,1062,10,TE,15,15,117,80,1062,13.3,10,52,52.1,51,5.3,70.8,68.4,9.1,0,0,0,0,,,,0,0
184,1995,1,Brett Favre,Green Bay Packers,QB,38,16,16,359,570,4413,38,13,39,181,3,0,0,0,GNB,26,QB,16,16,11/5/2000,359,570,4413,38,13,99.5,,7.7,8.05,12.3,275.8,6.96,7.25,33,0,1,26,39,4.6,181,3,QB,16,16,0,0,0,,0,0,,,0,0,,,39,181,3,17,51.3,40,4.6,11.3,2.4
185,1995,2,Emmitt Smith,Dallas Cowboys,RB,33,16,16,0,0,0,0,0,377,1773,25,62,375,0,,,,,,,,,,,,,,,,,,,,,,,26,439,4.9,2148,25,RB,16,16,78,62,375,6,0,14,32.1,40,3.9,23.4,79.5,4.8,377,1773,25,107,51.2,60,4.7,110.8,23.6
186,1995,3,Jerry Rice,San Francisco 49ers,WR,10,16,16,1,1,41,1,0,5,36,1,122,1848,15,SFO,33,WR,16,16,,1,1,41,1,0,158.3,,41,61,41,2.6,41,61,0,0,0,33,127,14.8,1884,16,WR,16,16,176,122,1848,15.1,15,74,58.5,81,7.6,115.5,69.3,10.5,5,36,1,3,60,20,7.2,2.3,0.3
187,1995,4,Herman Moore,Detroit Lions,WR,6,16,16,0,0,0,0,0,0,0,0,123,1686,14,,,,,,,,,,,,,,,,,,,,,,,26,123,13.7,1686,14,WR,16,16,206,123,1686,13.7,14,89,57.3,69,7.7,105.4,59.7,8.2,0,0,0,0,,,,0,0
188,1995,5,Barry Sanders,Detroit Lions,RB,1,16,16,1,2,11,0,0,314,1500,11,48,398,1,DET,27,RB,16,16,,1,2,11,0,0,66.7,,5.5,5.5,11,0.7,5.5,5.5,0,0,0,27,362,5.2,1898,12,RB,16,16,70,48,398,8.3,1,17,35.7,40,3,24.9,68.6,5.7,314,1500,11,72,42.4,75,4.8,93.8,19.6
189,1994,1,Barry Sanders,Detroit Lions,RB,53,16,16,0,0,0,0,0,331,1883,7,44,283,1,,,,,,,,,,,,,,,,,,,,,,,26,375,5.8,2166,8,RB,16,16,65,44,283,6.4,1,16,32.3,22,2.8,17.7,67.7,4.4,331,1883,7,76,44.7,85,5.7,117.7,20.7
190,1994,2,Steve Young,San Francisco 49ers,QB,41,16,16,324,461,3969,35,10,58,293,7,0,0,0,SFO,33,QB,16,16,13-3-0,324,461,3969,35,10,112.8,,8.6,9.15,12.3,248.1,7.74,8.24,31,1,1,33,58,5.1,293,7,QB,16,16,0,0,0,,0,0,,,0,0,,,58,293,7,28,60.3,27,5.1,18.3,3.6
191,1994,3,Jerry Rice,San Francisco 49ers,WR,3,16,16,0,0,0,0,0,7,93,2,112,1499,13,,,,,,,,,,,,,,,,,,,,,,,32,119,13.4,1592,15,WR,16,16,151,112,1499,13.4,13,75,62.3,69,7,93.7,74.2,9.9,7,93,2,4,57.1,28,13.3,5.8,0.4
192,1994,4,Cris Carter,Minnesota Vikings,WR,1,16,16,0,0,0,0,0,0,0,0,122,1256,7,,,,,,,,,,,,,,,,,,,,,,,29,122,10.3,1256,7,WR,16,16,188,122,1256,10.3,7,62,49.5,65,7.6,78.5,64.9,6.7,0,0,0,0,,,,0,0
193,1993,1,Jerry Rice,San Francisco 49ers,WR,28,16,16,0,0,0,0,0,3,69,1,98,1503,15,,,,,,,,,,,,,,,,,,,,,,,31,101,15.6,1572,16,WR,16,16,153,98,1503,15.3,15,72,57.5,80,6.1,93.9,64.1,9.8,3,69,1,2,100,43,23,4.3,0.2
194,1993,2,Steve Young,San Francisco 49ers,QB,21,16,16,314,462,4023,29,16,69,407,2,2,2,0,SFO,32,QB,16,16,10/6/2000,314,462,4023,29,16,101.5,,8.7,8.4,12.8,251.4,7.84,7.55,31,0,0,32,71,5.8,409,2,QB,16,16,2,2,2,1,0,0,50,6,0.1,0.1,100,1,69,407,2,28,55.1,35,5.9,25.4,4.3
195,1993,3,Emmitt Smith,Dallas Cowboys,RB,12,14,13,0,0,0,0,0,283,1486,9,57,414,1,,,,,,,,,,,,,,,,,,,,,,,24,340,5.6,1900,10,RB,14,13,65,57,414,7.3,1,13,43.1,86,4.1,29.6,87.7,6.4,283,1486,9,74,57.6,62,5.3,106.1,20.2
196,1993,4,John Elway,Denver Broncos,QB,10,16,16,348,551,4030,25,10,44,153,0,0,0,0,DEN,33,QB,16,16,9/7/2000,348,551,4030,25,10,92.8,,7.3,7.4,11.6,251.9,6.33,6.42,39,1,1,33,44,3.5,153,0,QB,16,16,0,0,0,,0,0,,,0,0,,,44,153,0,11,34.1,18,3.5,9.6,2.8
197,1993,5,Sterling Sharpe,Green Bay Packers,WR,9,16,16,1,1,1,0,0,4,8,0,112,1274,11,GNB,28,WR,16,16,,1,1,1,0,0,79.2,,1,1,1,0.1,1,1,0,0,0,28,116,11.1,1282,11,WR,16,16,189,112,1274,11.4,11,68,51.3,54,7,79.6,59.3,6.7,4,8,0,0,50,5,2,0.5,0.3
198,1993,6,Troy Aikman,Dallas Cowboys,QB,1,14,14,271,392,3100,15,6,32,125,0,0,0,0,DAL,27,QB,14,14,11/3/2000,271,392,3100,15,6,99,,7.9,7.98,11.4,221.4,7.05,7.12,26,0,1,27,32,3.9,125,0,QB,14,14,0,0,0,,0,0,,,0,0,,,32,125,0,6,40.6,20,3.9,8.9,2.3
199,1992,1,Steve Young,San Francisco 49ers,QB,28,16,16,268,402,3465,25,7,76,537,4,0,0,0,SFO,31,QB,16,16,14-2-0,268,402,3465,25,7,107,,8.6,9.08,12.9,216.6,7.69,8.12,29,3,5,31,76,7.1,537,4,QB,16,16,0,0,0,,0,0,,,0,0,,,76,537,4,33,52.6,39,7.1,33.6,4.8
200,1992,2,Barry Foster,Pittsburgh Steelers,RB,24,16,15,0,1,0,0,0,390,1690,11,36,344,0,PIT,24,RB,16,15,,0,1,0,0,0,39.6,,0,0,,0,0,0,0,0,0,24,426,4.8,2034,11,RB,16,15,50,36,344,9.6,0,12,46,42,2.3,21.5,72,6.9,390,1690,11,86,49,69,4.3,105.6,24.4
201,1992,3,Emmitt Smith,Dallas Cowboys,RB,17,16,16,0,0,0,0,0,373,1713,18,59,335,1,,,,,,,,,,,,,,,,,,,,,,,23,432,4.7,2048,19,RB,16,16,74,59,335,5.7,1,12,37.8,26,3.7,20.9,79.7,4.5,373,1713,18,91,50.4,68,4.6,107.1,23.3
202,1992,4,Sterling Sharpe,Green Bay Packers,WR,6,16,16,0,0,0,0,0,4,8,0,108,1461,13,,,,,,,,,,,,,,,,,,,,,,,27,112,13.1,1469,13,WR,16,16,162,108,1461,13.5,13,69,56.2,76,6.8,91.3,66.7,9,4,8,0,1,25,14,2,0.5,0.3
203,1992,5,Thurman Thomas,Buffalo Bills,RB,3,16,16,0,0,0,0,0,312,1487,9,58,626,3,,,,,,,,,,,,,,,,,,,,,,,26,370,5.7,2113,12,RB,16,16,87,58,626,10.8,3,35,55.2,43,3.6,39.1,66.7,7.2,312,1487,9,78,51.3,44,4.8,92.9,19.5
204,1992,6,Jim Kelly,Buffalo Bills,QB,1,16,16,269,462,3457,23,19,31,53,1,0,0,0,BUF,32,QB,16,16,11/5/2000,269,462,3457,23,19,81.2,,7.5,6.63,12.9,216.1,6.87,6.05,20,3,3,32,31,1.7,53,1,QB,16,16,0,0,0,,0,0,,,0,0,,,31,53,1,4,22.6,10,1.7,3.3,1.9
205,1992,7,Ricky Watters,San Francisco 49ers,RB,1,14,13,0,1,0,0,0,206,1013,9,43,405,2,SFO,23,RB,14,13,,0,1,0,0,0,39.6,,0,0,,0,0,0,0,0,0,23,249,5.7,1418,11,RB,14,13,52,43,405,9.4,2,21,59.6,35,3.1,28.9,82.7,7.8,206,1013,9,54,57.8,43,4.9,72.4,14.7
206,1991,1,Thurman Thomas,Buffalo Bills,RB,47,15,15,0,0,0,0,0,288,1407,7,62,631,5,,,,,,,,,,,,,,,,,,,,,,,25,350,5.8,2038,12,RB,15,15,73,62,631,10.2,5,30,69.9,50,4.1,42.1,84.9,8.6,288,1407,7,62,52.1,33,4.9,93.8,19.2
207,1991,2,Jim Kelly,Buffalo Bills,QB,15,15,15,304,474,3844,33,17,20,45,1,0,0,0,BUF,31,QB,15,15,13-2-0,304,474,3844,33,17,97.6,,8.1,7.89,12.6,256.3,7.16,6.95,31,3,4,31,20,2.3,45,1,QB,15,15,0,0,0,,0,0,,,0,0,,,20,45,1,5,40,12,2.3,3,1.3
208,1991,3,Barry Sanders,Detroit Lions,RB,12,15,15,0,0,0,0,0,342,1548,16,41,307,1,,,,,,,,,,,,,,,,,,,,,,,23,383,4.8,1855,17,RB,15,15,52,41,307,7.5,1,18,50,34,2.7,20.5,78.8,5.9,342,1548,16,91,52.6,69,4.5,103.2,22.8
209,1991,4,Mark Rypien,Washington Redskins,QB,7,16,16,249,421,3564,28,11,15,6,1,0,0,0,WAS,29,QB,16,16,14-2-0,249,421,3564,28,11,97.9,,8.5,8.62,14.3,222.8,8.19,8.34,7,2,5,29,15,0.4,6,1,QB,16,16,0,0,0,,0,0,,,0,0,,,15,6,1,2,13.3,11,0.4,0.4,0.9
210,1991,5,Michael Irvin,Dallas Cowboys,WR,1,16,16,0,0,0,0,0,0,0,0,93,1523,8,,,,,,,,,,,,,,,,,,,,,,,25,93,16.4,1523,8,WR,16,16,149,93,1523,16.4,8,79,59.7,66,5.8,95.2,62.4,10.2,0,0,0,0,,,,0,0
211,1990,1,Warren Moon,Houston Oilers,QB,43,15,15,362,584,4689,33,13,55,215,2,0,0,0,HOU,34,QB,15,15,8/7/2000,362,584,4689,33,13,96.8,,8,8.16,13,312.6,7.16,7.28,36,1,1,34,55,3.9,215,2,QB,15,15,0,0,0,,0,0,,,0,0,,,55,215,2,20,52.7,17,3.9,14.3,3.7
212,1990,2,Randall Cunningham,Philadelphia Eagles,QB,14,16,16,271,465,3466,30,13,118,942,5,0,0,0,PHI,27,QB,16,16,10/6/2000,271,465,3466,30,13,91.6,,7.5,7.49,12.8,216.6,5.9,5.93,49,3,3,27,118,8,942,5,QB,16,16,0,0,0,,0,0,,,0,0,,,118,942,5,52,66.1,52,8,58.9,7.4
213,1990,3,Joe Montana,San Francisco 49ers,QB,7,15,15,321,520,3944,26,16,40,162,1,0,0,0,SFO,34,QB,15,15,14-1-0,321,520,3944,26,16,89,,7.6,7.2,12.3,262.9,6.91,6.54,29,3,5,34,40,4.1,162,1,QB,15,15,0,0,0,,0,0,,,0,0,,,40,162,1,11,47.5,20,4.1,10.8,2.7
214,1990,4,Barry Sanders,Detroit Lions,RB,7,16,16,0,0,0,0,0,255,1304,13,36,480,3,,,,,,,,,,,,,,,,,,,,,,,22,291,6.1,1784,16,RB,16,16,49,36,480,13.3,3,20,49,47,2.3,30,73.5,9.8,255,1304,13,71,53.3,45,5.1,81.5,15.9
215,1990,5,Jerry Rice,San Francisco 49ers,WR,5,16,16,0,0,0,0,0,2,0,0,100,1502,13,,,,,,,,,,,,,,,,,,,,,,,28,102,14.7,1502,13,WR,16,16,176,100,1502,15,13,73,52.3,64,6.3,93.9,56.8,8.5,2,0,0,1,50,,0,0,0.1
216,1990,6,Neal Anderson,Chicago Bears,RB,2,15,14,0,0,0,0,0,260,1078,10,42,484,3,,,,,,,,,,,,,,,,,,,,,,,26,302,5.2,1562,13,RB,15,14,59,42,484,11.5,3,20,47.5,50,2.8,32.3,71.2,8.2,260,1078,10,50,43.8,52,4.1,71.9,17.3
217,1990,7,Jim Kelly,Buffalo Bills,QB,2,14,14,219,346,2829,24,9,22,63,0,0,0,0,BUF,30,QB,14,14,12/2/2000,219,346,2829,24,9,101.2,,8.2,8.39,12.9,202.1,7.3,7.5,20,1,1,30,22,2.9,63,0,QB,14,14,0,0,0,,0,0,,,0,0,,,22,63,0,4,22.7,15,2.9,4.5,1.6
218,1989,1,Joe Montana,San Francisco 49ers,QB,50.5,13,13,271,386,3521,26,8,49,227,3,0,0,0,SFO,33,QB,13,13,11/2/2000,271,386,3521,26,8,112.4,,9.1,9.54,13,270.8,7.93,8.31,33,4,5,33,49,4.6,227,3,QB,13,13,0,0,0,,0,0,,,0,0,,,49,227,3,21,46.9,19,4.6,17.5,3.8
219,1989,2,Jerry Rice,San Francisco 49ers,WR,8,16,16,0,0,0,0,0,5,33,0,82,1483,17,,,,,,,,,,,,,,,,,,,,,,,27,87,17.4,1516,17,WR,16,16,131,82,1483,18.1,17,67,58,68,5.1,92.7,62.6,11.3,5,33,0,2,60,17,6.6,2.1,0.3
220,1989,3,Don Majkowski,Green Bay Packers,QB,6,16,16,353,599,4318,27,20,75,358,5,0,0,0,GNB,25,QB,16,16,10/6/2000,353,599,4318,27,20,82.3,,7.2,6.61,12.2,269.9,6.27,5.71,47,5,7,25,75,4.8,358,5,QB,16,16,0,0,0,,0,0,,,0,0,,,75,358,5,22,48,20,4.8,22.4,4.7
221,1989,4,Christian Okoye,Kansas City Chiefs,FB,2.5,15,14,0,0,0,0,0,370,1480,12,2,12,0,,,,,,,,,,,,,,,,,,,,,,,28,372,4,1492,12,FB,15,14,5,2,12,6,0,0,40,8,0.1,0.8,40,2.4,370,1480,12,77,52.4,59,4,98.7,24.7
222,1988,1,Roger Craig,San Francisco 49ers,RB,32,16,15,0,0,0,0,0,310,1502,9,76,534,1,,,,,,,,,,,,,,,,,,,,,,,28,386,5.3,2036,10,RB,16,15,111,76,534,7,1,29,42.3,22,4.8,33.4,68.5,4.8,310,1502,9,79,53.9,46,4.8,93.9,19.4
223,1988,2,Boomer Esiason,Cincinnati Bengals,QB,29,16,16,223,388,3572,28,14,43,248,1,0,0,0,CIN,27,QB,16,16,12/4/2000,223,388,3572,28,14,97.4,,9.2,9.03,16,223.3,7.96,7.79,30,3,4,27,43,5.8,248,1,QB,16,16,0,0,0,,0,0,,,0,0,,,43,248,1,13,62.8,24,5.8,15.5,2.7
224,1988,3,Randall Cunningham,Philadelphia Eagles,QB,5,16,16,301,560,3808,24,16,93,624,6,0,0,0,PHI,25,QB,16,16,10/6/2000,301,560,3808,24,16,77.6,,6.8,6.37,12.7,238,5.46,5.07,57,3,3,25,93,6.7,624,6,QB,16,16,0,0,0,,0,0,,,0,0,,,93,624,6,42,59.1,33,6.7,39,5.8
225,1988,4,Eddie Brown,Cincinnati Bengals,WR,2,16,16,0,0,0,0,0,1,-5,0,53,1273,9,,,,,,,,,,,,,,,,,,,,,,,26,54,23.5,1268,9,WR,16,16,99,53,1273,24,9,44,51.5,86,3.3,79.6,53.5,12.9,1,-5,0,0,0,-5,-5,-0.3,0.1
226,1988,5,Dan Marino,Miami Dolphins,QB,2,16,16,354,606,4434,28,23,20,-17,0,0,0,0,MIA,27,QB,16,16,6/10/2000,354,606,4434,28,23,80.8,,7.3,6.53,12.5,277.1,7.19,6.42,6,1,2,27,20,-0.9,-17,0,QB,16,16,0,0,0,,0,0,,,0,0,,,20,-17,0,1,5,6,-0.9,-1.1,1.3
227,1988,6,Herschel Walker,Dallas Cowboys,RB,1,16,16,0,0,0,0,0,361,1514,5,53,505,2,,,,,,,,,,,,,,,,,,,,,,,26,414,4.9,2019,7,RB,16,16,83,53,505,9.5,2,17,39.8,50,3.3,31.6,63.9,6.1,361,1514,5,77,47.4,38,4.2,94.6,22.6
228,1987,1,Jerry Rice,San Francisco 49ers,WR,68,12,12,0,0,0,0,0,8,51,1,65,1078,22,,,,,,,,,,,,,,,,,,,,,,,25,73,15.5,1129,23,WR,12,12,112,65,1078,16.6,22,54,55.4,57,5.4,89.8,58,9.6,8,51,1,5,75,17,6.4,4.3,0.7
229,1987,2,Joe Montana,San Francisco 49ers,QB,9,13,11,266,398,3054,31,13,35,141,1,0,0,0,SFO,31,QB,13,11,10/1/2000,266,398,3054,31,13,102.1,,7.7,7.76,11.5,234.9,6.9,6.98,22,3,3,31,35,4,141,1,QB,13,11,0,0,0,,0,0,,,0,0,,,35,141,1,10,51.4,20,4,10.8,2.7
230,1987,3,John Elway,Denver Broncos,QB,1,12,12,224,410,3198,19,12,66,304,4,0,0,0,DEN,27,QB,12,12,8/3/2001,224,410,3198,19,12,83.4,,7.8,7.41,14.3,266.5,7.12,6.74,20,3,2,27,66,4.6,304,4,QB,12,12,1,0,0,,0,0,0,,0,0,0,0,66,304,4,28,51.5,29,4.6,25.3,5.5
231,1987,4,Bernie Kosar,Cleveland Browns,QB,1,12,12,241,389,3033,22,9,15,22,1,0,0,0,CLE,24,QB,12,12,8/4/2000,241,389,3033,22,9,95.4,,7.8,7.89,12.6,252.8,7.07,7.15,22,0,0,24,15,1.5,22,1,QB,12,12,0,0,0,,0,0,,,0,0,,,15,22,1,2,20,7,1.5,1.8,1.3
232,1986,1,Eric Dickerson,Los Angeles Rams,RB,27,16,16,1,1,15,1,0,404,1821,11,26,205,0,RAM,26,RB,16,16,,1,1,15,1,0,158.3,,15,35,15,0.9,15,35,0,0,0,26,430,4.7,2026,11,RB,16,16,46,26,205,7.9,0,7,30.4,28,1.6,12.8,56.5,4.5,404,1821,11,98,52.5,42,4.5,113.8,25.3
233,1986,2,Dan Marino,Miami Dolphins,QB,25,16,16,378,623,4746,44,23,12,-3,0,0,0,0,MIA,25,QB,16,16,8/8/2000,378,623,4746,44,23,92.5,,7.6,7.37,12.6,296.6,7.23,6.99,17,1,2,25,12,-0.3,-3,0,QB,16,16,0,0,0,,0,0,,,0,0,,,12,-3,0,1,16.7,13,-0.3,-0.2,0.8
234,1986,3,Jerry Rice,San Francisco 49ers,WR,13,16,15,1,2,16,0,0,10,72,1,86,1570,15,SFO,24,WR,16,15,,1,2,16,0,0,77.1,,8,8,16,1,8,8,0,0,0,24,96,17.1,1642,16,WR,16,15,152,86,1570,18.3,15,69,49.3,66,5.4,98.1,56.6,10.3,10,72,1,5,80,18,7.2,4.5,0.6
235,1986,4,Joe Morris,New York Giants,RB,7,15,15,0,0,0,0,0,341,1516,14,21,233,1,,,,,,,,,,,,,,,,,,,,,,,26,362,4.8,1749,15,RB,15,15,36,21,233,11.1,1,12,50,23,1.4,15.5,58.3,6.5,341,1516,14,75,45.2,54,4.4,101.1,22.7
236,1986,5,Todd Christensen,Los Angeles Raiders,TE,1,16,16,0,0,0,0,0,0,0,0,95,1153,8,,,,,,,,,,,,,,,,,,,,,,,30,95,12.1,1153,8,TE,16,16,146,95,1153,12.1,8,66,61,35,5.9,72.1,65.1,7.9,0,0,0,0,,,,0,0
237,1986,6,John Elway,Denver Broncos,QB,1,16,16,280,504,3485,19,13,52,257,1,1,23,1,DEN,26,QB,16,16,11/5/2000,280,504,3485,19,13,79,,6.9,6.51,12.4,217.8,6.07,5.68,32,1,1,26,53,5.3,280,2,QB,16,16,1,1,23,23,1,1,100,23,0.1,1.4,100,23,52,257,1,21,53.8,24,4.9,16.1,3.3
238,1986,7,Ken O'Brien,New York Jets,QB,1,15,14,300,482,3690,25,20,17,46,0,0,0,0,NYJ,26,QB,15,14,8/6/2000,300,482,3690,25,20,85.8,,7.7,6.83,12.3,246,6.39,5.63,40,3,3,26,17,2.7,46,0,QB,15,14,0,0,0,,0,0,,,0,0,,,17,46,0,3,41.2,11,2.7,3.1,1.1
239,1985,1,Marcus Allen,Los Angeles Raiders,RB,,16,16,1,2,16,0,0,380,1759,11,67,555,3,RAI,25,RB,16,16,,1,2,16,0,0,77.1,,8,8,16,1,8,8,0,0,0,25,447,5.2,2314,14,RB,16,16,109,67,555,8.3,3,30,48.6,44,4.2,34.7,61.5,5.1,380,1759,11,84,53.2,61,4.6,109.9,23.8
240,1985,2,Walter Payton,Chicago Bears,RB,,16,16,3,5,96,1,0,324,1551,9,49,483,2,CHI,32,RB,16,16,,3,5,96,1,0,143.7,,19.2,23.2,32,6,19.2,23.2,0,0,0,32,373,5.5,2034,11,RB,16,16,62,49,483,9.9,2,18,54.8,65,3.1,30.2,79,7.8,324,1551,9,81,54.3,40,4.8,96.9,20.3
241,1985,3,Roger Craig,San Francisco 49ers,FB,,16,16,0,0,0,0,0,214,1050,9,92,1016,6,,,,,,,,,,,,,,,,,,,,,,,25,306,6.8,2066,15,FB,16,16,117,92,1016,11,6,44,55.6,73,5.8,63.5,78.6,8.7,214,1050,9,55,55.6,62,4.9,65.6,13.4
242,1985,4,Dan Marino,Miami Dolphins,QB,,16,16,336,567,4137,30,21,26,-24,0,0,0,0,MIA,24,QB,16,16,12/4/2000,336,567,4137,30,21,84.1,,7.3,6.69,12.3,258.6,6.8,6.21,18,3,5,24,26,-0.9,-24,0,QB,16,16,0,0,0,,0,0,,,0,0,,,26,-24,0,0,3.8,6,-0.9,-1.5,1.6
243,1984,1,Dan Marino,Miami Dolphins,QB,52,16,16,362,564,5084,48,17,28,-7,0,0,0,0,MIA,23,QB,16,16,14-2-0,362,564,5084,48,17,108.9,,9,9.36,14,317.8,8.6,8.94,13,2,3,23,28,-0.3,-7,0,QB,16,16,0,0,0,,0,0,,,0,0,,,28,-7,0,2,10.7,10,-0.3,-0.4,1.8
244,1984,2,Eric Dickerson,Los Angeles Rams,RB,18,16,16,0,1,0,0,1,379,2105,14,21,139,0,RAM,24,RB,16,16,,0,1,0,0,1,0,,0,-45,,0,0,-45,0,0,0,24,400,5.6,2244,14,RB,16,16,32,21,139,6.6,0,7,34.4,19,1.3,8.7,65.6,4.3,379,2105,14,95,51.5,66,5.6,131.6,23.7
245,1984,3,Marcus Allen,Los Angeles Raiders,RB,,16,16,1,4,38,0,0,275,1168,13,64,758,5,RAI,24,RB,16,16,,1,4,38,0,0,66.7,,9.5,9.5,38,2.4,7.2,7.2,1,0,0,24,339,5.7,1926,18,RB,16,16,92,64,758,11.8,5,28,56.5,92,4,47.4,69.6,8.2,275,1168,13,65,54.2,52,4.2,73,17.2
246,1984,4,Joe Montana,San Francisco 49ers,QB,,16,15,279,432,3630,28,10,39,118,2,0,0,0,SFO,28,QB,16,15,14-1-0,279,432,3630,28,10,102.9,,8.4,8.66,13,226.9,7.69,7.93,22,2,2,28,39,3,118,2,QB,16,15,0,0,0,,0,0,,,0,0,,,39,118,2,14,46.2,15,3,7.4,2.4
247,1984,5,Walter Payton,Chicago Bears,RB,,16,16,3,8,47,2,1,381,1684,11,45,368,0,CHI,31,RB,16,16,,3,8,47,2,1,57.8,,5.9,5.25,15.7,2.9,5.88,5.25,0,0,0,31,426,4.8,2052,11,RB,16,16,63,45,368,8.2,0,11,42.9,31,2.8,23,71.4,5.8,381,1684,11,82,48.6,72,4.4,105.3,23.8
248,1983,1,Joe Theismann,Washington Redskins,QB,41,16,16,276,459,3714,29,11,37,234,1,0,0,0,WAS,34,QB,16,16,14-2-0,276,459,3714,29,11,97,,8.1,8.28,13.5,232.1,7.04,7.22,34,2,4,34,37,6.3,234,1,QB,16,16,0,0,0,,0,0,,,0,0,,,37,234,1,15,48.6,22,6.3,14.6,2.3
249,1983,2,Eric Dickerson,Los Angeles Rams,RB,29,16,16,0,0,0,0,0,390,1808,18,51,404,2,,,,,,,,,,,,,,,,,,,,,,,23,441,5,2212,20,RB,16,16,63,51,404,7.9,2,15,50.8,37,3.2,25.3,81,6.4,390,1808,18,116,51,85,4.6,113,24.4
250,1983,3,Dan Marino,Miami Dolphins,QB,5,11,9,173,296,2210,20,6,28,45,2,0,0,0,MIA,22,QB,11,9,7/2/2000,173,296,2210,20,6,96,,7.5,7.91,12.8,200.9,6.96,7.39,10,1,2,22,28,1.6,45,2,QB,11,9,0,0,0,,0,0,,,0,0,,,28,45,2,5,21.4,15,1.6,4.1,2.5
251,1983,4,John Riggins,Washington Redskins,RB,4,15,15,0,1,0,0,0,375,1347,24,5,29,0,WAS,34,RB,15,15,,0,1,0,0,0,39.6,,0,0,,0,0,0,0,0,0,34,380,3.6,1376,24,RB,15,15,8,5,29,5.8,0,1,50,14,0.3,1.9,62.5,3.6,375,1347,24,98,53.9,44,3.6,89.8,25
252,1983,5,Joe Montana,San Francisco 49ers,QB,2,16,16,332,515,3910,26,12,61,284,2,0,0,0,SFO,27,QB,16,16,10/6/2000,332,515,3910,26,12,94.6,,7.6,7.55,11.8,244.4,6.73,6.69,33,2,1,27,61,4.7,284,2,QB,16,16,0,0,0,,0,0,,,0,0,,,61,284,2,26,65.6,18,4.7,17.8,3.8
253,1983,6,Lynn Dickey,Green Bay Packers,QB,1,16,16,289,484,4458,32,29,21,12,3,0,0,0,GNB,34,QB,16,16,8/8/2000,289,484,4458,32,29,87.3,,9.2,7.84,15.4,278.6,7.92,6.65,40,3,4,34,21,0.6,12,3,QB,16,16,0,0,0,,0,0,,,0,0,,,21,12,3,5,28.6,4,0.6,0.8,1.3
254,1983,7,Mike Quick,Philadelphia Eagles,WR,1,16,16,0,0,0,0,0,0,0,0,69,1409,13,,,,,,,,,,,,,,,,,,,,,,,24,69,20.4,1409,13,WR,16,16,130,69,1409,20.4,13,57,49.2,83,4.3,88.1,53.1,10.8,0,0,0,0,,,,0,0
255,1983,8,Curt Warner,Seattle Seahawks,RB,1,16,16,0,0,0,0,0,335,1449,13,42,325,1,,,,,,,,,,,,,,,,,,,,,,,22,377,4.7,1774,14,RB,16,16,58,42,325,7.7,1,13,44.8,28,2.6,20.3,72.4,5.6,335,1449,13,80,54.9,60,4.3,90.6,20.9
256,1982,1,Dan Fouts,San Diego Chargers,QB,43,9,9,204,330,2883,17,11,9,8,1,0,0,0,SDG,31,QB,9,9,6/3/2000,204,330,2883,17,11,93.3,,8.7,8.27,14.1,320.3,8.15,7.7,12,1,2,31,9,0.9,8,1,QB,9,9,0,0,0,,0,0,,,0,0,,,9,8,1,1,33.3,9,0.9,0.9,1
257,1982,2,Marcus Allen,Los Angeles Raiders,RB,18,9,9,1,4,47,0,0,160,697,11,38,401,3,RAI,22,RB,9,9,,1,4,47,0,0,76,,11.8,11.75,47,5.2,11.75,11.75,0,0,0,22,198,5.5,1098,14,RB,9,9,54,38,401,10.6,3,18,51.9,51,4.2,44.6,70.4,7.4,160,697,11,40,45,53,4.4,77.4,17.8
258,1982,3,Mark Moseley,Washington Redskins,K,11,9,0,0,0,0,0,0,0,0,0,0,0,0,,,,,,,,,,,,,,,,,,,,,,,,,,,,,,,,,,,,,,,,,,,,,,,,,,,
259,1982,4,Wes Chandler,San Diego Chargers,WR,3,8,8,0,0,0,0,0,5,32,0,49,1032,9,,,,,,,,,,,,,,,,,,,,,,,26,54,19.7,1064,9,WR,8,8,83,49,1032,21.1,9,44,56.6,66,6.1,129,59,12.4,5,32,0,3,60,21,6.4,4,0.6
260,1982,5,Danny White,Dallas Cowboys,QB,3,9,9,156,247,2079,16,12,17,91,0,0,0,0,DAL,30,QB,9,9,6/3/2000,156,247,2079,16,12,91.1,,8.4,7.53,13.3,231,6.67,5.86,25,0,0,30,17,5.4,91,0,QB,9,9,0,0,0,,0,0,,,0,0,,,17,91,0,6,35.3,21,5.4,10.1,1.9
261,1982,6,Kellen Winslow,San Diego Chargers,TE,2,9,9,0,1,0,0,0,0,0,0,54,721,6,SDG,25,TE,9,9,,0,1,0,0,0,39.6,,0,0,,0,0,0,0,0,0,25,54,13.4,721,6,TE,9,9,72,54,721,13.4,6,35,65.3,40,6,80.1,75,10,0,0,0,0,,,,0,0
262,1981,1,Ken Anderson,Cincinnati Bengals,QB,40,16,16,300,479,3754,29,10,46,320,1,0,0,0,CIN,32,QB,16,16,12/4/2000,300,479,3754,29,10,98.4,,7.8,8.11,12.5,234.6,7.17,7.43,25,2,2,32,46,7,320,1,QB,16,16,0,0,0,,0,0,,,0,0,,,46,320,1,18,58.7,25,7,20,2.9
263,1981,2,Tony Dorsett,Dallas Cowboys,RB,21,16,16,0,0,0,0,0,342,1646,4,32,325,2,,,,,,,,,,,,,,,,,,,,,,,27,374,5.3,1971,6,RB,16,16,43,32,325,10.2,2,9,44.2,73,2,20.3,74.4,7.6,342,1646,4,71,48.2,75,4.8,102.9,21.4
264,1981,3,Joe Montana,San Francisco 49ers,QB,8,16,16,311,488,3565,19,12,25,95,2,0,0,0,SFO,25,QB,16,16,13-3-0,311,488,3565,19,12,88.4,,7.3,6.98,11.5,222.8,6.56,6.25,26,2,2,25,25,3.8,95,2,QB,16,16,0,0,0,,0,0,,,0,0,,,25,95,2,7,36,20,3.8,5.9,1.6
265,1981,4,George Rogers,New Orleans Saints,RB,4,16,16,0,0,0,0,0,378,1674,13,16,126,0,,,,,,,,,,,,,,,,,,,,,,,23,394,4.6,1800,13,RB,16,16,25,16,126,7.9,0,6,36,25,1,7.9,64,5,378,1674,13,91,48.1,79,4.4,104.6,23.6
266,1981,5,Dan Fouts,San Diego Chargers,QB,3,16,16,360,609,4802,33,17,22,56,0,0,0,0,SDG,30,QB,16,16,10/6/2000,360,609,4802,33,17,90.6,,7.9,7.71,13.3,300.1,7.43,7.27,19,3,3,30,22,2.5,56,0,QB,16,16,0,0,0,,0,0,,,0,0,,,22,56,0,4,40.9,13,2.5,3.5,1.4
267,1981,6,Chuck Muncie,San Diego Chargers,RB,2,15,14,1,1,3,1,0,251,1144,19,43,362,0,SDG,28,RB,15,14,,1,1,3,1,0,118.7,,3,23,3,0.2,3,23,0,0,0,28,294,5.1,1506,19,RB,15,14,60,43,362,8.4,0,17,51.7,32,2.9,24.1,71.7,6,251,1144,19,72,54.6,73,4.6,76.3,16.7
268,1981,7,Billy Sims,Detroit Lions,RB,2,14,14,0,0,0,0,0,296,1437,13,28,451,2,,,,,,,,,,,,,,,,,,,,,,,26,324,5.8,1888,15,RB,14,14,50,28,451,16.1,2,18,40,81,2,32.2,56,9,296,1437,13,83,52,51,4.9,102.6,21.1
269,1981,8,William Andrews,Atlanta Falcons,FB,1,16,16,0,0,0,0,0,289,1301,10,81,735,2,,,,,,,,,,,,,,,,,,,,,,,26,370,5.5,2036,12,FB,16,16,104,81,735,9.1,2,34,51.9,70,5.1,45.9,77.9,7.1,289,1301,10,77,59.9,29,4.5,81.3,18.1
270,1981,9,Joe Delaney,Kansas City Chiefs,RB,1,15,10,0,0,0,0,0,234,1121,3,22,246,0,,,,,,,,,,,,,,,,,,,,,,,23,256,5.3,1367,3,RB,15,10,47,22,246,11.2,0,9,29.8,61,1.5,16.4,46.8,5.2,234,1121,3,44,45.3,82,4.8,74.7,15.6
271,1981,10,Anthony Munoz,Cincinnati Bengals,LT,1,16,16,0,0,0,0,0,0,0,0,0,0,0,,,,,,,,,,,,,,,,,,,,,,,,,,,,,,,,,,,,,,,,,,,,,,,,,,,
272,1981,11,Kellen Winslow,San Diego Chargers,TE,1,16,16,0,2,0,0,0,0,0,0,88,1075,10,SDG,24,TE,16,16,,0,2,0,0,0,39.6,,0,0,,0,0,0,0,0,0,24,88,12.2,1075,10,TE,16,16,140,88,1075,12.2,10,57,56.4,67,5.5,67.2,62.9,7.7,0,0,0,0,,,,0,0
273,1980,1,Earl Campbell,Houston Oilers,RB,43,15,15,1,2,57,1,0,373,1934,13,11,47,0,HOU,25,RB,15,15,,1,2,57,1,0,135.4,,28.5,38.5,57,3.8,28.5,38.5,0,0,0,25,384,5.2,1981,13,RB,15,15,20,11,47,4.3,0,3,30,10,0.7,3.1,55,2.4,373,1934,13,113,57.6,55,5.2,128.9,24.9
274,1980,2,Brian Sipe,Cleveland Browns,QB,26,16,16,337,554,4132,30,14,20,55,1,0,0,0,CLE,31,QB,16,16,11/5/2000,337,554,4132,30,14,91.4,,7.5,7.4,12.3,258.3,6.79,6.73,23,3,4,31,20,2.8,55,1,QB,16,16,0,0,0,,0,0,,,0,0,,,20,55,1,5,35,24,2.8,3.4,1.3
275,1980,3,Dan Fouts,San Diego Chargers,QB,7,16,16,348,589,4715,30,24,23,15,2,0,0,0,SDG,29,QB,16,16,11/5/2000,348,589,4715,30,24,84.7,,8,7.19,13.5,294.7,7.25,6.48,32,1,2,29,23,0.7,15,2,QB,16,16,0,0,0,,0,0,,,0,0,,,23,15,2,7,34.8,9,0.7,0.9,1.4
276,1980,4,John Jefferson,San Diego Chargers,WR,6,16,16,0,0,0,0,0,1,16,0,82,1340,13,,,,,,,,,,,,,,,,,,,,,,,24,83,16.3,1356,13,WR,16,16,153,82,1340,16.3,13,73,51,58,5.1,83.8,53.6,8.8,1,16,0,1,100,16,16,1,0.1
