,1000_Rec_Yards,1000_Rush_Yards,GS Pass_Cmp,Likely_RB,PFR_Age GS,PFR_Age^2,Pass_Comp_Pct,Pass_Int,Pass_TD_INT_Ratio,Pass_YPA,Rec,Rec_YPR,Rush_TD,Rush_TD_Rate,Rush_YPC,Rush_Yds,Total_TD,Total_TDs,Total_Yards,target,season
91,-0.302659963383191,-0.5800418934273982,0.3261894516362279,-0.590810124975516,0.40296445872252334,0.07102597248546388,0.5692750425533109,0.026565300162358144,-0.4021662540438065,-0.500422152886127,-0.0056282492732011415,-1.1642864300109321,-0.29714918157447795,-0.26228952507799996,0.13451618766807574,-0.2324656132115792,-0.5649580068690754,-0.7467905510316989,-0.8554843501499956,1.0,2002
90,-0.302659963383191,-0.5800418934273982,0.3261894516362279,-0.590810124975516,0.40296445872252334,0.07102597248546388,0.5692750425533109,0.026565300162358144,-0.4021662540438065,-0.500422152886127,1.5593377291918835,0.7403434032239734,-0.29714918157447795,-0.26228952507799996,0.13451618766807574,-0.2324656132115792,-0.5649580068690754,-0.29041854762343844,0.8351452725409262,17.0,2002
137,-0.302659963383191,-0.5800418934273982,-1.943628587619995,-0.590810124975516,-2.4666460371539563,0.07102597248546388,0.5692750425533109,0.026565300162358144,-0.4021662540438065,-0.500422152886127,-1.034034463693114,0.6191735801329892,-0.5594475332112087,-0.2943438545659336,-0.0007300888147125883,0.17477787942185427,-0.6933983804498033,-0.7467905510316989,-0.1520008829900147,14.0,1991
131,-0.302659963383191,-0.5800418934273982,-1.943628587619995,-0.590810124975516,-2.4666460371539563,0.07102597248546388,0.5692750425533109,0.026565300162358144,-0.4021662540438065,-0.500422152886127,-0.0056282492732011415,-1.1642864300109321,-0.29714918157447795,-0.26228952507799996,0.13451618766807574,-0.2324656132115792,-0.5649580068690754,-0.7467905510316989,-0.8554843501499956,2.0,1992
147,-0.302659963383191,-0.5800418934273982,0.6504491715299741,-0.590810124975516,0.8129088152763062,0.07102597248546388,0.5692750425533109,0.026565300162358144,-0.4021662540438065,-0.500422152886127,-0.0056282492732011415,-1.1642864300109321,-0.29714918157447795,-0.26228952507799996,0.13451618766807574,-0.2324656132115792,-0.5649580068690754,-0.7467905510316989,-0.8554843501499956,6.0,1990
115,-0.302659963383191,1.7240134054647667,0.488319311583101,1.6925911688487756,0.6079366369994148,0.07102597248546388,0.5692750425533109,0.026565300162358144,-0.4021662540438065,-0.500422152886127,-0.40804807230708007,0.20730270490218775,2.325834334792828,-0.26782600843165183,-0.21790816757656598,1.895434939920183,0.7194457289382027,1.7632554677137338,1.5253911475769288,57.0,1995
108,-0.302659963383191,-0.5800418934273982,-0.9708494279387566,-0.590810124975516,-1.2368129674926078,0.07102597248546388,0.5692750425533109,0.026565300162358144,-0.4021662540438065,-0.500422152886127,-0.2291948176253561,0.22214072124204673,-0.5594475332112087,-0.2922516702883174,-0.31276181188934365,-0.18555798578783295,-0.6933983804498033,-0.7467905510316989,-0.24844619703614113,1.0,1997
113,-0.302659963383191,-0.5800418934273982,0.3261894516362279,-0.590810124975516,0.40296445872252334,0.07102597248546388,0.5692750425533109,0.026565300162358144,-0.4021662540438065,-0.500422152886127,0.6650714557832638,1.5333473730510059,-0.29714918157447795,-0.26228952507799996,0.13451618766807574,-0.2324656132115792,-0.5649580068690754,1.3068834643054732,0.8918778102151181,3.0,1996
71,-0.302659963383191,-0.5800418934273982,-1.2951091478325027,-0.590810124975516,-1.6467573240463906,0.07102597248546388,0.5692750425533109,0.026565300162358144,-0.4021662540438065,-0.500422152886127,-0.0056282492732011415,1.8917742419675383,-0.29714918157447795,0.8964964407032624,1.6427105311091508,-1.172750326569402,-0.5649580068690754,0.6223254591930825,-0.2597927045709795,1.0,2009
116,-0.302659963383191,1.7240134054647667,0.3261894516362279,1.6925911688487756,0.40296445872252334,0.07102597248546388,0.5692750425533109,0.026565300162358144,-0.4021662540438065,-0.500422152886127,0.4415048874311088,0.016509283147925994,0.48974587333571395,-0.2808262320037875,0.007110010390300786,1.1065339332480868,-0.179636886126892,0.16595345578482204,1.0261448160440392,16.0,1995
117,3.304037933599835,-0.5800418934273982,0.6504491715299741,-0.590810124975516,0.8129088152763062,0.07102597248546388,0.5692750425533109,0.026565300162358144,-0.4021662540438065,-0.500422152886127,1.2463445334988668,1.2805259069267316,-1.0840442364846699,-0.18704368314028424,3.115344121093342,-0.946740848982261,-0.9502791276112589,0.16595345578482204,0.4758392006043768,13.0,1995
29,-0.302659963383191,-0.5800418934273982,2.0163105222660804,-0.590810124975516,1.0178809935531976,0.07102597248546388,-1.7566201315053702,0.9310505199759819,1.6309308564236633,1.8552204574665778,-1.74944748242001,-1.1642864300109321,-1.3463425881214006,-0.3259590836501439,-0.5890595883005101,-1.0000449710547,1.7469687175840252,-1.65953455784822,-1.5362748022402997,5.0,2021
79,3.304037933599835,-0.5800418934273982,0.0019297317424817886,-0.590810124975516,-0.006979897831259459,0.07102597248546388,0.5692750425533109,0.026565300162358144,-0.4021662540438065,-0.500422152886127,1.3804844745101597,1.1734960364372398,-0.29714918157447795,-0.26228952507799996,0.13451618766807574,-0.2324656132115792,-0.5649580068690754,1.078697462601343,1.1074614533770477,9.0,2006
96,-0.302659963383191,-0.5800418934273982,0.6504491715299741,-0.590810124975516,0.8129088152763062,0.07102597248546388,0.5692750425533109,0.026565300162358144,-0.4021662540438065,-0.500422152886127,-0.0056282492732011415,-1.1642864300109321,-0.29714918157447795,-0.26228952507799996,0.13451618766807574,-0.2324656132115792,-0.5649580068690754,-0.7467905510316989,-0.8554843501499956,5.0,2001
23,-0.302659963383191,-0.5800418934273982,0.0019297317424817886,-0.590810124975516,0.0999621082262491,3.8298099179563283,-1.7566201315058054,-0.516125831725816,0.5034860951385542,1.4949969116294861,-1.74944748242001,-1.1642864300109321,-0.5594475332112087,-0.24260984333816632,-0.1281009336561152,-0.7697711637017637,0.20568423461529142,-0.9749765527358291,-1.3320376666132083,3.0,2022
75,-0.302659963383191,1.7240134054647667,0.6504491715299741,-0.590810124975516,0.8129088152763062,0.07102597248546388,0.5692750425533109,0.026565300162358144,-0.4021662540438065,-0.500422152886127,1.0674912788171427,0.02937899119866762,0.7520442249724446,-0.28727378223894046,-0.2590881404234417,1.3645258840786914,-0.0511965125461642,1.078697462601343,1.4629853561353177,1.0,2008
102,3.304037933599835,-0.5800418934273982,-0.16020012820439128,-0.590810124975516,-0.21195207610815087,0.07102597248546388,0.5692750425533109,0.026565300162358144,-0.4021662540438065,-0.500422152886127,1.3357711608397287,1.8357077965005724,-0.29714918157447795,5.786318533227065,-0.2315504020184383,-1.2665655814168946,-0.5649580068690754,3.132371477938515,0.7103336896577037,44.0,1998
33,3.304037933599835,-0.5800418934273982,0.3261894516362279,-0.590810124975516,0.40296445872252334,0.07102597248546388,0.5692750425533109,0.026565300162358144,-0.4021662540438065,-0.500422152886127,2.1853241205779175,1.3438441720274097,-1.3463425881214006,-0.3259590836501439,-0.9009293057888575,-1.2708299111826897,-1.0787195011919866,-0.06223254591930819,0.8710758797345811,9.0,2020
157,-0.302659963383191,-0.5800418934273982,-1.1329792878856297,-0.590810124975516,-1.4417851457694992,0.07102597248546388,0.5692750425533109,0.026565300162358144,-0.4021662540438065,-0.500422152886127,-1.034034463693114,0.1757719201524563,-0.29714918157447795,-0.2504988660833041,0.7188023648547353,-0.09387489582323796,-0.5649580068690754,-0.29041854762343844,-0.47537634773290915,20.0,1987
172,-0.302659963383191,-0.5800418934273982,-0.6465897080450105,-0.590810124975516,-0.8268686109388251,0.07102597248546388,0.5692750425533109,0.026565300162358144,-0.4021662540438065,-0.500422152886127,0.2626516327493848,1.8486552201509825,-1.0840442364846699,0.1833973847625278,6.350675490338007,-1.1237105342627582,-0.9502791276112589,0.6223254591930825,-0.019624961750233365,48.0,1984
38,-0.302659963383191,1.7240134054647667,0.6504491715299741,-0.590810124975516,0.8129088152763062,0.07102597248546388,0.5692750425533109,0.026565300162358144,-0.4021662540438065,-0.500422152886127,2.3194640615892106,0.0848177335541254,1.5389392798826367,-0.26155769107099947,0.10570372166575051,1.5116452609986228,0.33412460819601925,1.7632554677137338,2.0548948325360543,26.5,2018
135,-0.302659963383191,-0.5800418934273982,-0.32232998815126435,-0.590810124975516,-0.41692425438504227,0.07102597248546388,0.5692750425533109,0.026565300162358144,-0.4021662540438065,-0.500422152886127,-1.168174404704407,0.38799835567630536,-0.29714918157447795,-0.2642189056407727,-0.3228293422067991,-0.4883253991592861,-0.5649580068690754,-0.7467905510316989,-0.8403556734368777,1.0,1992
154,-0.302659963383191,1.7240134054647667,-0.32232998815126435,1.6925911688487756,-0.41692425438504227,0.07102597248546388,0.5692750425533109,0.026565300162358144,-0.4021662540438065,-0.500422152886127,-0.810467895340959,0.32967217887692557,2.588132686429559,-0.21304755120631305,0.18722359371488534,0.9977935242203114,0.8478861025189305,1.7632554677137338,0.6119972910224376,15.0,1988
114,-0.302659963383191,-0.5800418934273982,0.6504491715299741,-0.590810124975516,0.8129088152763062,0.07102597248546388,0.5692750425533109,0.026565300162358144,-0.4021662540438065,-0.500422152886127,-1.704734168749579,-1.0066325066100987,-0.29714918157447795,-0.26228952507799996,0.13451618766807574,-0.2324656132115792,-0.5649580068690754,-0.5186045493275686,-0.8535932655608558,2.0,1996
97,-0.302659963383191,1.7240134054647667,-0.32232998815126435,1.6925911688487756,-0.41692425438504227,0.07102597248546388,0.5692750425533109,0.026565300162358144,-0.4021662540438065,-0.500422152886127,-0.2291948176253561,-0.12562528659732922,1.0143425766091754,-0.2669349435142327,0.015516491080992878,1.0788157897704187,0.07724386103456361,0.3941394574889523,0.7311356201382408,2.0,2001
124,-0.302659963383191,1.7240134054647667,-0.16020012820439128,1.6925911688487756,-0.21195207610815087,0.07102597248546388,0.5692750425533109,0.026565300162358144,-0.4021662540438065,-0.500422152886127,-0.810467895340959,0.23207689286917615,-0.5594475332112087,-0.305402096128971,0.02509487433380557,0.9913970295716188,-0.6933983804498033,-0.9749765527358291,0.5817399375962019,1.0,1993
127,-0.302659963383191,-0.5800418934273982,-1.943628587619995,-0.590810124975516,-2.4666460371539563,0.07102597248546388,0.5692750425533109,0.026565300162358144,-0.4021662540438065,-0.500422152886127,-0.0056282492732011415,-1.1642864300109321,-0.29714918157447795,-0.26228952507799996,0.13451618766807574,-0.2324656132115792,-0.5649580068690754,-0.7467905510316989,-0.8554843501499956,8.0,1992
4,3.304037933599835,-0.5800418934273982,-1.943628587619995,-0.590810124975516,-0.0337153993456366,-6.966697159459985,-1.7566201315117844,-3.7722726230548616,-0.4021662540438065,-0.500422152886127,3.124303707656968,0.5771385604723456,-1.3463425881214006,-0.3259590836501439,-1.4364324286980923,-1.2708299111826897,-1.0787195011919866,-0.06223254591930819,0.5004233002631934,12.0,2024
148,-0.302659963383191,-0.5800418934273982,-0.9708494279387566,-0.590810124975516,-1.2368129674926078,0.07102597248546388,0.5692750425533109,0.026565300162358144,-0.4021662540438065,-0.500422152886127,-0.2291948176253561,0.6301861704402478,-0.29714918157447795,-0.26228952507799996,0.13451618766807574,-0.2324656132115792,-0.5649580068690754,0.8505114608972127,-0.12363461415291871,3.0,1990
168,-0.302659963383191,-0.5800418934273982,0.6504491715299741,-0.590810124975516,0.8129088152763062,0.07102597248546388,0.5692750425533109,0.026565300162358144,-0.4021662540438065,-0.500422152886127,-0.2739081312957871,-0.11803766460903896,-0.29714918157447795,-0.2785770865730733,-0.17447157938168067,-0.1279895339495989,-0.5649580068690754,-0.7467905510316989,-0.348673680260547,1.0,1986
129,-0.302659963383191,-0.5800418934273982,-1.8192187359056597,-0.590810124975516,-1.6467573240463906,0.07102597248546388,-1.7566201315072312,-3.0486844472039625,0.8916228159148248,1.2457982133743724,-0.0056282492732011415,-1.1642864300109321,-0.29714918157447795,0.2297025183892947,0.04228642371727392,-1.1620895021549142,-0.179636886126892,-0.7467905510316989,-1.6799972310149194,3.0,1992
136,-0.302659963383191,-0.5800418934273982,0.488319311583101,1.6925911688487756,0.6079366369994148,0.07102597248546388,0.5692750425533109,0.026565300162358144,-0.4021662540438065,-0.500422152886127,-0.944607836352252,-0.45484377403715276,-0.29714918157447795,-0.3029805963457585,-0.3636646581394399,0.7696518817502728,-0.5649580068690754,-0.7467905510316989,0.18650325846599758,34.0,1991
156,-0.302659963383191,-0.5800418934273982,-1.940319814968018,-0.590810124975516,-1.4417851457694992,0.07102597248546388,-1.756620131502291,0.026565300162358144,-0.4021662540438065,1.4368940251230677,0.3967915737606778,0.33671030050422845,0.22744752169898333,-0.2627286254817232,-0.14153047905797475,0.04471582156510326,-0.3080772597076198,-0.06223254591930819,0.254582303675028,31.0,1987
87,-0.302659963383191,-0.5800418934273982,-0.25747804417251513,-0.590810124975516,0.19799228044563194,0.07102597248546388,-1.7566201315054768,0.20746234412508288,1.4307015955224716,2.368338133906299,-0.0056282492732011415,-1.1642864300109321,-1.0840442364846699,-0.29867212997657094,-0.7096781895806189,-0.9680624978112365,1.233207223261114,-1.4313485561440895,-1.5079085334032036,48.0,2004
60,-0.302659963383191,-0.5800418934273982,1.645727985244656,-0.590810124975516,0.8129088152763062,0.07102597248546388,-1.7566201315066516,2.7400209596032292,1.1639994626615306,1.7520555108758413,-0.0056282492732011415,-1.1642864300109321,-0.034850829937747324,-0.2027276799628273,-0.19376288190286176,-0.7313921958096077,2.5176109590683917,-0.5186045493275686,-1.2979981440086932,11.0,2012
175,-0.302659963383191,1.7240134054647667,0.6504491715299741,-0.590810124975516,0.8129088152763062,0.07102597248546388,0.5692750425533109,0.026565300162358144,-0.4021662540438065,-0.500422152886127,0.5309315147719708,0.08457994482004838,3.3750277413397507,-0.2554328033850614,-0.018722236195107593,2.579859867330299,1.233207223261114,2.9041854762343844,2.4028543969377654,62.0,1983
64,-0.302659963383191,-0.5800418934273982,1.804549072539552,-0.590810124975516,0.8129088152763062,0.07102597248546388,-1.7566201315060883,1.6546386958268808,1.0533464500538552,1.4215706222439903,-0.0056282492732011415,-1.1642864300109321,-1.0840442364846699,-0.26936392047641144,-0.7893661544084359,-1.1407678533259387,1.3616475968418418,-1.4313485561440895,-1.661086385123522,44.0,2010
122,-0.302659963383191,1.7240134054647667,0.0019297317424817886,1.6925911688487756,-0.006979897831259459,0.07102597248546388,0.5692750425533109,0.026565300162358144,-0.4021662540438065,-0.500422152886127,-0.586901326988804,0.31523500640412094,0.48974587333571395,-0.2895764787515207,0.05646467214347525,1.7717693767121248,-0.179636886126892,-0.06223254591930819,1.383559803391449,72.0,1993
68,-0.302659963383191,-0.5800418934273982,0.6504491715299741,-0.590810124975516,0.8129088152763062,0.07102597248546388,0.5692750425533109,0.026565300162358144,-0.4021662540438065,-0.500422152886127,-1.704734168749579,-2.4255178172175986,-0.29714918157447795,-0.26228952507799996,0.13451618766807574,-0.2324656132115792,-0.5649580068690754,-0.7467905510316989,-0.8706130268631135,6.0,2009
141,-0.302659963383191,-0.5800418934273982,0.488319311583101,-0.590810124975516,0.6079366369994148,0.07102597248546388,0.5692750425533109,0.026565300162358144,-0.4021662540438065,-0.500422152886127,-0.0056282492732011415,-1.1642864300109321,-0.29714918157447795,-0.26228952507799996,0.13451618766807574,-0.2324656132115792,-0.5649580068690754,-0.7467905510316989,-0.8554843501499956,3.0,1991
5,-0.302659963383191,1.7240134054647667,-1.4572390077793758,1.6925911688487756,-1.851729502323282,0.07102597248546388,0.5692750425533109,0.026565300162358144,-0.4021662540438065,-0.500422152886127,0.3520782600902468,0.15061437921485768,0.7520442249724446,-0.2669032612060863,0.24380563289923882,1.1171947576625747,-0.0511965125461642,0.16595345578482204,1.0828773537182312,7.0,2024
126,-0.302659963383191,-0.5800418934273982,-0.6465897080450105,1.6925911688487756,-0.8268686109388251,0.07102597248546388,0.5692750425533109,0.026565300162358144,-0.4021662540438065,-0.500422152886127,-1.347027659386131,-0.07822606783980406,-0.5594475332112087,-0.29619149782408966,-0.3423891153838542,-0.07042108211136484,-0.6933983804498033,-0.9749765527358291,-0.5945146768487124,20.0,1992
112,-0.302659963383191,-0.5800418934273982,0.6504491715299741,-0.590810124975516,0.8129088152763062,0.07102597248546388,0.5692750425533109,0.026565300162358144,-0.4021662540438065,-0.500422152886127,1.1569179061580046,0.18668642261562868,-0.5594475332112087,-0.278206914721036,-0.2559548399177392,-0.4712680800961056,-0.6933983804498033,-0.29041854762343844,-0.013951707982814162,6.0,1996
100,-0.302659963383191,1.7240134054647667,0.6504491715299741,-0.590810124975516,0.8129088152763062,0.07102597248546388,0.5692750425533109,0.026565300162358144,-0.4021662540438065,-0.500422152886127,1.0227779651467117,0.3257974281146077,2.0635359831560978,-0.27212466014157477,-0.16171005428530733,2.036157822191422,0.5910053553574749,2.219627471121994,2.2648052219305645,49.0,1999
133,-0.302659963383191,-0.5800418934273982,-1.4572390077793758,-0.590810124975516,-1.851729502323282,0.07102597248546388,0.5692750425533109,0.026565300162358144,-0.4021662540438065,-0.500422152886127,-0.85518120901139,-0.36025141990284865,-0.8217458848479393,-0.2923751406670542,-0.23890621283101232,-0.503250553339569,-0.8218387540305311,-0.7467905510316989,-0.9027614648784889,2.0,1992
139,-0.302659963383191,-0.5800418934273982,-0.32232998815126435,-0.590810124975516,-0.41692425438504227,0.07102597248546388,0.5692750425533109,0.026565300162358144,-0.4021662540438065,-0.500422152886127,0.7097847694536947,1.180457378507211,-1.0840442364846699,1.2021103205691583,1.4418968574076099,-1.2559047570024067,-0.9502791276112589,-0.7467905510316989,-0.21629775902076565,11.0,1991
89,-0.302659963383191,1.7240134054647667,0.0019297317424817886,1.6925911688487756,-0.006979897831259459,0.07102597248546388,0.5692750425533109,0.026565300162358144,-0.4021662540438065,-0.500422152886127,-0.2739081312957871,0.5746841207027167,2.588132686429559,-0.24199922619180464,0.27845257412482244,1.9402104024610318,0.8478861025189305,2.219627471121994,1.7598856366302558,29.0,2002
24,-0.302659963383191,-0.5800418934273982,0.8125790314768472,-0.590810124975516,1.0178809935531976,0.07102597248546388,0.5692750425533109,0.026565300162358144,-0.4021662540438065,-0.500422152886127,-0.0056282492732011415,-1.1642864300109321,-0.29714918157447795,-0.26228952507799996,0.13451618766807574,-0.2324656132115792,-0.5649580068690754,-0.7467905510316989,-0.8554843501499956,1.0,2022
94,-0.302659963383191,1.7240134054647667,0.6504491715299741,-0.590810124975516,0.8129088152763062,0.07102597248546388,0.5692750425533109,0.026565300162358144,-0.4021662540438065,-0.500422152886127,0.8886380241354187,-0.1836255834857765,1.276640928245906,-0.2808832899704134,-0.3500245430620053,1.3602615543128962,0.20568423461529142,0.6223254591930825,1.2511838821516676,16.0,2001
142,-0.302659963383191,-0.5800418934273982,-1.781498727673122,-0.590810124975516,-2.261673858877065,0.07102597248546388,-1.7566201291858892,0.026565300162358144,-0.4021662540438065,-0.500422152886127,-1.034034463693114,0.28415899259214217,-1.0840442364846699,-0.31020579080754984,-0.0279764039845082,-0.3220165382932766,-0.9502791276112589,-0.9749765527358291,-0.6569204682903236,3.0,1991
47,-0.302659963383191,-0.5800418934273982,1.3598500281138433,-0.590810124975516,0.8129088152763062,0.07102597248546388,-1.7566201315062482,1.6546386958268808,1.3767937176311134,1.9390270680886899,-0.0056282492732011415,-1.1642864300109321,0.22744752169898333,-0.1561735941258023,-0.2501442591607888,-0.8209431208913051,2.5176109590683917,-0.29041854762343844,-1.377423696752562,17.0,2015
19,-0.302659963383191,1.7240134054647667,-0.16020012820439128,1.6925911688487756,-0.21195207610815087,0.07102597248546388,0.5692750425533109,0.026565300162358144,-0.4021662540438065,-0.500422152886127,-0.5421880133183731,-0.20084578607808162,1.0143425766091754,-0.26564055447617013,-0.028975205921764866,0.9636788860939505,0.07724386103456361,0.3941394574889523,0.517443061565451,31.0,2022
26,-0.302659963383191,-0.5800418934273982,0.16405959168935486,1.6925911688487756,0.19799228044563194,0.07102597248546388,0.5692750425533109,0.026565300162358144,-0.4021662540438065,-0.500422152886127,-0.40804807230708007,-0.2971898504681552,-0.29714918157447795,-0.2981760035457725,-0.1417927748635644,0.7270085840923216,-0.5649580068690754,-0.5186045493275686,0.30753267217094055,1.0,2022
169,-0.302659963383191,-0.5800418934273982,0.6504491715299741,-0.590810124975516,0.8129088152763062,0.07102597248546388,0.5692750425533109,0.026565300162358144,-0.4021662540438065,-0.500422152886127,0.6203581421128328,1.6377889660134635,-0.29714918157447795,0.11063217510363432,1.51361602853237,-1.0000449710547,-0.5649580068690754,1.078697462601343,0.24512688072932934,22.0,1985
151,-0.302659963383191,-0.5800418934273982,0.16405959168935486,-0.590810124975516,0.19799228044563194,0.07102597248546388,0.5692750425533109,0.026565300162358144,-0.4021662540438065,-0.500422152886127,0.5756448284424017,1.321794672209712,-0.29714918157447795,1.7114667900005427,0.4378285030907389,-1.2367152730563287,-0.5649580068690754,0.16595345578482204,-0.19549582854022857,1.0,1989
55,3.304037933599835,-0.5800418934273982,0.3261894516362279,-0.590810124975516,0.40296445872252334,0.07102597248546388,0.5692750425533109,0.026565300162358144,-0.4021662540438065,-0.500422152886127,1.4251977881805906,1.1583333451982945,-0.29714918157447795,-0.26228952507799996,0.13451618766807574,-0.2324656132115792,-0.5649580068690754,1.078697462601343,1.1225901300901657,12.0,2013
128,-0.302659963383191,-0.5800418934273982,0.6504491715299741,-0.590810124975516,0.8129088152763062,0.07102597248546388,0.5692750425533109,0.026565300162358144,-0.4021662540438065,-0.500422152886127,-0.0056282492732011415,-1.1642864300109321,-0.29714918157447795,-0.26228952507799996,0.13451618766807574,-0.2324656132115792,-0.5649580068690754,-0.7467905510316989,-0.8554843501499956,6.0,1992
40,-0.302659963383191,-0.5800418934273982,0.6504491715299741,-0.590810124975516,0.8129088152763062,0.07102597248546388,0.5692750425533109,0.026565300162358144,-0.4021662540438065,-0.500422152886127,-0.0056282492732011415,-1.1642864300109321,-0.29714918157447795,-0.26228952507799996,0.13451618766807574,-0.2324656132115792,-0.5649580068690754,-0.7467905510316989,-0.8554843501499956,2.0,2018
11,3.304037933599835,-0.5800418934273982,0.8125790314768472,-0.590810124975516,1.0178809935531976,0.07102597248546388,0.5692750425533109,0.026565300162358144,-0.4021662540438065,-0.500422152886127,2.945450452975244,1.0668919548050768,-1.3463425881214006,-0.3259590836501439,0.9119718941981183,-1.0853315663706022,-1.0787195011919866,-0.29041854762343844,1.198233513655755,37.0,2023
178,-0.302659963383191,-0.5800418934273982,-1.9376727968464365,1.6925911688487756,-0.6218964326619337,0.07102597248546388,-1.756620131509411,0.026565300162358144,-0.4021662540438065,3.2934886985606457,-0.05034156294363214,0.4993773422335349,1.5389392798826367,-0.22090431200566868,-0.11231728333545359,0.21102468243111275,0.33412460819601925,1.5350694660096034,0.29618616463610214,84.0,1982
58,-0.302659963383191,-0.5800418934273982,0.6504491715299741,-0.590810124975516,0.8129088152763062,0.07102597248546388,0.5692750425533109,0.026565300162358144,-0.4021662540438065,-0.500422152886127,-0.0056282492732011415,-1.1642864300109321,-0.29714918157447795,-0.26228952507799996,0.13451618766807574,-0.2324656132115792,-0.5649580068690754,-0.7467905510316989,-0.8554843501499956,1.0,2013
183,-0.302659963383191,1.7240134054647667,-1.9330405151336687,-0.590810124975516,0.8129088152763062,0.07102597248546388,-1.756620131502291,0.026565300162358144,-0.4021662540438065,3.6970962328004617,0.5756448284424017,0.09391315221049165,1.5389392798826367,-0.27102848409731334,-0.27420689949625604,1.2515211452851207,0.33412460819601925,1.078697462601343,1.2455106283842483,24.0,1980
118,-0.302659963383191,-0.5800418934273982,-1.937011042316041,-0.590810124975516,-2.0567016806001734,0.07102597248546388,-1.7566201315050032,0.026565300162358144,-0.28966285662838126,2.267172389499233,-1.123461091033976,1.4820472866746526,-1.0840442364846699,-0.22408778994044384,0.34857798304021903,-1.0917280610192948,-0.8218387540305311,-1.2031625544399593,-1.1731865611254708,2.0,1995
155,-0.302659963383191,-0.5800418934273982,-0.4844598480981374,-0.590810124975516,-0.6218964326619337,0.07102597248546388,0.5692750425533109,0.026565300162358144,-0.4021662540438065,-0.500422152886127,0.17322500540852284,1.4938320485296535,-1.0840442364846699,-0.21681126896169936,-0.37498873743073136,-1.168485996803607,-0.9502791276112589,-0.29041854762343844,-0.3146341576560318,4.0,1988
34,-0.302659963383191,-0.5800418934273982,1.75160871010792,-0.590810124975516,0.6703194738662948,-3.5278097199866405,-1.7566201315056715,0.5692564320505323,1.5882784694798429,1.716887447897271,-1.74944748242001,-1.1642864300109321,-0.29714918157447795,-0.2602356683498883,0.38744514534037205,-0.11519654465221355,2.0038494647454805,-0.7467905510316989,-0.7514746977473102,26.5,2019
14,-0.302659963383191,-0.5800418934273982,0.6504491715299741,-0.590810124975516,0.8129088152763062,0.07102597248546388,0.5692750425533109,0.026565300162358144,-0.4021662540438065,-0.500422152886127,0.8439247104649877,0.1594628936383707,-0.29714918157447795,-0.2973970386830368,-0.04387407233920608,0.8058986847595313,-0.5649580068690754,0.16595345578482204,0.9864320396721049,1.0,2023
144,-0.302659963383191,-0.5800418934273982,0.488319311583101,1.6925911688487756,0.6079366369994148,0.07102597248546388,0.5692750425533109,0.026565300162358144,-0.4021662540438065,-0.500422152886127,-0.6763279543296661,0.3334258437322926,1.5389392798826367,-0.25621317716403874,-0.2690467293570187,0.7227442543265266,0.33412460819601925,0.8505114608972127,0.4228888321084643,33.0,1990
146,-0.302659963383191,-0.5800418934273982,-0.5062977476011856,-0.590810124975516,-0.006979897831259459,0.07102597248546388,-1.7566201315066396,0.9310505199759819,1.0764498262961715,1.5799692738765525,-0.0056282492732011415,-1.1642864300109321,-1.0840442364846699,-0.18704368314028424,-1.5094555818884636,-1.2708299111826897,1.1047668496803862,-1.4313485561440895,-1.7764425450610457,8.0,1990
12,-0.302659963383191,-0.5800418934273982,0.3261894516362279,-0.590810124975516,0.40296445872252334,0.07102597248546388,0.5692750425533109,0.026565300162358144,-0.4021662540438065,-0.500422152886127,2.0958974932370555,0.4654151751270387,-1.3463425881214006,-0.3259590836501439,-0.2315504020184383,-1.2665655814168946,-1.0787195011919866,0.6223254591930825,-0.09148617613754324,10.0,2023
132,-0.302659963383191,-0.5800418934273982,-1.781498727673122,-0.590810124975516,-2.261673858877065,0.07102597248546388,0.5692750425533109,0.026565300162358144,-0.4021662540438065,-0.500422152886127,-1.6153075414087168,-0.11326027330469217,-0.29714918157447795,1.7114667900005427,-0.008424099720375616,-1.245243932587919,-0.5649580068690754,-0.7467905510316989,-1.7159278382085743,2.0,1992
110,-0.302659963383191,1.7240134054647667,0.6504491715299741,1.6925911688487756,0.8129088152763062,0.07102597248546388,0.5692750425533109,0.026565300162358144,-0.4021662540438065,-0.500422152886127,-0.721041268000097,0.08323592157155338,0.7520442249724446,-0.28946787396076334,-0.20357635691612683,1.6417073188553737,-0.0511965125461642,0.16595345578482204,1.1509563989272618,74.0,1996
31,-0.302659963383191,-0.5800418934273982,0.6504491715299741,-0.590810124975516,0.8129088152763062,0.07102597248546388,0.5692750425533109,0.026565300162358144,-0.4021662540438065,-0.500422152886127,-0.0056282492732011415,-1.1642864300109321,-0.29714918157447795,-0.26228952507799996,0.13451618766807574,-0.2324656132115792,-0.5649580068690754,-0.7467905510316989,-0.8554843501499956,1.0,2021
145,-0.302659963383191,-0.5800418934273982,0.3261894516362279,1.6925911688487756,0.40296445872252334,0.07102597248546388,-1.7566201291858892,-3.410478535129412,-0.4021662540438065,-0.500422152886127,-0.631614640659235,0.355497393032094,-0.034850829937747324,-0.2933080279719208,-0.24585336872892583,0.6992904406146534,-0.43651763328834764,-0.5186045493275686,0.42667100128674373,29.0,1990
66,-0.302659963383191,-0.5800418934273982,0.6504491715299741,-0.590810124975516,0.8129088152763062,0.07102597248546388,0.5692750425533109,0.026565300162358144,-0.4021662540438065,-0.500422152886127,-0.0056282492732011415,-1.1642864300109321,-0.29714918157447795,-0.26228952507799996,0.13451618766807574,-0.2324656132115792,-0.5649580068690754,-0.7467905510316989,-0.8554843501499956,2.0,2010
140,-0.302659963383191,-0.5800418934273982,0.6504491715299741,-0.590810124975516,0.8129088152763062,0.07102597248546388,0.5692750425533109,0.026565300162358144,-0.4021662540438065,-0.500422152886127,-0.0056282492732011415,-1.1642864300109321,-0.29714918157447795,-0.26228952507799996,0.13451618766807574,-0.2324656132115792,-0.5649580068690754,-0.7467905510316989,-0.8554843501499956,4.0,1991
164,-0.302659963383191,-0.5800418934273982,-1.7020881840256739,-0.590810124975516,-1.4417851457694992,0.07102597248546388,-1.75662013150707,-0.8779199196512656,0.7478684750638734,1.7356185173770613,-0.0056282492732011415,-1.1642864300109321,-1.0840442364846699,-0.23045474579690217,-0.6080760344872064,-1.177014656335197,0.07724386103456361,-1.4313485561440895,-1.6932348231388976,1.0,1986
99,-0.302659963383191,1.7240134054647667,0.16405959168935486,1.6925911688487756,0.19799228044563194,0.07102597248546388,0.5692750425533109,0.026565300162358144,-0.4021662540438065,-0.500422152886127,-0.5421880133183731,0.5640676948625452,0.22744752169898333,-0.2962878330532036,-0.09290881529887215,1.6331786593237836,-0.3080772597076198,-0.29041854762343844,1.3589757037326324,10.0,2000
45,-0.302659963383191,1.7240134054647667,0.488319311583101,1.6925911688487756,0.6079366369994148,0.07102597248546388,0.5692750425533109,0.026565300162358144,-0.4021662540438065,-0.500422152886127,-0.3186214449662181,0.6241002652997711,2.588132686429559,-0.2547757262397731,0.12496662450581683,2.2024666830574313,0.8478861025189305,1.9914414694178637,1.9905979565053034,21.5,2016
123,-0.302659963383191,-0.5800418934273982,0.9575032736334398,-0.590810124975516,0.8129088152763062,0.07102597248546388,-1.756620131506432,2.37822687167778,0.4603597928348715,1.3817509396300505,-0.0056282492732011415,-1.1642864300109321,-0.5594475332112087,-0.2585442569269865,0.11790476264274058,-0.5437616861146226,0.8478861025189305,-0.9749765527358291,-1.1315827001643965,8.0,1993
138,-0.302659963383191,-0.5800418934273982,-0.16020012820439128,-0.590810124975516,-0.21195207610815087,0.07102597248546388,0.5692750425533109,0.026565300162358144,-0.4021662540438065,-0.500422152886127,0.4862182011015398,0.803234535959639,-0.29714918157447795,-0.26228952507799996,0.13451618766807574,-0.2324656132115792,-0.5649580068690754,-0.29041854762343844,0.3245524334731981,12.0,1991
2,-0.302659963383191,-0.5800418934273982,2.2863063706674036,-0.590810124975516,1.1693821688013346,3.8298099179563283,-1.756620131505489,0.5692564320505323,2.483978595065485,1.6493040608955252,-1.704734168749579,-0.8489785832092653,-0.29714918157447795,-0.2595212834009803,-0.00599881333109973,-0.35826334130253507,3.159812826972031,-0.5186045493275686,-0.9632761717309604,36.0,2024
48,3.304037933599835,-0.5800418934273982,0.488319311583101,-0.590810124975516,0.6079366369994148,0.07102597248546388,0.5692750425533109,0.026565300162358144,-0.4021662540438065,-0.500422152886127,1.4699111018510216,1.1786260450618244,-0.29714918157447795,1.7114667900005427,-1.9049976616676128,-1.2814907355971774,-0.5649580068690754,0.6223254591930825,0.23756254237277039,4.0,2015
7,-0.302659963383191,-0.5800418934273982,-0.1568913555524143,-0.590810124975516,-0.11392190388876802,-3.5278097199866405,-1.7566201315054648,-0.1543317438003666,1.3620915690547533,1.6738044869290678,-1.74944748242001,-1.1642864300109321,-0.8217458848479393,-0.26936392047536334,1.039029927143838,-0.3774528252486131,1.1047668496803862,-1.2031625544399593,-0.9840781022114975,1.0,2024
6,-0.302659963383191,-0.5800418934273982,0.6504491715299741,-0.590810124975516,0.8129088152763062,0.07102597248546388,0.5692750425533109,0.026565300162358144,-0.4021662540438065,-0.500422152886127,-0.0056282492732011415,-1.1642864300109321,-0.29714918157447795,-0.26228952507799996,0.13451618766807574,-0.2324656132115792,-0.5649580068690754,-0.7467905510316989,-0.8554843501499956,2.0,2024
41,-0.302659963383191,-0.5800418934273982,-1.4572390077793758,-0.590810124975516,-1.851729502323282,0.07102597248546388,0.5692750425533109,0.026565300162358144,-0.4021662540438065,-0.500422152886127,1.8723309248849005,0.4433943213187322,0.7520442249724446,-0.22408778993450137,0.46014113389119077,0.277121793800937,-0.0511965125461642,1.3068834643054732,1.1585207372838207,28.0,2017
56,-0.302659963383191,-0.5800418934273982,-1.943628587619995,-0.590810124975516,-2.4666460371539563,0.07102597248546388,0.5692750425533109,0.026565300162358144,-0.4021662540438065,-0.500422152886127,0.7544980831241257,0.28275136833934356,-0.034850829937747324,-0.2810158658343091,-0.2020189784330322,0.20676035266531761,-0.43651763328834764,0.16595345578482204,0.5060965540306126,1.0,2013
176,-0.302659963383191,-0.5800418934273982,-0.9132767837943568,-0.590810124975516,-0.6218964326619337,0.07102597248546388,-1.756620131506236,-1.6015080955021646,3.2943739465421,1.9103147602148447,-0.0056282492732011415,-1.1642864300109321,-0.8217458848479393,-0.2168112689578012,-1.032414447082221,-1.1791468212180947,1.7469687175840252,-1.2031625544399593,-1.6951259077280372,19.0,1983
42,-0.302659963383191,1.7240134054647667,0.6504491715299741,-0.590810124975516,0.8129088152763062,0.07102597248546388,0.5692750425533109,0.026565300162358144,-0.4021662540438065,-0.500422152886127,0.6203581421128328,0.18915763070148833,0.7520442249724446,-0.28101586583420995,0.06253334593400721,1.5542885586565738,-0.0511965125461642,0.8505114608972127,1.5896880236076798,21.0,2017
43,-0.302659963383191,-0.5800418934273982,-1.4433421626410725,-0.590810124975516,-1.2902839705213622,-3.5278097199866405,-1.7566201315059207,-0.8779199196512656,2.3291662275869336,2.188711989036249,-1.74944748242001,-1.1642864300109321,-0.8217458848479393,-0.24106633888875917,0.9305657527921676,-0.7015418874490418,1.6185283440032974,-1.2031625544399593,-1.271522959760737,1.0,2017
167,-0.302659963383191,-0.5800418934273982,-1.2951091478325027,-0.590810124975516,-1.6467573240463906,0.07102597248546388,0.5692750425533109,0.026565300162358144,-0.4021662540438065,-0.500422152886127,0.08379837806766084,1.696555499858671,-0.29714918157447795,2.7301797263165297,0.27048377672977225,-1.2516404272366117,-0.5649580068690754,0.3941394574889523,-0.35245584943882646,1.0,1986
179,-0.302659963383191,1.7240134054647667,0.6504491715299741,1.6925911688487756,0.8129088152763062,0.07102597248546388,0.5692750425533109,0.026565300162358144,-0.4021662540438065,-0.500422152886127,-1.034034463693114,0.07723821793456004,2.0635359831560978,-0.27340643212987065,-0.08811206401793045,2.2941497730220264,0.5910053553574749,1.3068834643054732,1.623727546212195,65.0,1981
59,-0.302659963383191,-0.5800418934273982,0.6173614450102041,-0.590810124975516,0.6079366369994148,0.07102597248546388,-1.756620131505552,-1.963302183427614,3.910463979870403,2.1286752923272156,-0.0056282492732011415,-1.1642864300109321,0.48974587333571395,-0.2368217016489567,0.7027909867485955,0.46262013861302453,2.389170585487664,-0.06223254591930819,-0.23899077409044245,29.0,2012
165,-0.302659963383191,-0.5800418934273982,-1.781498727673122,-0.590810124975516,-2.261673858877065,0.07102597248546388,0.5692750425533109,0.026565300162358144,-0.4021662540438065,-0.500422152886127,-0.05034156294363214,1.8975187169128005,-0.29714918157447795,2.7301797263165297,-0.5662398534016138,-1.2623012516510994,-0.5649580068690754,-0.5186045493275686,-0.37325777991936354,1.0,1986
149,-0.302659963383191,-0.5800418934273982,-1.943628587619995,-0.590810124975516,-2.4666460371539563,0.07102597248546388,0.5692750425533109,0.026565300162358144,-0.4021662540438065,-0.500422152886127,-0.0056282492732011415,-1.1642864300109321,-0.29714918157447795,-0.26228952507799996,0.13451618766807574,-0.2324656132115792,-0.5649580068690754,-0.7467905510316989,-0.8554843501499956,1.0,1990
182,-0.302659963383191,1.7240134054647667,0.6504491715299741,-0.590810124975516,0.8129088152763062,0.07102597248546388,0.5692750425533109,0.026565300162358144,-0.4021662540438065,-0.500422152886127,0.5309315147719708,0.7553819332812434,2.0635359831560978,-0.2624929421975804,-0.17701633658440377,1.5031166014670325,0.5910053553574749,1.9914414694178637,1.858222035265522,53.0,1980
81,-0.302659963383191,-0.5800418934273982,0.6504491715299741,-0.590810124975516,0.8129088152763062,0.07102597248546388,0.5692750425533109,0.026565300162358144,-0.4021662540438065,-0.500422152886127,-0.0056282492732011415,-1.1642864300109321,-0.29714918157447795,-0.26228952507799996,0.13451618766807574,-0.2324656132115792,-0.5649580068690754,-0.7467905510316989,-0.8554843501499956,6.0,2006
54,-0.302659963383191,1.7240134054647667,0.488319311583101,1.6925911688487756,0.6079366369994148,0.07102597248546388,0.5692750425533109,0.026565300162358144,-0.4021662540438065,-0.500422152886127,-0.1844815039549251,-0.006656191343114712,1.5389392798826367,-0.26677329680802453,-0.1820540732435976,1.2365959911048379,0.33412460819601925,0.8505114608972127,0.9334816711761923,35.0,2013
15,-0.302659963383191,-0.5800418934273982,0.6504491715299741,-0.590810124975516,0.8129088152763062,0.07102597248546388,0.5692750425533109,0.026565300162358144,-0.4021662540438065,-0.500422152886127,1.6934776702031766,0.5924287181893975,-1.0840442364846699,-0.1349504079555985,0.7725179556871639,-1.1556930075062215,-0.9502791276112589,-0.29041854762343844,-0.05177339976560883,1.0,2023
49,-0.302659963383191,-0.5800418934273982,-1.1329792878856297,-0.590810124975516,-1.4417851457694992,0.07102597248546388,0.5692750425533109,0.026565300162358144,-0.4021662540438065,-0.500422152886127,-0.1397681902844941,0.8370425439953837,0.7520442249724446,-0.22816264168309447,-0.014671635653630812,-0.03630644398500392,-0.0511965125461642,1.078697462601343,0.18272108928771813,1.0,2015
173,-0.302659963383191,1.7240134054647667,0.488319311583101,1.6925911688487756,0.6079366369994148,0.07102597248546388,0.5692750425533109,0.026565300162358144,-0.4021662540438065,-0.500422152886127,-0.2291948176253561,0.12012935894249639,0.48974587333571395,-0.2851328018173547,-0.1651234865039949,1.0702871302388284,-0.179636886126892,0.16595345578482204,0.8237987650060877,11.0,1984
83,-0.302659963383191,1.7240134054647667,0.3261894516362279,1.6925911688487756,0.40296445872252334,0.07102597248546388,0.5692750425533109,0.026565300162358144,-0.4021662540438065,-0.500422152886127,-0.85518120901139,-0.5257880396309835,0.22744752169898333,-0.2943438545658245,-0.21077657261554694,1.2365959911048379,-0.3080772597076198,-0.29041854762343844,0.6006507834875993,47.0,2005
181,-0.302659963383191,1.7240134054647667,-0.32232998815126435,1.6925911688487756,-0.41692425438504227,0.07102597248546388,0.5692750425533109,0.026565300162358144,-0.4021662540438065,-0.500422152886127,-0.765754581670528,0.5985710787902051,-0.5594475332112087,-0.30636845024321,0.03305450811979813,1.1150625927796771,-0.6933983804498033,-0.9749765527358291,0.8048879191146905,7.0,1981
125,-0.302659963383191,-0.5800418934273982,-0.32232998815126435,-0.590810124975516,-0.41692425438504227,0.07102597248546388,0.5692750425533109,0.026565300162358144,-0.4021662540438065,-0.500422152886127,-0.586901326988804,0.8124512268386879,-0.29714918157447795,-0.26228952507799996,0.13451618766807574,-0.2324656132115792,-0.5649580068690754,-0.5186045493275686,-0.23899077409044245,22.0,1992
18,3.304037933599835,-0.5800418934273982,-1.943628587619995,-0.590810124975516,-0.11392190388876802,-3.5278097199866405,-1.7566201315117844,-3.7722726230548616,-0.4021662540438065,-0.500422152886127,1.9617575522257626,0.9308012529157715,-1.3463425881214006,-0.3259590836501439,-1.2356187574230502,-1.2665655814168946,-1.0787195011919866,-0.7467905510316989,0.3132059259383597,37.0,2022
93,-0.302659963383191,1.7240134054647667,-0.32232998815126435,1.6925911688487756,-0.41692425438504227,0.07102597248546388,0.5692750425533109,0.026565300162358144,-0.4021662540438065,-0.500422152886127,-0.765754581670528,0.11127713326793942,0.48974587333571395,-0.287482515879665,-0.14607215929051273,1.2472568155193255,-0.179636886126892,-0.06223254591930819,0.793541411579852,20.0,2001
78,-0.302659963383191,-0.5800418934273982,-0.36071175091419755,-0.590810124975516,0.19799228044563194,0.07102597248546388,-1.7566201315068914,0.9310505199759819,0.7067958062111771,1.4884472587340625,-0.0056282492732011415,-1.1642864300109321,0.48974587333571395,-0.19708576027541222,0.6555782678281741,-0.09813922558903308,1.3616475968418418,-0.06223254591930819,-0.7363460210341923,23.0,2006
25,-0.302659963383191,-0.5800418934273982,-0.16020012820439128,-0.590810124975516,-0.21195207610815087,0.07102597248546388,0.5692750425533109,0.026565300162358144,-0.4021662540438065,-0.500422152886127,0.08379837806766084,1.1851415527180025,-0.8217458848479393,0.11063217507244932,2.2547141009788527,-1.1045210503166802,-0.8218387540305311,0.3941394574889523,-0.4734852631437694,1.0,2022
74,-0.302659963383191,-0.5800418934273982,0.6504491715299741,-0.590810124975516,0.8129088152763062,0.07102597248546388,0.5692750425533109,0.026565300162358144,-0.4021662540438065,-0.500422152886127,-0.0056282492732011415,-1.1642864300109321,-0.29714918157447795,-0.26228952507799996,0.13451618766807574,-0.2324656132115792,-0.5649580068690754,-0.7467905510316989,-0.8554843501499956,2.0,2008
20,-0.302659963383191,-0.5800418934273982,-1.566428505294617,-0.590810124975516,-1.4417851457694992,0.07102597248546388,-1.7566201315054182,-2.3250962713530634,2.9616853282971487,2.1092567012617636,-1.74944748242001,-1.1642864300109321,-1.0840442364846699,-0.25650138339205686,-1.3725371696201443,-1.2473760974708166,0.7194457289382027,-1.4313485561440895,-1.7556406145805088,19.0,2022
170,-0.302659963383191,1.7240134054647667,0.488319311583101,1.6925911688487756,0.6079366369994148,0.07102597248546388,0.5692750425533109,0.026565300162358144,-0.4021662540438065,-0.500422152886127,-0.4527613859775111,0.4503072008599691,0.48974587333571395,-0.2777767150006691,0.0940933906619133,1.0788157897704187,-0.179636886126892,0.6223254591930825,0.8691847951454413,20.0,1985
52,-0.302659963383191,-0.5800418934273982,0.6504491715299741,-0.590810124975516,0.8129088152763062,0.07102597248546388,0.5692750425533109,0.026565300162358144,-0.4021662540438065,-0.500422152886127,-0.0056282492732011415,-1.1642864300109321,-0.29714918157447795,-0.26228952507799996,0.13451618766807574,-0.2324656132115792,-0.5649580068690754,-0.7467905510316989,-0.8554843501499956,7.0,2014
103,-0.302659963383191,-0.5800418934273982,1.5080830429224128,-0.590810124975516,0.8129088152763062,0.07102597248546388,-1.756620131506402,6.357961838857724,0.7577825676450659,1.599179353434861,-0.0056282492732011415,-1.1642864300109321,-0.29714918157447795,0.08152609118865624,-0.18692514047591924,-1.1429000182088362,2.7744917062298473,-0.7467905510316989,-1.6629774697126618,2.0,1998
70,-0.302659963383191,-0.5800418934273982,-0.4844598480981374,1.6925911688487756,-0.6218964326619337,0.07102597248546388,0.5692750425533109,0.026565300162358144,-0.4021662540438065,-0.500422152886127,-0.49747469964794205,0.035009488444728565,0.48974587333571395,-0.2826534729611224,-0.28710613971732835,0.744065903155502,-0.179636886126892,0.3941394574889523,0.4134334091627656,1.0,2009
22,-0.302659963383191,1.7240134054647667,-0.8087195679918836,1.6925911688487756,-1.0318407892157164,0.07102597248546388,0.5692750425533109,0.026565300162358144,-0.4021662540438065,-0.500422152886127,-1.034034463693114,0.20533203081782517,-0.5594475332112087,-0.30412952071099963,0.07923266208808541,0.9316964128504871,-0.6933983804498033,-0.7467905510316989,0.43990859341072186,3.0,2022
171,-0.302659963383191,-0.5800418934273982,0.3261894516362279,-0.590810124975516,0.40296445872252334,0.07102597248546388,0.5692750425533109,0.026565300162358144,-0.4021662540438065,-0.500422152886127,-0.0056282492732011415,-1.1642864300109321,-0.29714918157447795,-0.26228952507799996,0.13451618766807574,-0.2324656132115792,-0.5649580068690754,-0.7467905510316989,-0.8554843501499956,10.0,1985
9,-0.302659963383191,-0.5800418934273982,2.0050606952493584,-0.590810124975516,1.0178809935531976,0.07102597248546388,-1.756620131505855,-1.6015080955021646,3.2943739465421,1.5339896481750799,-1.74944748242001,-1.1642864300109321,-1.3463425881214006,-0.3259590836501439,0.45022440937294705,-0.2324656132115792,1.4900879704225696,-1.65953455784822,-0.8554843501499956,1.0,2024
80,-0.302659963383191,-0.5800418934273982,-1.781498727673122,1.6925911688487756,-2.261673858877065,0.07102597248546388,0.5692750425533109,0.026565300162358144,-0.4021662540438065,-0.500422152886127,0.3073649464198158,0.32999858455441955,2.0635359831560978,-0.2062909976586007,0.32693742018185473,0.7312729138581168,0.5910053553574749,1.7632554677137338,0.8237987650060877,9.0,2006
46,-0.302659963383191,1.7240134054647667,0.0019297317424817886,1.6925911688487756,-0.006979897831259459,0.07102597248546388,0.5692750425533109,0.026565300162358144,-0.4021662540438065,-0.500422152886127,-0.810467895340959,0.24709155225498372,1.276640928245906,-0.25923116200207846,0.04613953783632132,1.0830801195362136,0.20568423461529142,0.6223254591930825,0.6668387441074899,27.0,2015
85,-0.302659963383191,-0.5800418934273982,0.6504491715299741,-0.590810124975516,0.8129088152763062,0.07102597248546388,0.5692750425533109,0.026565300162358144,-0.4021662540438065,-0.500422152886127,-0.0056282492732011415,-1.1642864300109321,-0.29714918157447795,-0.26228952507799996,0.13451618766807574,-0.2324656132115792,-0.5649580068690754,-0.7467905510316989,-0.8554843501499956,1.0,2005
95,-0.302659963383191,-0.5800418934273982,-0.8087195679918836,-0.590810124975516,-1.0318407892157164,0.07102597248546388,0.5692750425533109,0.026565300162358144,-0.4021662540438065,-0.500422152886127,0.3967915737606778,1.7358888720566534,-0.29714918157447795,5.786318533227065,-5.251892180296583,-1.2985480546603578,-0.5649580068690754,0.8505114608972127,-0.13119895250947763,7.0,2001
16,-0.302659963383191,-0.5800418934273982,0.16405959168935486,-0.590810124975516,0.19799228044563194,0.07102597248546388,0.5692750425533109,0.026565300162358144,-0.4021662540438065,-0.500422152886127,1.1122045924875736,0.7891442165504272,-0.8217458848479393,-0.048128282630424596,2.0504231368541106,-1.0213666198836755,-0.8218387540305311,0.6223254591930825,-0.0555555689438883,1.0,2023
163,-0.302659963383191,1.7240134054647667,0.0019297317424817886,1.6925911688487756,-0.006979897831259459,0.07102597248546388,0.5692750425533109,0.026565300162358144,-0.4021662540438065,-0.500422152886127,-0.989321150022683,-0.2740054499683145,0.7520442249724446,-0.2832158834895277,0.013030352860094293,1.6097248456119104,-0.0511965125461642,0.16595345578482204,0.9599568554241485,74.0,1986
0,-0.302659963383191,-0.5800418934273982,1.7800641549149223,-0.590810124975516,1.1693821688013346,3.8298099179563283,-1.7566201315052379,-0.516125831725816,2.8323064216074822,1.8996973367092727,-1.74944748242001,-1.1642864300109321,0.22744752169898333,-0.2640103239581015,0.44461274939960976,0.6246646697132389,2.9029320798105753,-0.29041854762343844,-0.0952683453158227,115.0,2024
152,-0.302659963383191,1.7240134054647667,0.3261894516362279,1.6925911688487756,0.40296445872252334,0.07102597248546388,0.5692750425533109,0.026565300162358144,-0.4021662540438065,-0.500422152886127,-1.123461091033976,-0.060708965180348004,-0.29714918157447795,-0.30537902431354824,-0.2540884109346103,1.2152743422758623,-0.5649580068690754,-0.7467905510316989,0.6138883756115774,30.0,1988
120,-0.302659963383191,1.7240134054647667,-0.6465897080450105,1.6925911688487756,-0.8268686109388251,0.07102597248546388,0.5692750425533109,0.026565300162358144,-0.4021662540438065,-0.500422152886127,-0.765754581670528,-0.31152202534696743,0.48974587333571395,-0.2882954011142497,-0.37886089902009873,0.8805244556609457,-0.179636886126892,-0.06223254591930819,0.3567008714885736,1.0,1994
106,-0.302659963383191,1.7240134054647667,-0.9708494279387566,1.6925911688487756,-1.2368129674926078,0.07102597248546388,0.5692750425533109,0.026565300162358144,-0.4021662540438065,-0.500422152886127,-0.5421880133183731,0.3480234292533605,1.276640928245906,-0.26037670572135363,0.05142737651215815,1.1321199118428575,0.20568423461529142,0.6223254591930825,0.8446006954866249,13.0,1997
69,-0.302659963383191,-0.5800418934273982,0.16405959168935486,-0.590810124975516,0.19799228044563194,0.07102597248546388,0.5692750425533109,0.026565300162358144,-0.4021662540438065,-0.500422152886127,0.7544980831241257,1.0119007647843266,-0.29714918157447795,2.7301797263165297,-2.741721291743217,-1.2900193951287677,-0.5649580068690754,0.16595345578482204,-0.3316539189582894,1.0,2009
105,-0.302659963383191,-0.5800418934273982,-0.32232998815126435,1.6925911688487756,-0.41692425438504227,0.07102597248546388,0.5692750425533109,0.026565300162358144,-0.4021662540438065,-0.500422152886127,-0.0056282492732011415,0.7033062028647998,-0.29714918157447795,-0.2986721299762055,-0.1090301547842764,0.8101630145253264,-0.5649580068690754,-0.06223254591930819,0.942937094121891,28.0,1997
61,-0.302659963383191,-0.5800418934273982,0.7245656789342589,-0.590810124975516,0.8129088152763062,0.07102597248546388,-1.756620131505697,-0.1543317438003666,2.6558806393270302,2.061304670293624,-0.0056282492732011415,-1.1642864300109321,-0.29714918157447795,-0.26093485361903257,0.17078904718316543,-0.2324656132115792,2.7744917062298473,-0.7467905510316989,-0.8554843501499956,10.0,2012
177,-0.302659963383191,1.7240134054647667,0.6504491715299741,1.6925911688487756,0.8129088152763062,0.07102597248546388,0.5692750425533109,0.026565300162358144,-0.4021662540438065,-0.500422152886127,0.12851169173809185,0.05565464511498293,2.0635359831560978,-0.2666608679049005,-0.12265144458857187,1.814412674370076,0.5910053553574749,1.5350694660096034,1.574559346894562,3.0,1983
8,3.304037933599835,-0.5800418934273982,0.3261894516362279,-0.590810124975516,0.40296445872252334,0.07102597248546388,0.5692750425533109,0.026565300162358144,-0.4021662540438065,-0.500422152886127,1.9170442385553315,1.044791108604834,-1.3463425881214006,-0.3259590836501439,-1.5703082095592769,-1.2750942409484847,-1.0787195011919866,-0.06223254591930819,0.39263147868222853,1.0,2024
86,-0.302659963383191,-0.5800418934273982,0.488319311583101,-0.590810124975516,0.6079366369994148,0.07102597248546388,0.5692750425533109,0.026565300162358144,-0.4021662540438065,-0.500422152886127,-0.0056282492732011415,0.6911789779759964,-0.29714918157447795,-0.26228952507799996,0.13451618766807574,-0.2324656132115792,-0.5649580068690754,0.6223254591930825,0.012523476265142107,1.0,2005
44,-0.302659963383191,-0.5800418934273982,1.3492619556275167,-0.590810124975516,0.8129088152763062,0.07102597248546388,-1.7566201315053518,-2.3250962713530634,5.54926346855942,2.0791488100217816,-0.0056282492732011415,-1.1642864300109321,0.22744752169898333,-0.1651096725216635,0.0855238171838059,-0.6738237439713736,2.6460513326491197,-0.29041854762343844,-1.2469388601019205,28.5,2016
92,-0.302659963383191,-0.5800418934273982,0.5233923016940573,-0.590810124975516,0.8129088152763062,0.07102597248546388,-1.7566201315068024,1.6546386958268808,0.3255900980050243,1.3845341303008276,-0.0056282492732011415,-1.1642864300109321,-0.5594475332112087,-0.24826063929142494,0.02939391797312742,-0.6738237439713736,0.46256498177674704,-0.9749765527358291,-1.2469388601019205,1.0,2002
76,-0.302659963383191,1.7240134054647667,-0.4844598480981374,1.6925911688487756,-0.6218964326619337,0.07102597248546388,0.5692750425533109,0.026565300162358144,-0.4021662540438065,-0.500422152886127,-0.899894522681821,1.0594636495391123,1.8012376315193672,-0.24891356739429762,0.31548404012559267,1.5841388670171397,0.46256498177674704,1.3068834643054732,1.2625303896865059,46.5,2007
63,-0.302659963383191,-0.5800418934273982,1.2327931582779263,-0.590810124975516,0.8129088152763062,0.07102597248546388,-1.7566201315062648,0.9310505199759819,1.4461038463811662,1.6258699593378678,-0.0056282492732011415,-1.1642864300109321,-1.0840442364846699,-0.28465991052295275,-0.1953677572336085,-0.951005178748056,1.6185283440032974,-1.4313485561440895,-1.4927798566900858,3.0,2011
101,-0.302659963383191,-0.5800418934273982,0.6504491715299741,-0.590810124975516,0.8129088152763062,0.07102597248546388,-1.7566201291858892,0.026565300162358144,-0.4021662540438065,-0.500422152886127,1.2016312198284356,1.1909676400847224,-0.29714918157447795,5.786318533227065,-3.578444920870535,-1.2878872302458702,-0.5649580068690754,1.078697462601343,0.07303818311761358,1.0,1999
104,-0.302659963383191,1.7240134054647667,0.0019297317424817886,1.6925911688487756,-0.006979897831259459,0.07102597248546388,0.5692750425533109,0.026565300162358144,-0.4021662540438065,-0.500422152886127,0.21793831907895383,0.3441749749121291,2.325834334792828,-0.2449251000123326,-0.01983396689493535,1.3325434108352279,0.7194457289382027,2.219627471121994,1.3287183503063966,1.0,1998
62,-0.302659963383191,-0.5800418934273982,1.3386738831411904,-0.590810124975516,0.8129088152763062,0.07102597248546388,-1.756620131506092,2.37822687167778,1.1072543279938802,2.0295803761106934,-1.704734168749579,3.0923695018115684,2.325834334792828,-0.15617359412400567,0.30501522905479816,0.23021416637719075,3.4166935741334865,1.5350694660096034,-0.3940597103999006,47.0,2011
77,-0.302659963383191,-0.5800418934273982,0.6504491715299741,-0.590810124975516,0.8129088152763062,0.07102597248546388,0.5692750425533109,0.026565300162358144,-0.4021662540438065,-0.500422152886127,-0.0056282492732011415,-1.1642864300109321,-0.29714918157447795,-0.26228952507799996,0.13451618766807574,-0.2324656132115792,-0.5649580068690754,-0.7467905510316989,-0.8554843501499956,3.5,2007
28,3.304037933599835,-0.5800418934273982,0.8125790314768472,-0.590810124975516,1.0178809935531976,0.07102597248546388,0.5692750425533109,0.026565300162358144,-0.4021662540438065,-0.500422152886127,1.8723309248849005,1.6676451598010074,-1.3463425881214006,-0.3259590836501439,-0.5662398530430178,-1.2303187784076361,-1.0787195011919866,1.3068834643054732,1.0110161393309214,42.0,2021
65,-0.302659963383191,-0.5800418934273982,0.6504491715299741,-0.590810124975516,0.8129088152763062,0.07102597248546388,0.5692750425533109,0.026565300162358144,-0.4021662540438065,-0.500422152886127,1.1569179061580046,1.1738425285743541,-0.29714918157447795,-0.26228952507799996,0.13451618766807574,-0.2324656132115792,-0.5649580068690754,1.7632554677137338,0.9675211937807076,4.0,2010
3,3.304037933599835,-0.5800418934273982,0.6504491715299741,-0.590810124975516,0.8129088152763062,0.07102597248546388,0.5692750425533109,0.026565300162358144,-0.4021662540438065,-0.500422152886127,2.1406108069074867,1.1588437998701893,-1.3463425881214006,-0.3259590836501439,1.1072074077536636,-1.172750326569402,-1.0787195011919866,0.6223254591930825,0.7349177893165203,19.0,2024
119,-0.302659963383191,1.7240134054647667,0.6504491715299741,-0.590810124975516,0.8129088152763062,0.07102597248546388,0.5692750425533109,0.026565300162358144,-0.4021662540438065,-0.500422152886127,0.5756448284424017,0.41831641798806335,1.5389392798826367,-0.2724279898184001,-0.20383726132824442,1.4583411389261838,0.33412460819601925,1.078697462601343,1.631291884568754,96.0,1994
50,-0.302659963383191,-0.5800418934273982,-0.6465897080450105,-0.590810124975516,-0.8268686109388251,0.07102597248546388,0.5692750425533109,0.026565300162358144,-0.4021662540438065,-0.500422152886127,0.5309315147719708,0.8883058296122636,-0.29714918157447795,0.8964964407032624,-0.23155040094743196,-1.2324509432905335,-0.5649580068690754,0.6223254591930825,-0.48672285526774756,1.0,2015
153,-0.302659963383191,-0.5800418934273982,0.488319311583101,-0.590810124975516,0.6079366369994148,0.07102597248546388,0.5692750425533109,0.026565300162358144,-0.4021662540438065,-0.500422152886127,1.8723309248849005,0.5270871449351676,-0.29714918157447795,-0.26228952507799996,0.13451618766807574,-0.2324656132115792,-0.5649580068690754,0.6223254591930825,0.7878681578124328,29.0,1988
1,3.304037933599835,-0.5800418934273982,0.6504491715299741,-0.590810124975516,0.8129088152763062,0.07102597248546388,0.5692750425533109,0.026565300162358144,-0.4021662540438065,-0.500422152886127,3.258443648668261,0.516417005052935,-1.3463425881214006,-0.3259590836501439,-0.7001156339615776,-1.2473760974708166,-1.0787195011919866,-0.5186045493275686,0.502314384852333,50.0,2024
57,-0.302659963383191,-0.5800418934273982,-0.9708494279387566,-0.590810124975516,-1.2368129674926078,0.07102597248546388,0.5692750425533109,0.026565300162358144,-0.4021662540438065,-0.500422152886127,0.2626516327493848,0.47881779548434433,-0.5594475332112087,0.05605826775486427,2.8364362443021656,-0.9382121894506706,-0.6933983804498033,-0.06223254591930819,-0.5945146768487124,1.0,2013
134,-0.302659963383191,-0.5800418934273982,-1.4572390077793758,-0.590810124975516,-1.851729502323282,0.07102597248546388,0.5692750425533109,0.026565300162358144,-0.4021662540438065,-0.500422152886127,-1.034034463693114,0.9049213165648881,-0.29714918157447795,-0.26228952507799996,0.13451618766807574,-0.2324656132115792,-0.5649580068690754,-0.5186045493275686,-0.4583565864306515,1.0,1992
21,3.304037933599835,-0.5800418934273982,-0.4844598480981374,-0.590810124975516,-0.6218964326619337,0.07102597248546388,0.5692750425533109,0.026565300162358144,-0.4021662540438065,-0.500422152886127,1.4699111018510216,1.117316185901042,-1.3463425881214006,-0.3259590836501439,-1.5703082095592769,-1.2750942409484847,-1.0787195011919866,-0.7467905510316989,0.19028542764427706,12.0,2022
51,3.304037933599835,-0.5800418934273982,-0.16020012820439128,-0.590810124975516,-0.21195207610815087,0.07102597248546388,-1.7566201291858892,0.026565300162358144,-0.4021662540438065,-0.500422152886127,2.3194640615892106,1.0965747814348377,-0.29714918157447795,0.5472234337950426,0.1031390513011549,-1.2004684700470702,-0.5649580068690754,1.9914414694178637,0.7538286352079177,42.0,2014
32,-0.302659963383191,-0.5800418934273982,1.9871933229286827,-0.590810124975516,0.47425912942752907,-3.5278097199866405,-1.756620131505466,-0.1543317438003666,3.2439665803598836,1.8525758740701628,-1.74944748242001,-1.1642864300109321,-0.034850829937747324,-0.1870436831301813,-0.14635672195868676,-0.7761676583504563,3.545133947714214,-0.5186045493275686,-1.3377109203806277,41.0,2020
107,-0.302659963383191,-0.5800418934273982,-1.0085694361712945,-0.590810124975516,-0.6218964326619337,0.07102597248546388,-1.7566201315067491,1.6546386958268808,0.8107609993709115,1.902678941938054,-1.704734168749579,-0.8489785832092653,-0.8217458848479393,-0.24759655002408287,0.2833564488418656,-0.8145466262426123,1.1047668496803862,-1.2031625544399593,-1.3679682738068633,4.0,1997
27,-0.302659963383191,-0.5800418934273982,-0.16020012820439128,1.6925911688487756,-0.21195207610815087,0.07102597248546388,0.5692750425533109,0.026565300162358144,-0.4021662540438065,-0.500422152886127,-1.168174404704407,0.4122528054526687,-0.034850829937747324,-0.2810158658343091,0.06376382185767725,0.49460261185648785,-0.43651763328834764,-0.5186045493275686,0.03521649133481891,1.0,2022
67,-0.302659963383191,-0.5800418934273982,-0.6465897080450105,-0.590810124975516,-0.8268686109388251,0.07102597248546388,0.5692750425533109,0.026565300162358144,-0.4021662540438065,-0.500422152886127,0.9333513378058497,0.9114902301412212,-0.29714918157447795,0.08152609118865624,1.4418968602190014,-0.9872519817573145,-0.5649580068690754,0.6223254591930825,-0.030971469285071763,41.0,2009
88,3.304037933599835,-0.5800418934273982,0.6504491715299741,-0.590810124975516,0.8129088152763062,0.07102597248546388,-1.7566201291858892,-3.410478535129412,-0.4021662540438065,-0.500422152886127,2.7665971982935202,0.9851140921463709,-0.29714918157447795,0.8964964407032624,1.107207407664413,-1.1898076456325826,-0.5649580068690754,1.078697462601343,0.8994421485716771,50.0,2003
180,3.304037933599835,-0.5800418934273982,0.6504491715299741,-0.590810124975516,0.8129088152763062,0.07102597248546388,0.5692750425533109,0.026565300162358144,-0.4021662540438065,-0.500422152886127,1.2463445334988668,1.2099345978717464,-0.29714918157447795,-0.26228952507799996,0.13451618766807574,-0.2324656132115792,-0.5649580068690754,1.078697462601343,1.0526200002919954,12.0,1981
150,-0.302659963383191,1.7240134054647667,0.16405959168935486,1.6925911688487756,0.19799228044563194,0.07102597248546388,0.5692750425533109,0.026565300162358144,-0.4021662540438065,-0.500422152886127,-0.6763279543296661,0.6881471717241089,2.325834334792828,-0.24955561336304816,0.18681141458891828,1.8591881369109247,0.7194457289382027,1.5350694660096034,1.5329554859334877,69.0,1989
37,-0.302659963383191,-0.5800418934273982,-0.16020012820439128,-0.590810124975516,-0.21195207610815087,0.07102597248546388,0.5692750425533109,0.026565300162358144,-0.4021662540438065,-0.500422152886127,0.4862182011015398,0.44063051178237034,-0.5594475332112087,-0.30034898187798464,-0.040833506127164895,0.46901663326171716,-0.6933983804498033,-0.29041854762343844,0.7292445355491011,1.0,2019
82,-0.302659963383191,-0.5800418934273982,-0.6465897080450105,-0.590810124975516,-0.8268686109388251,0.07102597248546388,-1.7566201291858892,-3.410478535129412,-0.4021662540438065,-0.500422152886127,2.1853241205779175,0.16502278906938894,0.22744752169898333,-0.26680800987965947,-0.3503111740559025,-0.07042108211136484,-0.3080772597076198,0.16595345578482204,0.6914228437663065,3.0,2006
184,-0.302659963383191,-0.5800418934273982,-0.6624718167745001,-0.590810124975516,-0.21195207610815087,0.07102597248546388,-1.7566201315066745,2.37822687167778,0.604114133981318,1.3263030932352216,-0.0056282492732011415,-1.1642864300109321,-0.5594475332112087,-0.24260984333816632,-0.2680619773091647,-0.8188109560084075,1.1047668496803862,-0.9749765527358291,-1.3755326121634224,3.0,1980
35,-0.302659963383191,1.7240134054647667,0.16405959168935486,1.6925911688487756,0.19799228044563194,0.07102597248546388,0.5692750425533109,0.026565300162358144,-0.4021662540438065,-0.500422152886127,-0.85518120901139,0.14424113545908596,0.48974587333571395,-0.2817587289386257,0.020158195611357618,1.1768953743837063,-0.179636886126892,-0.06223254591930819,0.708442605068564,13.0,2019
39,-0.302659963383191,-0.5800418934273982,0.7232421698734681,-0.590810124975516,0.19799228044563194,0.07102597248546388,-1.7566201315057288,1.2928446079014313,1.9266540725027488,1.9743730358264606,-1.704734168749579,-1.1642864300109321,-1.3463425881214006,-0.3259590836501439,-0.4460949213622877,-0.9957806412889048,2.389170585487664,-1.65953455784822,-1.53249263306202,21.5,2018
30,-0.302659963383191,-0.5800418934273982,0.8125790314768472,-0.590810124975516,1.0178809935531976,0.07102597248546388,0.5692750425533109,0.026565300162358144,-0.4021662540438065,-0.500422152886127,-0.0056282492732011415,-1.1642864300109321,-0.29714918157447795,-0.26228952507799996,0.13451618766807574,-0.2324656132115792,-0.5649580068690754,-0.7467905510316989,-0.8554843501499956,2.0,2021
53,3.304037933599835,-0.5800418934273982,0.488319311583101,-0.590810124975516,0.6079366369994148,0.07102597248546388,0.5692750425533109,0.026565300162358144,-0.4021662540438065,-0.500422152886127,1.2910578471692977,1.2723940649527952,-0.29714918157447795,-0.26228952507799996,0.13451618766807574,-0.2324656132115792,-0.5649580068690754,1.9914414694178637,1.1320455530358644,1.0,2014
121,-0.302659963383191,-0.5800418934273982,-1.3083442384404107,-0.590810124975516,-0.8268686109388251,0.07102597248546388,-1.7566201315074856,0.5692564320505323,0.5930561077180181,1.5197478007863225,-0.0056282492732011415,-1.1642864300109321,-0.29714918157447795,-0.09087148277497467,-0.24442307196990284,-1.0554812580100363,0.7194457289382027,-0.7467905510316989,-1.5854430015579326,1.0,1994
10,-0.302659963383191,-0.5800418934273982,1.2228668403219953,-0.590810124975516,0.47425912942752907,-3.5278097199866405,-1.7566201315057153,-1.963302183427614,4.557358514957534,2.1577257653517883,-1.704734168749579,-1.1642864300109321,-0.5594475332112087,-0.20841528321105232,-0.13715081162876402,-0.9190227055045926,2.260730211906936,-0.9749765527358291,-1.4644135878529898,59.0,2023
109,-0.302659963383191,-0.5800418934273982,-1.943628587619995,1.6925911688487756,-2.4666460371539563,0.07102597248546388,0.5692750425533109,0.026565300162358144,-0.4021662540438065,-0.500422152886127,-0.49747469964794205,-0.16768841326608735,0.7520442249724446,-0.2629459122794431,-0.12113738552182259,0.5159242606854635,-0.0511965125461642,0.16595345578482204,0.14300831291578373,1.0,1997
73,-0.302659963383191,1.7240134054647667,0.3261894516362279,1.6925911688487756,0.40296445872252334,0.07102597248546388,0.5692750425533109,0.026565300162358144,-0.4021662540438065,-0.500422152886127,0.17322500540852284,-0.21103014805154974,1.0143425766091754,-0.27116775037655205,0.06713660049808834,1.3432042352497158,0.07724386103456361,0.6223254591930825,1.0337091544005983,3.0,2008
72,-0.302659963383191,-0.5800418934273982,0.8622106212565022,-0.590810124975516,0.8129088152763062,0.07102597248546388,-1.7566201315059877,0.20746234412508288,1.3228858396656316,2.0588588221525224,-0.0056282492732011415,-1.1642864300109321,-1.0840442364846699,-0.29817600354615137,-0.9374408817367924,-1.0533490931271388,1.1047668496803862,-1.4313485561440895,-1.583551916968793,44.0,2008
17,-0.302659963383191,-0.5800418934273982,-0.6465897080450105,-0.590810124975516,-0.8268686109388251,0.07102597248546388,0.5692750425533109,0.026565300162358144,-0.4021662540438065,-0.500422152886127,1.7829042975440386,0.7076044598117158,-1.3463425881214006,-0.3259590836501439,-2.5743765652149055,-1.2814907355971774,-1.0787195011919866,-0.06223254591930819,-0.01206062339367443,1.0,2023
98,-0.302659963383191,1.7240134054647667,0.0019297317424817886,1.6925911688487756,-0.006979897831259459,0.07102597248546388,0.5692750425533109,0.026565300162358144,-0.4021662540438065,-0.500422152886127,-0.721041268000097,-0.005872817827195645,2.588132686429559,-0.24878386113791023,0.10539285255962656,1.895434939920183,0.8478861025189305,1.7632554677137338,1.3514113653760733,40.0,2000
84,-0.302659963383191,-0.5800418934273982,-0.16020012820439128,-0.590810124975516,-0.21195207610815087,0.07102597248546388,0.5692750425533109,0.026565300162358144,-0.4021662540438065,-0.500422152886127,0.17322500540852284,0.9292110199844809,-0.29714918157447795,5.786318533227065,0.10313904986677133,-1.264433416533997,-0.5649580068690754,0.16595345578482204,-0.6909599908948387,1.0,2005
130,-0.302659963383191,-0.5800418934273982,-1.619368867726249,-0.590810124975516,-2.0567016806001734,0.07102597248546388,0.5692750425533109,0.026565300162358144,-0.4021662540438065,-0.500422152886127,-0.586901326988804,0.10907218329710526,0.48974587333571395,-0.2375583742274728,-0.6824130511981221,-0.5906693135383688,-0.179636886126892,0.3941394574889523,-0.7760587974061267,2.0,1992
166,-0.302659963383191,-0.5800418934273982,-1.1329792878856297,-0.590810124975516,-1.4417851457694992,0.07102597248546388,0.5692750425533109,0.026565300162358144,-0.4021662540438065,-0.500422152886127,-1.168174404704407,0.08481773347176687,-1.0840442364846699,-0.31519803149706915,-0.30697337583672324,-0.132253863715394,-0.9502791276112589,-1.4313485561440895,-0.5718216617790356,1.0,1986
13,-0.302659963383191,-0.5800418934273982,-1.4572390077793758,-0.590810124975516,-1.851729502323282,0.07102597248546388,0.5692750425533109,0.026565300162358144,-0.4021662540438065,-0.500422152886127,0.5756448284424017,-0.20623566378931787,1.276640928245906,-0.2419992261919584,0.16750240772680483,0.739801573389707,0.20568423461529142,0.8505114608972127,0.6044329526658787,1.0,2023
36,3.304037933599835,-0.5800418934273982,-0.16020012820439128,-0.590810124975516,-0.21195207610815087,0.07102597248546388,0.5692750425533109,0.026565300162358144,-0.4021662540438065,-0.500422152886127,0.5756448284424017,2.022141909542601,-1.0840442364846699,0.1833973847625278,5.123480832607442,-1.1471643479746314,-0.9502791276112589,0.3941394574889523,0.32077026429491867,9.5,2019
111,3.304037933599835,-0.5800418934273982,0.488319311583101,-0.590810124975516,0.6079366369994148,0.07102597248546388,0.5692750425533109,0.026565300162358144,-0.4021662540438065,-0.500422152886127,2.2747507479187794,0.8186495862804531,-0.29714918157447795,0.8964964407032624,1.2410831885255975,-1.1855433158667874,-0.5649580068690754,0.6223254591930825,0.43990859341072186,8.0,1996
143,-0.302659963383191,-0.5800418934273982,-1.943628587619995,-0.590810124975516,-2.4666460371539563,0.07102597248546388,0.5692750425533109,0.026565300162358144,-0.4021662540438065,-0.500422152886127,-0.0056282492732011415,-1.1642864300109321,-0.29714918157447795,-0.26228952507799996,0.13451618766807574,-0.2324656132115792,-0.5649580068690754,-0.7467905510316989,-0.8554843501499956,1.0,1991
