RecAdv_Unnamed: 0_level_0 Rk,Player,RecAdv_Unnamed: 2_level_0 Age,RecAdv_Unnamed: 3_level_0 Team,RecAdv_Unnamed: 4_level_0 Pos,RecAdv_Unnamed: 5_level_0 G,RecAdv_Unnamed: 6_level_0 GS,RecAdv_Receiving Tgt,RecAdv_Receiving Rec,RecAdv_Receiving Yds,RecAdv_Receiving 1D,RecAdv_Receiving YBC,RecAdv_Receiving YBC/R,RecAdv_Receiving YAC,RecAdv_Receiving YAC/R,RecAdv_Receiving ADOT,RecAdv_Receiving BrkTkl,RecAdv_Receiving Rec/Br,RecAdv_Receiving Drop,RecAdv_Receiving Drop%,RecAdv_Receiving Int,RecAdv_Receiving Rat,RecAdv_Unnamed: 22_level_0 Awards,Year
1.0,Trey McBride,26.0,ARI,TE,13.0,13.0,127.0,93.0,937.0,49.0,534.0,5.7,403.0,4.3,7.2,6.0,15.5,1.0,0.8,0.0,114.8,,2025
2.0,Puka Nacua,24.0,LAR,WR,12.0,11.0,118.0,93.0,1186.0,58.0,754.0,8.1,432.0,4.6,9.2,6.0,15.5,2.0,1.7,1.0,122.0,,2025
3.0,Ja'Marr Chase,25.0,CIN,WR,12.0,12.0,139.0,91.0,1015.0,51.0,555.0,6.1,460.0,5.1,8.6,5.0,18.2,3.0,2.2,4.0,87.1,,2025
4.0,Jaxon Smith-Njigba,23.0,SEA,WR,13.0,13.0,121.0,89.0,1428.0,63.0,1039.0,11.7,389.0,4.4,12.1,3.0,29.7,3.0,2.5,3.0,127.0,,2025
5.0,Christian McCaffrey,29.0,SFO,RB,13.0,13.0,107.0,85.0,806.0,41.0,163.0,1.9,643.0,7.6,2.3,9.0,9.4,7.0,6.5,2.0,105.8,,2025
6.0,Amon-Ra St. Brown,26.0,DET,WR,13.0,13.0,117.0,81.0,976.0,47.0,573.0,7.1,403.0,5.0,8.2,3.0,27.0,8.0,6.8,3.0,109.5,,2025
7.0,George Pickens,24.0,DAL,WR,13.0,11.0,114.0,78.0,1179.0,62.0,797.0,10.2,382.0,4.9,11.8,4.0,19.5,4.0,3.5,3.0,114.6,,2025
8.0,Chris Olave,25.0,NOR,WR,13.0,13.0,120.0,76.0,811.0,36.0,617.0,8.1,194.0,2.6,11.2,2.0,38.0,5.0,4.2,4.0,83.0,,2025
9.0,Jake Ferguson,26.0,DAL,TE,13.0,7.0,90.0,75.0,554.0,27.0,266.0,3.5,288.0,3.8,4.5,6.0,12.5,2.0,2.2,1.0,113.6,,2025
10.0,Wan'Dale Robinson,24.0,NYG,WR,13.0,12.0,110.0,73.0,828.0,31.0,508.0,7.0,320.0,4.4,8.6,4.0,18.3,4.0,3.6,2.0,90.3,,2025
11.0,Michael Pittman Jr.,28.0,IND,WR,13.0,12.0,94.0,69.0,699.0,42.0,471.0,6.8,228.0,3.3,7.9,3.0,23.0,5.0,5.3,4.0,101.3,,2025
12.0,Zay Flowers,25.0,BAL,WR,13.0,13.0,95.0,68.0,891.0,35.0,519.0,7.6,372.0,5.5,9.7,9.0,7.6,6.0,6.3,1.0,99.9,,2025
13.0,Stefon Diggs,32.0,NWE,WR,13.0,13.0,79.0,64.0,705.0,37.0,469.0,7.3,236.0,3.7,8.5,1.0,64.0,3.0,3.8,2.0,106.0,,2025
14.0,Justin Jefferson,26.0,MIN,WR,13.0,13.0,109.0,64.0,810.0,35.0,468.0,7.3,342.0,5.3,11.2,3.0,21.3,1.0,0.9,9.0,53.7,,2025
15.0,DeVonta Smith,27.0,PHI,WR,13.0,13.0,94.0,64.0,839.0,35.0,587.0,9.2,252.0,3.9,11.7,0.0,,2.0,2.1,1.0,102.2,,2025
16.0,Keenan Allen,33.0,LAC,WR,13.0,3.0,94.0,63.0,644.0,40.0,467.0,7.4,177.0,2.8,8.6,2.0,31.5,4.0,4.3,2.0,91.8,,2025
17.0,A.J. Brown,28.0,PHI,WR,12.0,12.0,100.0,62.0,799.0,36.0,592.0,9.5,207.0,3.3,12.0,5.0,12.4,1.0,1.0,3.0,94.5,,2025
18.0,Kyle Pitts,25.0,ATL,TE,13.0,13.0,85.0,62.0,631.0,31.0,356.0,5.7,275.0,4.4,7.5,1.0,62.0,2.0,2.4,2.0,87.9,,2025
19.0,Deebo Samuel,29.0,WAS,WR,12.0,8.0,81.0,62.0,561.0,24.0,222.0,3.6,339.0,5.5,5.3,4.0,15.5,5.0,6.2,2.0,105.0,,2025
20.0,Dalton Schultz,29.0,HOU,TE,13.0,4.0,84.0,62.0,574.0,29.0,314.0,5.1,260.0,4.2,6.5,1.0,62.0,2.0,2.4,0.0,96.0,,2025
21.0,Nico Collins,26.0,HOU,WR,12.0,12.0,103.0,61.0,916.0,39.0,666.0,10.9,250.0,4.1,12.4,1.0,61.0,1.0,1.0,1.0,97.4,,2025
22.0,Michael Wilson,25.0,ARI,WR,13.0,9.0,94.0,61.0,712.0,38.0,531.0,8.7,181.0,3.0,11.2,3.0,20.3,1.0,1.1,2.0,89.5,,2025
23.0,Travis Kelce,36.0,KAN,TE,13.0,13.0,83.0,60.0,727.0,37.0,342.0,5.7,385.0,6.4,6.7,1.0,60.0,7.0,8.4,3.0,103.8,,2025
24.0,Drake London,24.0,ATL,WR,9.0,9.0,94.0,60.0,810.0,39.0,587.0,9.8,223.0,3.7,10.3,0.0,,0.0,0.0,1.0,108.0,,2025
25.0,Tyler Warren,23.0,IND,TE,13.0,8.0,84.0,60.0,699.0,34.0,282.0,4.7,417.0,7.0,5.1,4.0,15.0,2.0,2.4,0.0,112.2,,2025
26.0,Harold Fannin,21.0,CLE,TE,13.0,10.0,85.0,59.0,619.0,27.0,309.0,5.2,310.0,5.3,5.8,6.0,9.8,4.0,4.7,0.0,106.0,,2025
27.0,Ladd McConkey,24.0,LAC,WR,13.0,10.0,95.0,59.0,695.0,32.0,415.0,7.0,280.0,4.7,9.8,4.0,14.8,6.0,6.3,4.0,84.3,,2025
28.0,Jahmyr Gibbs,23.0,DET,RB,13.0,13.0,66.0,58.0,474.0,21.0,-34.0,-0.6,508.0,8.8,0.1,4.0,14.5,2.0,3.0,0.0,111.7,,2025
29.0,Juwan Johnson,29.0,NOR,TE,13.0,7.0,80.0,58.0,614.0,30.0,343.0,5.9,271.0,4.7,7.0,2.0,29.0,6.0,7.5,0.0,107.0,,2025
30.0,CeeDee Lamb,26.0,DAL,WR,10.0,9.0,89.0,57.0,865.0,33.0,590.0,10.4,275.0,4.8,11.8,5.0,11.4,7.0,7.9,3.0,93.1,,2025
31.0,Tetairoa McMillan,22.0,CAR,WR,13.0,13.0,98.0,57.0,826.0,46.0,591.0,10.4,235.0,4.1,11.3,2.0,28.5,7.0,7.1,4.0,89.1,,2025
32.0,Khalil Shakir,25.0,BUF,WR,13.0,9.0,78.0,57.0,585.0,24.0,119.0,2.1,466.0,8.2,3.7,6.0,9.5,2.0,2.6,2.0,100.6,,2025
33.0,Jaylen Waddle,27.0,MIA,WR,13.0,13.0,86.0,57.0,812.0,42.0,614.0,10.8,198.0,3.5,13.0,4.0,14.3,4.0,4.7,5.0,95.7,,2025
34.0,Davante Adams,33.0,LAR,WR,13.0,13.0,105.0,56.0,718.0,47.0,610.0,10.9,108.0,1.9,12.2,0.0,,5.0,4.8,1.0,110.6,,2025
35.0,Bijan Robinson,23.0,ATL,RB,13.0,13.0,70.0,56.0,602.0,24.0,17.0,0.3,585.0,10.4,1.0,8.0,7.0,3.0,4.3,1.0,106.1,,2025
36.0,Courtland Sutton,30.0,DEN,WR,13.0,13.0,90.0,56.0,773.0,39.0,593.0,10.6,180.0,3.2,12.0,2.0,28.0,5.0,5.6,3.0,94.4,,2025
37.0,De'Von Achane,24.0,MIA,RB,13.0,13.0,73.0,55.0,383.0,18.0,-80.0,-1.5,463.0,8.4,0.2,7.0,7.9,5.0,6.8,2.0,93.6,,2025
38.0,Jakobi Meyers,29.0,2TM,WR,12.0,9.0,80.0,55.0,636.0,31.0,383.0,7.0,253.0,4.6,8.9,4.0,13.8,2.0,2.5,6.0,73.7,,2025
38.0,Jakobi Meyers,29.0,LVR,WR,7.0,6.0,49.0,33.0,352.0,15.0,199.0,6.0,153.0,4.6,8.8,4.0,8.3,1.0,2.0,4.0,54.1,,2025
38.0,Jakobi Meyers,29.0,JAX,WR,5.0,3.0,31.0,22.0,284.0,16.0,184.0,8.4,100.0,4.5,9.0,0.0,,1.0,3.2,2.0,104.8,,2025
39.0,Emeka Egbuka,23.0,TAM,WR,13.0,12.0,110.0,54.0,806.0,29.0,511.0,9.5,295.0,5.5,11.8,0.0,,8.0,7.3,1.0,87.9,,2025
40.0,Brock Bowers,23.0,LVR,TE,10.0,6.0,73.0,53.0,619.0,31.0,352.0,6.6,267.0,5.0,7.3,2.0,26.5,3.0,4.1,2.0,113.9,,2025
41.0,D.K. Metcalf,28.0,PIT,WR,13.0,13.0,87.0,52.0,753.0,33.0,379.0,7.3,374.0,7.2,10.4,4.0,13.0,4.0,4.6,4.0,88.0,,2025
42.0,Rashid Shaheed,27.0,2TM,WR,14.0,12.0,82.0,52.0,603.0,26.0,434.0,8.3,169.0,3.3,11.4,2.0,26.0,0.0,0.0,3.0,78.5,,2025
42.0,Rashid Shaheed,27.0,NOR,WR,9.0,9.0,66.0,44.0,499.0,22.0,355.0,8.1,144.0,3.3,11.3,2.0,22.0,0.0,0.0,3.0,80.3,,2025
42.0,Rashid Shaheed,27.0,SEA,WR,5.0,3.0,16.0,8.0,104.0,4.0,79.0,9.9,25.0,3.1,11.7,0.0,,0.0,0.0,0.0,70.8,,2025
43.0,Chase Brown,25.0,CIN,RB,13.0,13.0,68.0,51.0,299.0,11.0,-10.0,-0.2,309.0,6.1,0.6,6.0,8.5,5.0,7.4,2.0,80.5,,2025
44.0,Troy Franklin,22.0,DEN,WR,13.0,7.0,88.0,51.0,541.0,25.0,311.0,6.1,230.0,4.5,13.4,3.0,17.0,4.0,4.5,4.0,76.0,,2025
45.0,Zach Ertz,35.0,WAS,TE,13.0,13.0,72.0,50.0,504.0,25.0,381.0,7.6,123.0,2.5,9.0,1.0,50.0,5.0,6.9,2.0,96.1,,2025
46.0,Kenneth Gainwell,26.0,PIT,RB,13.0,2.0,58.0,50.0,286.0,12.0,-76.0,-1.5,362.0,7.2,-0.8,4.0,12.5,1.0,1.7,0.0,98.7,,2025
47.0,Dallas Goedert,30.0,PHI,TE,12.0,12.0,66.0,48.0,481.0,27.0,307.0,6.4,174.0,3.6,7.7,3.0,16.0,2.0,3.0,0.0,128.4,,2025
48.0,Tee Higgins,26.0,CIN,WR,12.0,12.0,81.0,46.0,667.0,33.0,523.0,11.4,144.0,3.1,13.2,5.0,9.2,2.0,2.5,1.0,115.6,,2025
49.0,T.J. Hockenson,28.0,MIN,TE,13.0,13.0,60.0,46.0,370.0,19.0,172.0,3.7,198.0,4.3,4.7,2.0,23.0,3.0,5.0,0.0,108.3,,2025
50.0,Cade Otton,26.0,TAM,TE,13.0,13.0,66.0,46.0,430.0,18.0,197.0,4.3,233.0,5.1,5.2,6.0,7.7,1.0,1.5,2.0,74.7,,2025
51.0,Rashee Rice,25.0,KAN,WR,7.0,7.0,67.0,46.0,520.0,27.0,153.0,3.3,367.0,8.0,4.8,2.0,23.0,4.0,6.0,1.0,110.3,,2025
52.0,Tre Tucker,24.0,LVR,WR,13.0,13.0,72.0,46.0,574.0,27.0,334.0,7.3,240.0,5.2,9.4,2.0,23.0,4.0,5.6,1.0,105.9,,2025
53.0,Romeo Doubs,25.0,GNB,WR,13.0,12.0,73.0,45.0,542.0,32.0,421.0,9.4,121.0,2.7,12.2,2.0,22.5,3.0,4.1,1.0,101.5,,2025
54.0,Hunter Henry,31.0,NWE,TE,13.0,13.0,69.0,45.0,610.0,33.0,341.0,7.6,269.0,6.0,8.2,1.0,45.0,2.0,2.9,2.0,105.3,,2025
55.0,Ashton Jeanty,22.0,LVR,RB,13.0,13.0,58.0,45.0,259.0,11.0,-125.0,-2.8,384.0,8.5,-2.3,7.0,6.4,3.0,5.2,1.0,101.1,,2025
56.0,Jameson Williams,24.0,DET,WR,13.0,11.0,72.0,45.0,802.0,35.0,431.0,9.6,371.0,8.2,13.0,4.0,11.3,7.0,9.7,1.0,122.6,,2025
57.0,Josh Downs,24.0,IND,WR,12.0,7.0,65.0,44.0,393.0,27.0,297.0,6.8,96.0,2.2,6.5,1.0,44.0,2.0,3.1,1.0,92.7,,2025
58.0,Rome Odunze,23.0,CHI,WR,12.0,12.0,90.0,44.0,661.0,37.0,447.0,10.2,214.0,4.9,13.9,1.0,44.0,2.0,2.2,3.0,81.8,,2025
59.0,Mason Taylor,21.0,NYJ,TE,13.0,11.0,65.0,44.0,369.0,23.0,236.0,5.4,133.0,3.0,5.9,0.0,,8.0,12.3,1.0,80.9,,2025
60.0,Marquise Brown,28.0,KAN,WR,13.0,5.0,62.0,42.0,494.0,26.0,353.0,8.4,141.0,3.4,10.8,3.0,14.0,2.0,3.2,2.0,105.2,,2025
61.0,Theo Johnson,24.0,NYG,TE,13.0,13.0,68.0,42.0,456.0,23.0,308.0,7.3,148.0,3.5,8.4,1.0,42.0,4.0,5.9,1.0,99.9,,2025
62.0,Quentin Johnston,24.0,LAC,WR,12.0,8.0,71.0,42.0,533.0,20.0,336.0,8.0,197.0,4.7,9.9,5.0,8.4,2.0,2.8,2.0,103.8,,2025
63.0,Jauan Jennings,28.0,SFO,WR,11.0,11.0,69.0,41.0,458.0,25.0,324.0,7.9,134.0,3.3,10.4,4.0,10.3,2.0,2.9,6.0,67.2,,2025
64.0,Chigoziem Okonkwo,26.0,TEN,TE,13.0,9.0,53.0,41.0,426.0,18.0,203.0,5.0,223.0,5.4,5.5,3.0,13.7,3.0,5.7,1.0,92.2,,2025
65.0,AJ Barner,23.0,SEA,TE,13.0,13.0,50.0,40.0,386.0,19.0,190.0,4.8,196.0,4.9,4.5,1.0,40.0,1.0,2.0,2.0,108.8,,2025
66.0,Evan Engram,31.0,DEN,TE,12.0,1.0,61.0,40.0,347.0,17.0,102.0,2.6,245.0,6.1,4.4,1.0,40.0,7.0,11.5,0.0,85.9,,2025
67.0,Marvin Harrison Jr.,23.0,ARI,WR,10.0,10.0,69.0,40.0,594.0,29.0,475.0,11.9,119.0,3.0,12.3,3.0,13.3,4.0,5.8,2.0,93.5,,2025
68.0,Sam LaPorta,24.0,DET,TE,9.0,9.0,49.0,40.0,489.0,23.0,215.0,5.4,274.0,6.9,5.7,5.0,8.0,0.0,0.0,0.0,128.7,,2025
69.0,Malik Washington,24.0,MIA,WR,13.0,3.0,56.0,40.0,274.0,14.0,53.0,1.3,221.0,5.5,4.1,5.0,8.0,1.0,1.8,2.0,79.0,,2025
70.0,Oronde Gadsden II,22.0,LAC,TE,11.0,6.0,55.0,39.0,541.0,21.0,355.0,9.1,186.0,4.8,8.7,0.0,,4.0,7.3,2.0,99.1,,2025
71.0,D.J. Moore,28.0,CHI,WR,13.0,13.0,66.0,39.0,498.0,24.0,297.0,7.6,201.0,5.2,10.3,4.0,9.8,3.0,4.5,0.0,97.9,,2025
72.0,Sterling Shepard,32.0,TAM,WR,13.0,2.0,53.0,39.0,371.0,18.0,222.0,5.7,149.0,3.8,8.5,2.0,19.5,0.0,0.0,0.0,98.9,,2025
73.0,Mark Andrews,30.0,BAL,TE,13.0,9.0,57.0,38.0,341.0,21.0,256.0,6.7,85.0,2.2,7.1,1.0,38.0,3.0,5.3,3.0,89.9,,2025
74.0,Jerry Jeudy,26.0,CLE,WR,13.0,13.0,85.0,38.0,497.0,24.0,343.0,9.0,154.0,4.1,12.0,0.0,,10.0,11.8,5.0,47.0,,2025
75.0,Alec Pierce,25.0,IND,WR,11.0,10.0,67.0,38.0,769.0,33.0,643.0,16.9,126.0,3.3,18.9,1.0,38.0,0.0,0.0,2.0,94.7,,2025
76.0,Xavier Worthy,22.0,KAN,WR,11.0,11.0,63.0,38.0,456.0,19.0,295.0,7.8,161.0,4.2,11.7,2.0,19.0,0.0,0.0,1.0,81.2,,2025
77.0,Jordan Addison,23.0,MIN,WR,10.0,9.0,70.0,37.0,510.0,24.0,391.0,10.6,119.0,3.2,13.3,1.0,37.0,6.0,8.6,4.0,67.0,,2025
78.0,RJ Harvey,24.0,DEN,RB,13.0,4.0,42.0,37.0,247.0,13.0,-9.0,-0.2,256.0,6.9,0.4,3.0,12.3,3.0,7.1,0.0,122.9,,2025
79.0,Gunnar Helm,23.0,TEN,TE,13.0,8.0,46.0,37.0,298.0,15.0,177.0,4.8,121.0,3.3,5.9,0.0,,2.0,4.3,0.0,100.9,,2025
80.0,George Kittle,32.0,SFO,TE,8.0,8.0,45.0,37.0,396.0,23.0,262.0,7.1,134.0,3.6,6.9,0.0,,1.0,2.2,0.0,140.4,,2025
81.0,Olamide Zaccheaus,28.0,CHI,WR,13.0,4.0,57.0,37.0,280.0,14.0,158.0,4.3,122.0,3.3,6.1,1.0,37.0,4.0,7.0,1.0,81.0,,2025
82.0,Keon Coleman,22.0,BUF,WR,11.0,6.0,55.0,36.0,355.0,24.0,285.0,7.9,70.0,1.9,11.1,1.0,36.0,2.0,3.6,2.0,92.6,,2025
83.0,Cooper Kupp,32.0,SEA,WR,12.0,12.0,53.0,36.0,473.0,21.0,233.0,6.5,240.0,6.7,7.5,2.0,18.0,1.0,1.9,3.0,84.9,,2025
84.0,Parker Washington,23.0,JAX,WR,12.0,6.0,63.0,36.0,447.0,23.0,329.0,9.1,118.0,3.3,12.0,4.0,9.0,4.0,6.3,2.0,81.9,,2025
85.0,Garrett Wilson,25.0,NYJ,WR,7.0,7.0,59.0,36.0,395.0,18.0,295.0,8.2,100.0,2.8,9.1,3.0,12.0,3.0,5.1,2.0,89.3,,2025
86.0,Saquon Barkley,28.0,PHI,RB,13.0,13.0,45.0,35.0,259.0,11.0,-20.0,-0.6,279.0,8.0,0.9,2.0,17.5,2.0,4.4,0.0,105.5,,2025
87.0,Jayden Higgins,23.0,HOU,WR,13.0,8.0,55.0,35.0,393.0,23.0,317.0,9.1,76.0,2.2,11.9,1.0,35.0,2.0,3.6,1.0,101.6,,2025
88.0,Mack Hollins,32.0,NWE,WR,13.0,11.0,48.0,35.0,440.0,23.0,348.0,9.9,92.0,2.6,12.5,0.0,,0.0,0.0,1.0,106.2,,2025
89.0,Colston Loveland,21.0,CHI,TE,12.0,8.0,49.0,35.0,435.0,21.0,264.0,7.5,171.0,4.9,9.0,4.0,8.8,0.0,0.0,0.0,125.8,,2025
90.0,Jonathan Taylor,26.0,IND,RB,13.0,13.0,40.0,35.0,304.0,12.0,-44.0,-1.3,348.0,9.9,-1.2,6.0,5.8,4.0,10.0,0.0,115.0,,2025
91.0,Brian Thomas,23.0,JAX,WR,10.0,10.0,69.0,35.0,535.0,24.0,400.0,11.4,135.0,3.9,14.1,1.0,35.0,9.0,13.0,1.0,75.5,,2025
92.0,Chimere Dike,24.0,TEN,WR,13.0,7.0,55.0,34.0,284.0,14.0,119.0,3.5,165.0,4.9,8.3,0.0,,0.0,0.0,2.0,78.1,,2025
93.0,Noah Fant,28.0,CIN,TE,12.0,6.0,39.0,33.0,283.0,13.0,115.0,3.5,168.0,5.1,3.6,1.0,33.0,1.0,2.6,0.0,122.5,,2025
94.0,Alvin Kamara,30.0,NOR,RB,11.0,11.0,39.0,33.0,186.0,7.0,-16.0,-0.5,202.0,6.1,0.8,2.0,16.5,2.0,5.1,0.0,86.5,,2025
95.0,Dalton Kincaid,26.0,BUF,TE,9.0,3.0,41.0,33.0,489.0,24.0,253.0,7.7,236.0,7.2,8.9,1.0,33.0,1.0,2.4,0.0,155.9,,2025
96.0,David Njoku,29.0,CLE,TE,12.0,11.0,48.0,33.0,293.0,11.0,133.0,4.0,160.0,4.8,5.3,3.0,11.0,1.0,2.1,2.0,95.2,,2025
97.0,Rachaad White,26.0,TAM,RB,13.0,8.0,38.0,33.0,172.0,8.0,-90.0,-2.7,262.0,7.9,-2.1,4.0,8.3,0.0,0.0,0.0,85.5,,2025
98.0,Javonte Williams,25.0,DAL,RB,13.0,13.0,46.0,33.0,128.0,7.0,-63.0,-1.9,191.0,5.8,-1.3,0.0,,0.0,0.0,0.0,88.9,,2025
99.0,TreVeyon Henderson,23.0,NWE,RB,13.0,4.0,38.0,32.0,199.0,7.0,-24.0,-0.8,223.0,7.0,-0.6,3.0,10.7,2.0,5.3,0.0,97.3,,2025
100.0,Tucker Kraft,25.0,GNB,TE,8.0,8.0,44.0,32.0,489.0,22.0,145.0,4.5,344.0,10.8,4.7,6.0,5.3,3.0,6.8,0.0,148.6,,2025
101.0,Kendrick Bourne,30.0,SFO,WR,12.0,7.0,43.0,31.0,482.0,23.0,333.0,10.7,149.0,4.8,11.1,1.0,31.0,5.0,11.6,1.0,99.2,,2025
102.0,Josh Jacobs,27.0,GNB,RB,12.0,12.0,38.0,31.0,251.0,7.0,-35.0,-1.1,286.0,9.2,-1.4,5.0,6.2,0.0,0.0,0.0,94.2,,2025
103.0,Brenton Strange,25.0,JAX,TE,8.0,8.0,39.0,31.0,369.0,18.0,204.0,6.6,165.0,5.3,7.6,2.0,15.5,2.0,5.1,0.0,114.6,,2025
104.0,Elic Ayomanor,22.0,TEN,WR,12.0,11.0,67.0,30.0,353.0,21.0,267.0,8.9,86.0,2.9,12.0,0.0,,5.0,7.5,2.0,63.8,,2025
105.0,Luther Burden,22.0,CHI,WR,12.0,3.0,40.0,30.0,395.0,16.0,191.0,6.4,204.0,6.8,7.8,0.0,,1.0,2.5,0.0,114.1,,2025
106.0,Breece Hall,24.0,NYJ,RB,13.0,13.0,40.0,30.0,309.0,11.0,43.0,1.4,266.0,8.9,1.1,1.0,30.0,2.0,5.0,0.0,105.1,,2025
107.0,Jonnu Smith,30.0,PIT,TE,13.0,4.0,44.0,30.0,190.0,8.0,35.0,1.2,155.0,5.2,4.3,2.0,15.0,2.0,4.5,0.0,92.0,,2025
108.0,Tyjae Spears,24.0,TEN,RB,9.0,0.0,34.0,30.0,201.0,7.0,-37.0,-1.2,238.0,7.9,-1.1,5.0,6.0,1.0,2.9,0.0,91.3,,2025
109.0,Jaylen Warren,27.0,PIT,RB,12.0,11.0,35.0,30.0,277.0,11.0,-51.0,-1.7,328.0,10.9,-1.5,5.0,6.0,1.0,2.9,0.0,118.7,,2025
110.0,Kayshon Boutte,23.0,NWE,WR,11.0,8.0,38.0,29.0,481.0,23.0,451.0,15.6,30.0,1.0,15.7,1.0,29.0,1.0,2.6,1.0,146.4,,2025
111.0,James Cook,26.0,BUF,RB,13.0,13.0,31.0,29.0,267.0,9.0,22.0,0.8,245.0,8.4,0.8,3.0,9.7,1.0,3.2,0.0,113.3,,2025
112.0,Greg Dortch,27.0,ARI,WR,12.0,3.0,33.0,29.0,206.0,10.0,12.0,0.4,194.0,6.7,1.8,4.0,7.3,1.0,3.0,0.0,123.0,,2025
113.0,Rico Dowdle,27.0,CAR,RB,13.0,7.0,36.0,29.0,254.0,13.0,-38.0,-1.3,292.0,10.1,-1.1,2.0,14.5,1.0,2.8,1.0,93.7,,2025
114.0,Ryan Flournoy,26.0,DAL,WR,13.0,2.0,42.0,29.0,349.0,21.0,227.0,7.8,122.0,4.2,8.7,2.0,14.5,1.0,2.4,1.0,108.1,,2025
115.0,Pat Freiermuth,27.0,PIT,TE,13.0,5.0,35.0,28.0,307.0,12.0,148.0,5.3,159.0,5.7,5.3,2.0,14.0,0.0,0.0,1.0,129.4,,2025
116.0,Travis Hunter,22.0,JAX,WR,7.0,4.0,45.0,28.0,298.0,12.0,158.0,5.6,140.0,5.0,7.8,3.0,9.3,2.0,4.4,2.0,70.4,,2025
117.0,Xavier Legette,24.0,CAR,WR,11.0,11.0,53.0,28.0,287.0,14.0,222.0,7.9,65.0,2.3,9.4,0.0,,2.0,3.8,3.0,64.0,,2025
118.0,Dylan Sampson,21.0,CLE,RB,13.0,1.0,34.0,28.0,259.0,8.0,-26.0,-0.9,285.0,10.2,-1.2,2.0,14.0,0.0,0.0,0.0,118.0,,2025
119.0,D'Andre Swift,26.0,CHI,RB,12.0,12.0,40.0,28.0,256.0,10.0,-58.0,-2.1,314.0,11.2,-0.7,0.0,,3.0,7.5,0.0,95.4,,2025
120.0,Calvin Austin III,26.0,PIT,WR,11.0,7.0,46.0,27.0,309.0,11.0,191.0,7.1,118.0,4.4,10.5,2.0,13.5,2.0,4.3,3.0,66.3,,2025
121.0,Demario Douglas,25.0,NWE,WR,13.0,0.0,39.0,27.0,402.0,16.0,242.0,9.0,160.0,5.9,9.8,1.0,27.0,2.0,5.1,0.0,128.4,,2025
122.0,Tony Pollard,28.0,TEN,RB,13.0,13.0,34.0,27.0,171.0,8.0,14.0,0.5,157.0,5.8,0.6,2.0,13.5,2.0,5.9,1.0,75.4,,2025
123.0,JuJu Smith-Schuster,29.0,KAN,WR,13.0,8.0,35.0,27.0,304.0,17.0,127.0,4.7,177.0,6.6,6.2,3.0,9.0,1.0,2.9,2.0,88.3,,2025
124.0,Travis Etienne,26.0,JAX,RB,13.0,13.0,39.0,26.0,181.0,8.0,-54.0,-2.1,235.0,9.0,-1.8,2.0,13.0,5.0,12.8,0.0,94.1,,2025
125.0,Jerome Ford,26.0,CLE,RB,13.0,0.0,32.0,26.0,103.0,4.0,-51.0,-2.0,154.0,5.9,-1.5,2.0,13.0,3.0,9.4,0.0,80.1,,2025
126.0,Xavier Hutchinson,25.0,HOU,WR,13.0,4.0,41.0,26.0,303.0,14.0,220.0,8.5,83.0,3.2,11.0,2.0,13.0,1.0,2.4,1.0,99.9,,2025
127.0,Andrei Iosivas,26.0,CIN,WR,13.0,7.0,47.0,26.0,363.0,18.0,278.0,10.7,85.0,3.3,10.2,1.0,26.0,5.0,10.6,2.0,76.8,,2025
128.0,Colby Parkinson,26.0,LAR,TE,11.0,6.0,31.0,26.0,223.0,16.0,56.0,2.2,167.0,6.4,2.4,1.0,26.0,0.0,0.0,1.0,122.8,,2025
129.0,Darius Slayton,28.0,NYG,WR,10.0,9.0,39.0,26.0,407.0,14.0,245.0,9.4,162.0,6.2,14.5,1.0,26.0,2.0,5.1,0.0,109.7,,2025
130.0,Jake Tonges,26.0,SFO,TE,13.0,1.0,35.0,26.0,226.0,14.0,97.0,3.7,129.0,5.0,4.6,1.0,26.0,0.0,0.0,0.0,129.0,,2025
131.0,Dontayvion Wicks,24.0,GNB,WR,11.0,7.0,41.0,26.0,307.0,20.0,244.0,9.4,63.0,2.4,11.7,2.0,13.0,1.0,2.4,1.0,92.2,,2025
132.0,Kyren Williams,25.0,LAR,RB,13.0,13.0,35.0,26.0,197.0,8.0,92.0,3.5,105.0,4.0,2.7,1.0,26.0,1.0,2.9,0.0,116.0,,2025
133.0,Tyler Lockett,33.0,2TM,WR,13.0,1.0,41.0,26.0,261.0,12.0,183.0,7.0,78.0,3.0,7.9,1.0,26.0,1.0,2.4,0.0,81.5,,2025
133.0,Tyler Lockett,33.0,TEN,WR,7.0,1.0,21.0,10.0,70.0,3.0,42.0,4.2,28.0,2.8,7.3,0.0,,1.0,4.8,0.0,55.7,,2025
133.0,Tyler Lockett,33.0,LVR,WR,6.0,0.0,20.0,16.0,191.0,9.0,141.0,8.8,50.0,3.1,8.6,1.0,16.0,0.0,0.0,0.0,106.5,,2025
134.0,Dawson Knox,29.0,BUF,TE,13.0,9.0,36.0,25.0,316.0,15.0,170.0,6.8,146.0,5.8,6.9,0.0,,1.0,2.8,2.0,82.6,,2025
135.0,Marvin Mims,23.0,DEN,WR,11.0,2.0,35.0,25.0,247.0,10.0,102.0,4.1,145.0,5.8,11.5,2.0,12.5,1.0,2.9,0.0,100.5,,2025
136.0,Ricky Pearsall,25.0,SFO,WR,7.0,7.0,38.0,25.0,347.0,19.0,311.0,12.4,36.0,1.4,14.6,0.0,,0.0,0.0,4.0,55.4,,2025
137.0,Ja'Tavion Sanders,22.0,CAR,TE,10.0,3.0,30.0,25.0,176.0,7.0,95.0,3.8,81.0,3.2,5.1,1.0,25.0,1.0,3.3,0.0,91.1,,2025
138.0,Christian Watson,26.0,GNB,WR,7.0,7.0,38.0,25.0,452.0,20.0,369.0,14.8,83.0,3.3,18.4,0.0,,0.0,0.0,1.0,135.1,,2025
139.0,Michael Carter,26.0,ARI,RB,9.0,2.0,32.0,24.0,194.0,9.0,8.0,0.3,186.0,7.8,2.1,7.0,3.4,2.0,6.3,0.0,89.8,,2025
140.0,Matthew Golden,22.0,GNB,WR,10.0,4.0,33.0,24.0,286.0,12.0,200.0,8.3,86.0,3.6,12.7,0.0,,0.0,0.0,1.0,86.2,,2025
141.0,Tez Johnson,23.0,TAM,WR,12.0,8.0,39.0,24.0,287.0,14.0,185.0,7.7,102.0,4.3,12.1,1.0,24.0,2.0,5.1,0.0,123.6,,2025
142.0,Cam Skattebo,23.0,NYG,RB,8.0,5.0,32.0,24.0,207.0,11.0,-2.0,-0.1,209.0,8.7,-0.2,4.0,6.0,0.0,0.0,0.0,112.4,,2025
143.0,Chuba Hubbard,26.0,CAR,RB,11.0,6.0,32.0,23.0,194.0,10.0,-51.0,-2.2,245.0,10.7,-0.7,3.0,7.7,4.0,12.5,0.0,118.5,,2025
144.0,Bucky Irving,23.0,TAM,RB,6.0,5.0,24.0,23.0,239.0,9.0,-59.0,-2.6,298.0,13.0,-2.3,6.0,3.8,0.0,0.0,0.0,147.7,,2025
145.0,Van Jefferson,29.0,TEN,WR,13.0,5.0,42.0,23.0,237.0,13.0,164.0,7.1,73.0,3.2,10.5,0.0,,1.0,2.4,0.0,79.2,,2025
146.0,Terry McLaurin,30.0,WAS,WR,6.0,6.0,41.0,23.0,340.0,19.0,289.0,12.6,51.0,2.2,14.2,5.0,4.6,1.0,2.4,1.0,89.5,,2025
147.0,Jalen Nailor,26.0,MIN,WR,13.0,7.0,42.0,23.0,348.0,18.0,250.0,10.9,98.0,4.3,12.7,2.0,11.5,0.0,0.0,4.0,58.5,,2025
148.0,Darnell Washington,24.0,PIT,TE,13.0,10.0,33.0,23.0,288.0,13.0,117.0,5.1,171.0,7.4,6.4,1.0,23.0,3.0,9.1,1.0,94.0,,2025
149.0,Pat Bryant,23.0,DEN,WR,13.0,6.0,36.0,22.0,305.0,18.0,192.0,8.7,113.0,5.1,8.9,1.0,22.0,2.0,5.6,2.0,74.4,,2025
150.0,Omarion Hampton,22.0,LAC,RB,6.0,5.0,24.0,22.0,147.0,6.0,-26.0,-1.2,173.0,7.9,-1.1,2.0,11.0,0.0,0.0,0.0,106.1,,2025
151.0,Christian Kirk,29.0,HOU,WR,9.0,2.0,40.0,22.0,204.0,9.0,113.0,5.1,91.0,4.1,7.7,1.0,22.0,2.0,5.0,3.0,46.2,,2025
152.0,Cole Kmet,26.0,CHI,TE,12.0,11.0,35.0,22.0,273.0,12.0,188.0,8.5,85.0,3.9,10.0,1.0,22.0,1.0,2.9,1.0,94.1,,2025
153.0,Zonovan Knight,24.0,ARI,RB,11.0,7.0,31.0,22.0,160.0,10.0,9.0,0.4,151.0,6.9,1.2,1.0,22.0,1.0,3.2,0.0,93.5,,2025
154.0,Isaiah Likely,25.0,BAL,TE,10.0,6.0,31.0,22.0,248.0,8.0,149.0,6.8,99.0,4.5,8.0,1.0,22.0,1.0,3.2,0.0,105.3,,2025
155.0,Michael Mayer,24.0,LVR,TE,9.0,9.0,32.0,22.0,182.0,11.0,62.0,2.8,120.0,5.5,4.1,1.0,22.0,1.0,3.1,2.0,67.4,,2025
156.0,Darnell Mooney,28.0,ATL,WR,11.0,11.0,54.0,22.0,329.0,18.0,284.0,12.9,45.0,2.0,14.1,0.0,,5.0,9.3,0.0,67.6,,2025
157.0,Jaylin Noel,23.0,HOU,WR,13.0,3.0,30.0,22.0,225.0,11.0,139.0,6.3,86.0,3.9,8.1,0.0,,1.0,3.3,1.0,91.7,,2025
158.0,Tyrone Tracy Jr.,26.0,NYG,RB,11.0,7.0,31.0,22.0,203.0,9.0,-30.0,-1.4,233.0,10.6,-1.1,4.0,5.5,2.0,6.5,0.0,88.5,,2025
159.0,John Metchie,25.0,2TM,WR,12.0,3.0,31.0,22.0,184.0,10.0,85.0,3.9,99.0,4.5,5.4,1.0,22.0,2.0,6.5,1.0,94.0,,2025
159.0,John Metchie,25.0,PHI,WR,7.0,0.0,4.0,4.0,18.0,2.0,6.0,1.5,12.0,3.0,1.5,0.0,,0.0,0.0,0.0,85.4,,2025
159.0,John Metchie,25.0,NYJ,WR,5.0,3.0,27.0,18.0,166.0,8.0,79.0,4.4,87.0,4.8,6.0,1.0,18.0,2.0,7.4,1.0,92.5,,2025
160.0,Justice Hill,28.0,BAL,RB,10.0,0.0,27.0,21.0,169.0,6.0,-15.0,-0.7,184.0,8.8,-0.2,5.0,4.2,0.0,0.0,0.0,105.1,,2025
161.0,Tyreek Hill,31.0,MIA,WR,4.0,4.0,29.0,21.0,265.0,17.0,208.0,9.9,57.0,2.7,13.4,0.0,,0.0,0.0,1.0,97.6,,2025
162.0,David Montgomery,28.0,DET,RB,13.0,0.0,25.0,21.0,164.0,9.0,-2.0,-0.1,166.0,7.9,0.6,0.0,,0.0,0.0,0.0,94.0,,2025
163.0,KaVontae Turpin,29.0,DAL,WR,11.0,2.0,30.0,21.0,286.0,15.0,140.0,6.7,146.0,7.0,6.5,1.0,21.0,4.0,13.3,1.0,97.4,,2025
164.0,Kenneth Walker III,25.0,SEA,RB,13.0,13.0,26.0,21.0,174.0,8.0,-24.0,-1.1,198.0,9.4,-0.3,5.0,4.2,2.0,7.7,0.0,94.6,,2025
165.0,Adonai Mitchell,23.0,2TM,WR,12.0,3.0,47.0,21.0,330.0,10.0,261.0,12.4,69.0,3.3,16.9,0.0,,2.0,4.3,3.0,49.1,,2025
165.0,Adonai Mitchell,23.0,IND,WR,8.0,1.0,16.0,9.0,152.0,2.0,101.0,11.2,51.0,5.7,16.1,0.0,,0.0,0.0,1.0,62.5,,2025
165.0,Adonai Mitchell,23.0,NYJ,WR,4.0,2.0,31.0,12.0,178.0,8.0,160.0,13.3,18.0,1.5,17.3,0.0,,2.0,6.5,2.0,42.1,,2025
166.0,Mike Gesicki,30.0,CIN,TE,9.0,1.0,32.0,20.0,201.0,12.0,161.0,8.1,40.0,2.0,9.0,0.0,,0.0,0.0,3.0,51.7,,2025
167.0,Tre Harris,23.0,LAC,WR,13.0,7.0,26.0,20.0,185.0,11.0,95.0,4.8,90.0,4.5,7.6,1.0,20.0,0.0,0.0,1.0,92.6,,2025
168.0,Tyler Higbee,32.0,LAR,TE,9.0,7.0,30.0,20.0,190.0,12.0,61.0,3.1,129.0,6.5,4.3,0.0,,2.0,6.7,0.0,106.2,,2025
169.0,Aaron Jones,31.0,MIN,RB,9.0,9.0,31.0,20.0,150.0,8.0,-18.0,-0.9,168.0,8.4,-0.2,0.0,,2.0,6.5,0.0,86.8,,2025
170.0,Kyle Juszczyk,34.0,SFO,FB,13.0,13.0,23.0,20.0,187.0,8.0,91.0,4.6,96.0,4.8,4.7,1.0,20.0,0.0,0.0,0.0,115.0,,2025
171.0,Woody Marks,25.0,HOU,RB,13.0,5.0,30.0,20.0,196.0,7.0,-12.0,-0.6,208.0,10.4,1.7,3.0,6.7,2.0,6.7,0.0,118.2,,2025
172.0,Rhamondre Stevenson,27.0,NWE,RB,10.0,9.0,24.0,20.0,214.0,5.0,42.0,2.1,172.0,8.6,4.0,0.0,,0.0,0.0,0.0,103.8,,2025
173.0,Tommy Tremble,25.0,CAR,TE,13.0,12.0,27.0,20.0,186.0,6.0,55.0,2.8,131.0,6.6,3.7,0.0,,1.0,3.7,0.0,104.9,,2025
174.0,Devaughn Vele,28.0,NOR,WR,12.0,6.0,33.0,20.0,224.0,15.0,196.0,9.8,28.0,1.4,10.9,0.0,,0.0,0.0,0.0,101.1,,2025
175.0,Brandin Cooks,32.0,2TM,WR,12.0,4.0,26.0,20.0,178.0,11.0,141.0,7.1,37.0,1.9,9.4,0.0,,1.0,3.8,0.0,94.7,,2025
175.0,Brandin Cooks,32.0,NOR,WR,10.0,3.0,25.0,19.0,165.0,10.0,128.0,6.7,37.0,1.9,9.2,0.0,,1.0,4.0,0.0,92.9,,2025
175.0,Brandin Cooks,32.0,BUF,WR,2.0,1.0,1.0,1.0,13.0,1.0,13.0,13.0,0.0,0.0,13.0,0.0,,0.0,0.0,0.0,118.7,,2025
176.0,Davis Allen,24.0,LAR,TE,13.0,1.0,23.0,19.0,158.0,9.0,55.0,2.9,103.0,5.4,3.6,2.0,9.5,1.0,4.3,0.0,134.9,,2025
177.0,Dyami Brown,26.0,JAX,WR,11.0,6.0,36.0,19.0,219.0,12.0,188.0,9.9,31.0,1.6,14.2,0.0,,5.0,13.9,1.0,69.1,,2025
178.0,Elijah Higgins,25.0,ARI,TE,13.0,7.0,23.0,19.0,179.0,8.0,45.0,2.4,134.0,7.1,2.7,4.0,4.8,0.0,0.0,1.0,81.0,,2025
179.0,Brashard Smith,22.0,KAN,RB,13.0,0.0,26.0,19.0,161.0,6.0,-41.0,-2.2,202.0,10.6,-0.7,0.0,,1.0,3.8,0.0,88.8,,2025
180.0,Rashod Bateman,26.0,BAL,WR,11.0,10.0,35.0,18.0,217.0,12.0,181.0,10.1,36.0,2.0,12.4,0.0,,3.0,8.6,1.0,77.9,,2025
181.0,Jalen Coker,24.0,CAR,WR,7.0,2.0,25.0,18.0,224.0,14.0,153.0,8.5,71.0,3.9,9.7,1.0,18.0,0.0,0.0,1.0,96.1,,2025
182.0,Quinshon Judkins,22.0,CLE,RB,12.0,12.0,26.0,18.0,146.0,5.0,-10.0,-0.6,156.0,8.7,-0.3,0.0,,0.0,0.0,0.0,83.2,,2025
183.0,Jeremy McNichols,30.0,WAS,RB,13.0,0.0,23.0,18.0,151.0,8.0,-20.0,-1.1,171.0,9.5,-0.7,1.0,18.0,1.0,4.3,1.0,75.9,,2025
184.0,Malik Nabers,22.0,NYG,WR,4.0,4.0,35.0,18.0,271.0,11.0,219.0,12.2,52.0,2.9,15.9,0.0,,1.0,2.9,2.0,72.4,,2025
185.0,Josh Palmer,26.0,BUF,WR,8.0,5.0,29.0,18.0,272.0,12.0,227.0,12.6,45.0,2.5,13.0,0.0,,0.0,0.0,2.0,64.2,,2025
186.0,Jeremy Ruckert,25.0,NYJ,TE,13.0,11.0,21.0,18.0,150.0,7.0,67.0,3.7,83.0,4.6,3.9,0.0,,1.0,4.8,0.0,112.3,,2025
187.0,Cedric Tillman,25.0,CLE,WR,9.0,7.0,35.0,18.0,197.0,11.0,161.0,8.9,36.0,2.0,11.3,0.0,,1.0,2.9,2.0,63.6,,2025
188.0,Noah Gray,26.0,KAN,TE,12.0,5.0,31.0,17.0,146.0,7.0,54.0,3.2,92.0,5.4,6.5,0.0,,3.0,9.7,0.0,67.4,,2025
189.0,DeAndre Hopkins,33.0,BAL,WR,13.0,3.0,30.0,17.0,257.0,11.0,221.0,13.0,36.0,2.1,14.5,0.0,,0.0,0.0,0.0,107.2,,2025
190.0,Luke Musgrave,25.0,GNB,TE,13.0,8.0,22.0,17.0,162.0,7.0,120.0,7.1,42.0,2.5,8.5,0.0,,0.0,0.0,0.0,97.2,,2025
191.0,Calvin Ridley,31.0,TEN,WR,7.0,6.0,36.0,17.0,303.0,13.0,219.0,12.9,84.0,4.9,12.8,0.0,,4.0,11.1,1.0,64.9,,2025
192.0,Tyquan Thornton,25.0,KAN,WR,13.0,3.0,34.0,17.0,391.0,14.0,337.0,19.8,54.0,3.2,26.8,0.0,,3.0,8.8,0.0,121.1,,2025
193.0,Jordan Whittington,25.0,LAR,WR,13.0,6.0,23.0,17.0,152.0,6.0,72.0,4.2,80.0,4.7,6.8,1.0,17.0,2.0,8.7,0.0,91.2,,2025
194.0,Jack Bech,23.0,LVR,WR,13.0,3.0,21.0,16.0,164.0,10.0,115.0,7.2,49.0,3.1,7.6,1.0,16.0,1.0,4.8,1.0,78.3,,2025
195.0,Chris Godwin,29.0,TAM,WR,5.0,3.0,31.0,16.0,194.0,10.0,91.0,5.7,103.0,6.4,8.4,1.0,16.0,1.0,3.2,1.0,57.7,,2025
196.0,Austin Hooper,31.0,NWE,TE,12.0,6.0,19.0,16.0,213.0,11.0,134.0,8.4,79.0,4.9,8.9,0.0,,0.0,0.0,0.0,130.9,,2025
197.0,Ty Johnson,28.0,BUF,RB,13.0,0.0,24.0,16.0,195.0,8.0,-20.0,-1.3,215.0,13.4,-0.7,3.0,5.3,2.0,8.3,0.0,105.4,,2025
198.0,Jaylin Lane,23.0,WAS,WR,13.0,3.0,31.0,16.0,225.0,10.0,186.0,11.6,39.0,2.4,13.1,0.0,,1.0,3.2,2.0,48.5,,2025
199.0,Devin Neal,22.0,NOR,RB,9.0,2.0,18.0,16.0,100.0,4.0,-37.0,-2.3,137.0,8.6,-2.3,2.0,8.0,1.0,5.6,0.0,89.8,,2025
200.0,Adam Trautman,28.0,DEN,TE,13.0,10.0,18.0,16.0,157.0,9.0,61.0,3.8,96.0,6.0,3.3,3.0,5.3,1.0,5.6,0.0,121.5,,2025
201.0,Elijah Arroyo,22.0,SEA,TE,13.0,4.0,26.0,15.0,179.0,7.0,101.0,6.7,78.0,5.2,8.5,0.0,,1.0,3.8,3.0,52.1,,2025
202.0,Tyler Badie,25.0,DEN,RB,12.0,0.0,25.0,15.0,110.0,7.0,-46.0,-3.1,156.0,10.4,-0.4,0.0,,4.0,16.0,0.0,70.4,,2025
203.0,Isaiah Davis,23.0,NYJ,RB,13.0,0.0,22.0,15.0,118.0,6.0,7.0,0.5,111.0,7.4,1.9,1.0,15.0,1.0,4.5,0.0,81.2,,2025
204.0,Derrick Henry,31.0,BAL,RB,13.0,13.0,20.0,15.0,150.0,4.0,15.0,1.0,135.0,9.0,1.0,1.0,15.0,1.0,5.0,1.0,75.0,,2025
205.0,Kalif Raymond,31.0,DET,WR,11.0,3.0,19.0,15.0,150.0,7.0,81.0,5.4,69.0,4.6,6.3,1.0,15.0,0.0,0.0,0.0,99.6,,2025
206.0,Hunter Renfrow,30.0,CAR,WR,6.0,2.0,26.0,15.0,89.0,8.0,65.0,4.3,24.0,1.6,7.5,0.0,,0.0,0.0,0.0,90.1,,2025
207.0,Isaiah Bond,21.0,CLE,WR,12.0,2.0,37.0,14.0,199.0,7.0,154.0,11.0,45.0,3.2,15.4,1.0,14.0,3.0,8.1,1.0,44.8,,2025
208.0,Mike Evans,32.0,TAM,WR,4.0,4.0,32.0,14.0,140.0,10.0,122.0,8.7,18.0,1.3,13.4,0.0,,2.0,6.3,0.0,67.2,,2025
209.0,Mitchell Evans,22.0,CAR,TE,13.0,6.0,18.0,14.0,138.0,8.0,55.0,3.9,83.0,5.9,4.1,0.0,,0.0,0.0,1.0,112.5,,2025
210.0,Kareem Hunt,30.0,KAN,RB,13.0,4.0,19.0,14.0,114.0,7.0,-5.0,-0.4,119.0,8.5,-0.2,2.0,7.0,1.0,5.3,0.0,106.0,,2025
211.0,Jalen Tolbert,26.0,DAL,WR,11.0,7.0,25.0,14.0,172.0,9.0,137.0,9.8,35.0,2.5,12.3,1.0,14.0,1.0,4.0,1.0,74.1,,2025
212.0,Kimani Vidal,24.0,LAC,RB,10.0,8.0,20.0,14.0,123.0,5.0,-27.0,-1.9,150.0,10.7,-0.4,3.0,4.7,2.0,10.0,0.0,102.7,,2025
213.0,Brock Wright,27.0,DET,TE,11.0,8.0,22.0,14.0,108.0,7.0,22.0,1.6,86.0,6.1,1.0,0.0,,0.0,0.0,1.0,86.9,,2025
214.0,Trey Benson,23.0,ARI,RB,4.0,1.0,16.0,13.0,64.0,2.0,-9.0,-0.7,73.0,5.6,-1.4,1.0,13.0,0.0,0.0,1.0,57.3,,2025
215.0,Greg Dulcich,25.0,MIA,TE,6.0,1.0,18.0,13.0,154.0,7.0,61.0,4.7,93.0,7.2,4.2,0.0,,0.0,0.0,0.0,97.9,,2025
216.0,Tory Horton,23.0,SEA,WR,8.0,3.0,22.0,13.0,161.0,7.0,128.0,9.8,33.0,2.5,15.3,1.0,13.0,0.0,0.0,0.0,121.4,,2025
217.0,Tanner Hudson,31.0,CIN,TE,11.0,1.0,16.0,13.0,117.0,5.0,67.0,5.2,50.0,3.8,5.6,1.0,13.0,0.0,0.0,0.0,136.7,,2025
218.0,Jordan Mason,26.0,MIN,RB,13.0,4.0,15.0,13.0,45.0,1.0,-47.0,-3.6,92.0,7.1,-3.2,1.0,13.0,0.0,0.0,0.0,79.2,,2025
219.0,Isiah Pacheco,26.0,KAN,RB,10.0,9.0,19.0,13.0,60.0,3.0,-23.0,-1.8,83.0,6.4,-1.5,1.0,13.0,3.0,15.8,0.0,89.8,,2025
220.0,Tim Patrick,32.0,JAX,WR,12.0,2.0,21.0,13.0,172.0,9.0,127.0,9.8,45.0,3.5,11.4,1.0,13.0,2.0,9.5,1.0,107.5,,2025
221.0,Demarcus Robinson,31.0,SFO,WR,10.0,1.0,25.0,13.0,163.0,9.0,140.0,10.8,23.0,1.8,14.2,1.0,13.0,1.0,4.0,0.0,72.6,,2025
222.0,Ian Thomas,29.0,LVR,TE,13.0,8.0,13.0,13.0,114.0,5.0,42.0,3.2,72.0,5.5,3.2,0.0,,0.0,0.0,0.0,103.2,,2025
223.0,Darren Waller,33.0,MIA,TE,6.0,2.0,18.0,13.0,177.0,11.0,128.0,9.8,49.0,3.8,11.7,0.0,,0.0,0.0,0.0,142.8,,2025
224.0,Emanuel Wilson,26.0,GNB,RB,13.0,1.0,15.0,13.0,87.0,4.0,-31.0,-2.4,118.0,9.1,-1.9,2.0,6.5,1.0,6.7,0.0,90.8,,2025
225.0,Tyler Allgeier,25.0,ATL,RB,13.0,1.0,13.0,12.0,99.0,3.0,-14.0,-1.2,113.0,9.4,-1.5,1.0,12.0,1.0,7.7,0.0,98.4,,2025
226.0,Daniel Bellinger,25.0,NYG,TE,12.0,7.0,17.0,12.0,202.0,9.0,142.0,11.8,60.0,5.0,11.9,0.0,,1.0,5.9,0.0,130.0,,2025
227.0,Nick Chubb,30.0,HOU,RB,13.0,8.0,19.0,12.0,58.0,1.0,0.0,0.0,58.0,4.8,0.5,1.0,12.0,2.0,10.5,0.0,67.4,,2025
228.0,Jahan Dotson,25.0,PHI,WR,13.0,7.0,24.0,12.0,209.0,7.0,162.0,13.5,47.0,3.9,15.5,1.0,12.0,0.0,0.0,2.0,59.2,,2025
229.0,Jackson Hawes,25.0,BUF,TE,13.0,6.0,15.0,12.0,152.0,11.0,85.0,7.1,67.0,5.6,8.5,1.0,12.0,2.0,13.3,0.0,148.5,,2025
230.0,Zay Jones,30.0,ARI,WR,8.0,0.0,18.0,12.0,183.0,7.0,147.0,12.3,36.0,3.0,13.4,0.0,,0.0,0.0,1.0,76.9,,2025
231.0,Hunter Long,27.0,JAX,TE,9.0,3.0,17.0,12.0,85.0,5.0,54.0,4.5,31.0,2.6,4.1,0.0,,4.0,23.5,0.0,121.0,,2025
232.0,Zavier Scott,26.0,MIN,RB,12.0,0.0,14.0,12.0,82.0,5.0,-2.0,-0.2,84.0,7.0,1.6,1.0,12.0,0.0,0.0,1.0,85.1,,2025
233.0,Tyrell Shavers,26.0,BUF,WR,13.0,6.0,18.0,12.0,188.0,8.0,133.0,11.1,55.0,4.6,12.9,0.0,,0.0,0.0,0.0,119.7,,2025
234.0,Devin Singletary,28.0,NYG,RB,13.0,1.0,13.0,12.0,126.0,3.0,8.0,0.7,118.0,9.8,0.5,4.0,3.0,1.0,7.7,0.0,107.1,,2025
235.0,Brycen Tremayne,26.0,CAR,WR,12.0,1.0,15.0,12.0,133.0,6.0,87.0,7.3,46.0,3.8,8.5,1.0,12.0,0.0,0.0,0.0,103.6,,2025
236.0,Roman Wilson,24.0,PIT,WR,12.0,4.0,21.0,12.0,166.0,7.0,100.0,8.3,66.0,5.5,13.2,0.0,,0.0,0.0,0.0,114.4,,2025
237.0,Chris Brooks,25.0,GNB,RB,13.0,0.0,13.0,11.0,74.0,2.0,-9.0,-0.8,83.0,7.5,-0.3,1.0,11.0,1.0,7.7,0.0,90.4,,2025
238.0,Zach Charbonnet,24.0,SEA,RB,12.0,0.0,13.0,11.0,87.0,4.0,17.0,1.5,70.0,6.4,1.8,0.0,,1.0,7.7,0.0,94.6,,2025
239.0,J.K. Dobbins,27.0,DEN,RB,10.0,9.0,14.0,11.0,37.0,0.0,-19.0,-1.7,56.0,5.1,-2.1,0.0,,1.0,7.1,0.0,79.2,,2025
240.0,Luke Farrell,28.0,SFO,TE,13.0,4.0,14.0,11.0,85.0,6.0,33.0,3.0,52.0,4.7,2.9,1.0,11.0,0.0,0.0,0.0,131.5,,2025
241.0,Julian Hill,25.0,MIA,TE,10.0,9.0,15.0,11.0,91.0,3.0,17.0,1.5,74.0,6.7,3.5,0.0,,1.0,6.7,1.0,60.7,,2025
242.0,Luke McCaffrey,24.0,WAS,WR,9.0,0.0,15.0,11.0,203.0,6.0,134.0,12.2,69.0,6.3,14.5,0.0,,0.0,0.0,0.0,154.9,,2025
243.0,Kyle Monangai,23.0,CHI,RB,13.0,1.0,19.0,11.0,97.0,5.0,-6.0,-0.5,103.0,9.4,-0.6,3.0,3.7,3.0,15.8,1.0,49.7,,2025
244.0,Josh Reynolds,30.0,NYJ,WR,5.0,3.0,21.0,11.0,101.0,4.0,87.0,7.9,14.0,1.3,13.1,2.0,5.5,0.0,0.0,2.0,26.2,,2025
245.0,Xavier Smith,28.0,LAR,WR,12.0,3.0,14.0,11.0,173.0,5.0,113.0,10.3,60.0,5.5,14.9,0.0,,0.0,0.0,0.0,118.2,,2025
246.0,Nick Westbrook-Ikhine,28.0,MIA,WR,13.0,3.0,19.0,11.0,89.0,8.0,61.0,5.5,28.0,2.5,5.5,1.0,11.0,2.0,10.5,1.0,47.9,,2025
247.0,Tyler Johnson,27.0,NYJ,WR,10.0,5.0,16.0,10.0,187.0,8.0,127.0,12.7,60.0,6.0,12.8,3.0,3.3,2.0,12.5,0.0,123.7,,2025
248.0,Chris Moore,32.0,WAS,WR,11.0,5.0,22.0,10.0,192.0,9.0,146.0,14.6,46.0,4.6,14.7,0.0,,3.0,13.6,0.0,91.5,,2025
249.0,Raheem Mostert,33.0,LVR,RB,10.0,0.0,10.0,10.0,65.0,6.0,-16.0,-1.6,81.0,8.1,-1.6,0.0,,0.0,0.0,0.0,93.7,,2025
250.0,Samaje Perine,30.0,CIN,RB,11.0,0.0,12.0,10.0,52.0,3.0,-5.0,-0.5,57.0,5.7,-0.7,2.0,5.0,0.0,0.0,0.0,84.7,,2025
251.0,Luke Schoonmaker,27.0,DAL,TE,13.0,6.0,19.0,10.0,76.0,4.0,38.0,3.8,38.0,3.8,7.9,1.0,10.0,1.0,5.3,0.0,62.6,,2025
252.0,Jamari Thrash,25.0,CLE,WR,9.0,1.0,15.0,10.0,107.0,5.0,68.0,6.8,39.0,3.9,6.8,0.0,,0.0,0.0,0.0,87.4,,2025
253.0,Savion Williams,24.0,GNB,WR,11.0,0.0,10.0,10.0,78.0,3.0,17.0,1.7,61.0,6.1,1.7,1.0,10.0,0.0,0.0,0.0,132.5,,2025
254.0,LeQuint Allen,21.0,JAX,RB,13.0,0.0,10.0,9.0,49.0,0.0,-5.0,-0.6,54.0,6.0,-1.3,0.0,,0.0,0.0,0.0,87.1,,2025
255.0,Tanner Conner,27.0,MIA,TE,9.0,0.0,15.0,9.0,91.0,3.0,52.0,5.8,39.0,4.3,6.5,0.0,,1.0,6.7,1.0,49.6,,2025
256.0,Jacory Croskey-Merritt,24.0,WAS,RB,13.0,5.0,13.0,9.0,68.0,3.0,-9.0,-1.0,77.0,8.6,-1.5,0.0,,0.0,0.0,0.0,81.6,,2025
257.0,John FitzPatrick,25.0,GNB,TE,13.0,3.0,10.0,9.0,54.0,3.0,13.0,1.4,41.0,4.6,1.9,0.0,,0.0,0.0,0.0,122.5,,2025
258.0,Charlie Kolar,26.0,BAL,TE,13.0,5.0,13.0,9.0,124.0,8.0,82.0,9.1,42.0,4.7,7.2,1.0,9.0,0.0,0.0,1.0,107.1,,2025
259.0,Allen Lazard,30.0,NYJ,WR,9.0,2.0,16.0,9.0,64.0,4.0,31.0,3.4,33.0,3.7,8.3,0.0,,1.0,6.3,0.0,86.5,,2025
260.0,Elijah Moore,25.0,BUF,WR,9.0,2.0,17.0,9.0,112.0,4.0,54.0,6.0,58.0,6.4,8.4,1.0,9.0,1.0,5.9,1.0,49.1,,2025
261.0,Josh Oliver,28.0,MIN,TE,11.0,4.0,11.0,9.0,86.0,4.0,37.0,4.1,49.0,5.4,3.1,0.0,,0.0,0.0,0.0,138.8,,2025
262.0,Bhayshul Tuten,22.0,JAX,RB,13.0,0.0,13.0,9.0,63.0,2.0,-14.0,-1.6,77.0,8.6,-0.4,1.0,9.0,0.0,0.0,0.0,105.6,,2025
263.0,Adam Thielen,35.0,2TM,WR,12.0,5.0,19.0,9.0,73.0,6.0,62.0,6.9,11.0,1.2,7.7,0.0,,3.0,15.8,0.0,57.6,,2025
263.0,Adam Thielen,35.0,MIN,WR,11.0,4.0,18.0,8.0,69.0,6.0,59.0,7.4,10.0,1.3,7.9,0.0,,3.0,16.7,0.0,55.1,,2025
263.0,Adam Thielen,35.0,PIT,WR,1.0,1.0,1.0,1.0,4.0,0.0,3.0,3.0,1.0,1.0,3.0,0.0,,0.0,0.0,0.0,83.3,,2025
264.0,John Bates,28.0,WAS,TE,11.0,8.0,12.0,8.0,71.0,3.0,24.0,3.0,47.0,5.9,2.3,0.0,,1.0,8.3,0.0,82.3,,2025
265.0,James Conner,30.0,ARI,RB,3.0,3.0,9.0,8.0,38.0,4.0,-30.0,-3.8,68.0,8.5,-1.0,3.0,2.7,0.0,0.0,0.0,121.3,,2025
266.0,Emari Demercado,26.0,ARI,RB,9.0,0.0,12.0,8.0,64.0,2.0,-6.0,-0.8,70.0,8.8,-1.3,2.0,4.0,1.0,8.3,0.0,107.6,,2025
267.0,Isaiah Hodgins,27.0,NYG,WR,3.0,2.0,13.0,8.0,103.0,6.0,94.0,11.8,9.0,1.1,10.6,0.0,,0.0,0.0,0.0,112.0,,2025
268.0,Hunter Luepke,25.0,DAL,RB,13.0,4.0,9.0,8.0,63.0,4.0,-11.0,-1.4,74.0,9.3,-0.7,0.0,,0.0,0.0,0.0,132.9,,2025
269.0,Johnny Mundt,31.0,JAX,TE,12.0,6.0,17.0,8.0,95.0,5.0,29.0,3.6,66.0,8.3,4.1,1.0,8.0,3.0,17.6,0.0,64.6,,2025
270.0,Miles Sanders,28.0,DAL,RB,4.0,0.0,8.0,8.0,30.0,0.0,-14.0,-1.8,44.0,5.5,-1.8,0.0,,0.0,0.0,0.0,82.3,,2025
271.0,David Sills V,29.0,ATL,WR,13.0,3.0,20.0,8.0,65.0,3.0,39.0,4.9,26.0,3.3,11.3,1.0,8.0,2.0,10.0,1.0,61.5,,2025
272.0,Isaac TeSlaa,23.0,DET,WR,13.0,2.0,14.0,8.0,120.0,7.0,115.0,14.4,5.0,0.6,15.8,0.0,,0.0,0.0,0.0,125.0,,2025
273.0,Dont'e Thornton,23.0,LVR,WR,11.0,7.0,25.0,8.0,123.0,6.0,88.0,11.0,35.0,4.4,15.9,0.0,,3.0,12.0,3.0,9.7,,2025
274.0,Sean Tucker,24.0,TAM,RB,13.0,0.0,10.0,8.0,34.0,1.0,-15.0,-1.9,49.0,6.1,-1.4,1.0,8.0,1.0,10.0,0.0,114.2,,2025
275.0,Ameer Abdullah,32.0,IND,RB,9.0,0.0,8.0,7.0,35.0,0.0,0.0,0.0,35.0,5.0,0.4,2.0,3.5,0.0,0.0,0.0,84.9,,2025
276.0,Gabriel Davis,26.0,BUF,WR,4.0,3.0,10.0,7.0,88.0,5.0,69.0,9.9,19.0,2.7,10.1,0.0,,0.0,0.0,1.0,57.5,,2025
277.0,Dylan Drummond,25.0,ATL,WR,5.0,0.0,11.0,7.0,42.0,2.0,28.0,4.0,14.0,2.0,7.7,0.0,,0.0,0.0,0.0,71.0,,2025
278.0,Jimmy Horn,23.0,CAR,WR,9.0,0.0,11.0,7.0,77.0,3.0,30.0,4.3,47.0,6.7,7.5,1.0,7.0,1.0,9.1,0.0,84.3,,2025
279.0,Keaton Mitchell,23.0,BAL,RB,9.0,0.0,9.0,7.0,56.0,2.0,-15.0,-2.1,71.0,10.1,-1.9,0.0,,1.0,11.1,1.0,53.0,,2025
280.0,Jayden Reed,25.0,GNB,WR,3.0,2.0,9.0,7.0,76.0,4.0,58.0,8.3,18.0,2.6,10.8,0.0,,0.0,0.0,0.0,138.9,,2025
281.0,Brian Robinson Jr.,26.0,SFO,RB,13.0,0.0,10.0,7.0,19.0,0.0,-4.0,-0.6,23.0,3.3,0.4,0.0,,0.0,0.0,0.0,72.9,,2025
282.0,Drew Sample,29.0,CIN,TE,13.0,10.0,12.0,7.0,38.0,3.0,2.0,0.3,36.0,5.1,0.7,0.0,,0.0,0.0,0.0,91.7,,2025
283.0,Curtis Samuel,29.0,BUF,WR,6.0,0.0,9.0,7.0,81.0,5.0,54.0,7.7,27.0,3.9,16.1,0.0,,0.0,0.0,0.0,141.2,,2025
284.0,Mitchell Tinsley,26.0,CIN,WR,13.0,2.0,21.0,7.0,100.0,5.0,84.0,12.0,16.0,2.3,14.6,0.0,,1.0,4.8,0.0,81.4,,2025
285.0,Isaiah Williams,24.0,NYJ,WR,11.0,0.0,13.0,7.0,61.0,3.0,16.0,2.3,45.0,6.4,3.5,0.0,,2.0,15.4,0.0,66.5,,2025
286.0,Ray-Ray McCloud,29.0,2TM,WR,6.0,2.0,15.0,7.0,69.0,4.0,23.0,3.3,46.0,6.6,5.6,0.0,,1.0,6.7,1.0,32.4,,2025
286.0,Ray-Ray McCloud,29.0,ATL,WR,4.0,1.0,14.0,6.0,64.0,4.0,18.0,3.0,46.0,7.7,5.6,0.0,,1.0,7.1,1.0,27.1,,2025
286.0,Ray-Ray McCloud,29.0,NYG,WR,2.0,1.0,1.0,1.0,5.0,0.0,5.0,5.0,0.0,0.0,5.0,0.0,,0.0,0.0,0.0,87.5,,2025
287.0,Lil'Jordan Humphrey,27.0,2TM,WR,6.0,2.0,14.0,7.0,82.0,4.0,69.0,9.9,13.0,1.9,11.6,0.0,,0.0,0.0,0.0,68.2,,2025
287.0,Lil'Jordan Humphrey,27.0,NYG,WR,3.0,2.0,10.0,4.0,55.0,2.0,53.0,13.3,2.0,0.5,14.6,0.0,,0.0,0.0,0.0,58.3,,2025
287.0,Lil'Jordan Humphrey,27.0,DEN,WR,3.0,0.0,4.0,3.0,27.0,2.0,16.0,5.3,11.0,3.7,4.3,0.0,,0.0,0.0,0.0,92.7,,2025
288.0,Nate Adkins,26.0,DEN,TE,6.0,3.0,10.0,6.0,48.0,3.0,22.0,3.7,26.0,4.3,2.9,0.0,,3.0,30.0,0.0,105.4,,2025
289.0,Braxton Berrios,30.0,HOU,WR,4.0,0.0,8.0,6.0,37.0,3.0,19.0,3.2,18.0,3.0,3.0,0.0,,0.0,0.0,0.0,83.9,,2025
290.0,Tyler Conklin,30.0,LAC,TE,12.0,5.0,9.0,6.0,95.0,3.0,40.0,6.7,55.0,9.2,4.6,1.0,6.0,2.0,22.2,0.0,101.6,,2025
291.0,Blake Corum,25.0,LAR,RB,13.0,0.0,11.0,6.0,13.0,0.0,-10.0,-1.7,23.0,3.8,1.4,0.0,,2.0,18.2,0.0,60.0,,2025
292.0,Ollie Gordon,21.0,MIA,RB,13.0,1.0,8.0,6.0,30.0,1.0,-16.0,-2.7,46.0,7.7,-2.0,0.0,,1.0,12.5,0.0,119.8,,2025
293.0,Malik Heath,25.0,GNB,WR,11.0,0.0,7.0,6.0,86.0,4.0,57.0,9.5,29.0,4.8,9.3,1.0,6.0,1.0,14.3,0.0,117.9,,2025
294.0,Gage Larvadain,23.0,CLE,WR,9.0,0.0,12.0,6.0,63.0,3.0,40.0,6.7,23.0,3.8,8.8,0.0,,2.0,16.7,1.0,30.9,,2025
295.0,Foster Moreau,28.0,NOR,TE,9.0,7.0,9.0,6.0,54.0,2.0,19.0,3.2,35.0,5.8,1.6,1.0,6.0,2.0,22.2,1.0,43.1,,2025
296.0,Adam Prentice,28.0,DEN,FB,13.0,2.0,8.0,6.0,53.0,3.0,10.0,1.7,43.0,7.2,1.1,0.0,,1.0,12.5,0.0,92.2,,2025
297.0,Will Shipley,23.0,PHI,RB,11.0,0.0,8.0,6.0,42.0,1.0,8.0,1.3,34.0,5.7,0.1,0.0,,0.0,0.0,0.0,86.5,,2025
298.0,Arian Smith,24.0,NYJ,WR,12.0,5.0,10.0,6.0,47.0,4.0,27.0,4.5,20.0,3.3,14.8,1.0,6.0,1.0,10.0,0.0,71.7,,2025
299.0,Brevyn Spann-Ford,26.0,DAL,TE,13.0,4.0,7.0,6.0,29.0,1.0,15.0,2.5,14.0,2.3,5.9,0.0,,0.0,0.0,0.0,123.5,,2025
300.0,Cade Stover,25.0,HOU,TE,5.0,4.0,8.0,6.0,38.0,2.0,18.0,3.0,20.0,3.3,2.9,1.0,6.0,1.0,12.5,0.0,84.4,,2025
301.0,Mason Tipton,25.0,NOR,WR,12.0,2.0,10.0,6.0,42.0,2.0,25.0,4.2,17.0,2.8,10.1,1.0,6.0,0.0,0.0,1.0,30.0,,2025
302.0,Casey Washington,24.0,ATL,WR,7.0,2.0,14.0,6.0,94.0,6.0,82.0,13.7,12.0,2.0,18.7,0.0,,1.0,7.1,0.0,65.8,,2025
303.0,Mo Alie-Cox,32.0,IND,TE,13.0,6.0,11.0,5.0,59.0,2.0,13.0,2.6,46.0,9.2,5.8,1.0,5.0,1.0,9.1,1.0,24.4,,2025
304.0,Andrew Beck,29.0,NYJ,FB,13.0,1.0,6.0,5.0,43.0,3.0,23.0,4.6,20.0,4.0,4.0,0.0,,0.0,0.0,0.0,136.1,,2025
305.0,Treylon Burks,25.0,WAS,WR,4.0,0.0,9.0,5.0,77.0,4.0,64.0,12.8,13.0,2.6,15.6,0.0,,0.0,0.0,1.0,81.5,,2025
306.0,Grant Calcaterra,27.0,PHI,TE,11.0,4.0,8.0,5.0,48.0,2.0,20.0,4.0,28.0,5.6,6.6,0.0,,0.0,0.0,0.0,79.2,,2025
307.0,Robbie Chosen,32.0,WAS,WR,3.0,0.0,9.0,5.0,53.0,2.0,48.0,9.6,5.0,1.0,14.6,0.0,,0.0,0.0,0.0,72.9,,2025
308.0,Malachi Corley,23.0,CLE,WR,9.0,4.0,6.0,5.0,34.0,1.0,-5.0,-1.0,39.0,7.8,-1.8,0.0,,0.0,0.0,0.0,90.3,,2025
309.0,Will Dissly,29.0,LAC,TE,5.0,1.0,6.0,5.0,44.0,2.0,10.0,2.0,34.0,6.8,3.2,0.0,,1.0,16.7,0.0,97.2,,2025
310.0,Ashton Dulin,28.0,IND,WR,10.0,2.0,8.0,5.0,106.0,4.0,53.0,10.6,53.0,10.6,13.1,0.0,,0.0,0.0,0.0,106.2,,2025
311.0,Austin Ekeler,30.0,WAS,RB,2.0,2.0,7.0,5.0,38.0,2.0,-11.0,-2.2,49.0,9.8,1.7,1.0,5.0,0.0,0.0,0.0,84.2,,2025
312.0,Terrance Ferguson,22.0,LAR,TE,11.0,1.0,15.0,5.0,138.0,5.0,105.0,21.0,33.0,6.6,20.2,0.0,,0.0,0.0,0.0,90.4,,2025
313.0,Jalin Hyatt,24.0,NYG,WR,7.0,0.0,13.0,5.0,35.0,2.0,33.0,6.6,2.0,0.4,20.5,0.0,,0.0,0.0,2.0,7.1,,2025
314.0,Alec Ingold,29.0,MIA,FB,13.0,9.0,7.0,5.0,36.0,3.0,7.0,1.4,29.0,5.8,3.6,0.0,,1.0,14.3,0.0,83.0,,2025
315.0,Kendre Miller,23.0,NOR,RB,7.0,0.0,5.0,5.0,30.0,1.0,-5.0,-1.0,35.0,7.0,-1.0,1.0,5.0,0.0,0.0,0.0,91.7,,2025
316.0,Konata Mumpfield,23.0,LAR,WR,13.0,0.0,8.0,5.0,42.0,4.0,30.0,6.0,12.0,2.4,8.4,0.0,,0.0,0.0,0.0,115.6,,2025
317.0,Dare Ogunbowale,31.0,HOU,RB,13.0,0.0,6.0,5.0,36.0,1.0,3.0,0.6,33.0,6.6,1.2,0.0,,0.0,0.0,0.0,91.7,,2025
318.0,Albert Okwuegbunam,27.0,LVR,TE,1.0,0.0,6.0,5.0,36.0,2.0,2.0,0.4,34.0,6.8,3.0,0.0,,0.0,0.0,0.0,91.7,,2025
319.0,Kyle Williams,23.0,NWE,WR,13.0,0.0,13.0,5.0,143.0,4.0,70.0,14.0,73.0,14.6,21.9,0.0,,0.0,0.0,0.0,119.6,,2025
320.0,Charlie Woerner,28.0,ATL,TE,13.0,10.0,6.0,5.0,33.0,2.0,3.0,0.6,30.0,6.0,0.3,2.0,2.5,0.0,0.0,0.0,89.6,,2025
321.0,Tutu Atwell,26.0,LAR,WR,6.0,4.0,9.0,4.0,164.0,3.0,103.0,25.8,61.0,15.3,19.7,0.0,,0.0,0.0,1.0,88.7,,2025
322.0,Noah Brown,29.0,WAS,WR,3.0,3.0,9.0,4.0,55.0,2.0,46.0,11.5,9.0,2.3,9.7,0.0,,0.0,0.0,0.0,64.6,,2025
323.0,Ray Davis,26.0,BUF,RB,13.0,0.0,7.0,4.0,18.0,2.0,-10.0,-2.5,28.0,7.0,0.4,0.0,,2.0,28.6,0.0,101.8,,2025
324.0,D'Wayne Eskridge,28.0,MIA,WR,11.0,0.0,7.0,4.0,62.0,3.0,53.0,13.3,9.0,2.3,13.4,0.0,,0.0,0.0,0.0,86.6,,2025
325.0,Hassan Haskins,26.0,LAC,RB,8.0,0.0,4.0,4.0,13.0,0.0,-3.0,-0.8,16.0,4.0,-0.8,0.0,,0.0,0.0,0.0,80.2,,2025
326.0,Taysom Hill,35.0,NOR,TE,9.0,2.0,7.0,4.0,23.0,0.0,16.0,4.0,7.0,1.8,3.0,0.0,,3.0,42.9,0.0,63.4,,2025
327.0,Kameron Johnson,23.0,TAM,WR,13.0,0.0,7.0,4.0,64.0,3.0,44.0,11.0,20.0,5.0,12.6,0.0,,1.0,14.3,1.0,87.8,,2025
328.0,Tom Kennedy,29.0,DET,WR,2.0,0.0,4.0,4.0,36.0,2.0,32.0,8.0,4.0,1.0,8.0,0.0,,0.0,0.0,0.0,104.2,,2025
329.0,Skyy Moore,25.0,SFO,WR,13.0,0.0,6.0,4.0,64.0,4.0,37.0,9.3,27.0,6.8,14.8,2.0,2.0,0.0,0.0,0.0,102.1,,2025
330.0,James Proche,29.0,TEN,WR,5.0,0.0,5.0,4.0,55.0,2.0,53.0,13.3,2.0,0.5,13.0,0.0,,0.0,0.0,0.0,112.5,,2025
331.0,Ben Sinnott,23.0,WAS,TE,12.0,3.0,4.0,4.0,41.0,2.0,11.0,2.8,30.0,7.5,2.8,0.0,,0.0,0.0,0.0,149.0,,2025
332.0,Ben Skowronek,28.0,PIT,WR,13.0,3.0,6.0,4.0,69.0,4.0,46.0,11.5,23.0,5.8,10.0,0.0,,0.0,0.0,0.0,145.1,,2025
333.0,Jack Stoll,27.0,NOR,TE,12.0,3.0,8.0,4.0,35.0,1.0,25.0,6.3,10.0,2.5,3.6,0.0,,0.0,0.0,1.0,62.0,,2025
334.0,Marquez Valdes-Scantling,31.0,2TM,WR,6.0,0.0,9.0,4.0,40.0,1.0,36.0,9.0,4.0,1.0,10.2,0.0,,0.0,0.0,0.0,57.6,,2025
334.0,Marquez Valdes-Scantling,31.0,SFO,WR,5.0,0.0,8.0,4.0,40.0,1.0,36.0,9.0,4.0,1.0,11.0,0.0,,0.0,0.0,0.0,64.6,,2025
334.0,Marquez Valdes-Scantling,31.0,PIT,WR,1.0,0.0,1.0,0.0,0.0,0.0,0.0,,0.0,,4.0,0.0,,0.0,0.0,0.0,39.6,,2025
335.0,Devontez Walker,24.0,BAL,WR,8.0,1.0,6.0,4.0,90.0,4.0,88.0,22.0,2.0,0.5,28.5,0.0,,1.0,16.7,0.0,149.3,,2025
336.0,Tylan Wallace,26.0,BAL,WR,12.0,2.0,8.0,4.0,45.0,3.0,28.0,7.0,17.0,4.3,13.4,0.0,,0.0,0.0,0.0,106.8,,2025
337.0,Rasheen Ali,24.0,BAL,RB,11.0,0.0,4.0,3.0,26.0,1.0,-1.0,-0.3,27.0,9.0,3.0,1.0,3.0,0.0,0.0,1.0,52.1,,2025
338.0,Darius Cooper,24.0,PHI,WR,9.0,0.0,3.0,3.0,26.0,1.0,14.0,4.7,12.0,4.0,4.7,0.0,,0.0,0.0,0.0,102.8,,2025
339.0,Trevor Etienne,21.0,CAR,RB,13.0,0.0,3.0,3.0,13.0,1.0,2.0,0.7,11.0,3.7,0.7,1.0,3.0,0.0,0.0,0.0,84.7,,2025
340.0,Kylen Granson,27.0,PHI,TE,13.0,2.0,4.0,3.0,10.0,2.0,6.0,2.0,4.0,1.3,9.3,0.0,,1.0,25.0,0.0,77.1,,2025
341.0,Najee Harris,27.0,LAC,RB,3.0,0.0,3.0,3.0,25.0,1.0,10.0,3.3,15.0,5.0,3.3,1.0,3.0,0.0,0.0,0.0,101.4,,2025
342.0,KhaDarel Hodge,30.0,ATL,WR,11.0,1.0,10.0,3.0,31.0,2.0,22.0,7.3,9.0,3.0,15.0,1.0,3.0,1.0,10.0,0.0,40.0,,2025
343.0,Dylan Laube,26.0,LVR,RB,13.0,0.0,4.0,3.0,18.0,1.0,-6.0,-2.0,24.0,8.0,-1.5,1.0,3.0,0.0,0.0,0.0,83.3,,2025
344.0,Jaleel McLaughlin,25.0,DEN,RB,4.0,0.0,4.0,3.0,10.0,1.0,-7.0,-2.3,17.0,5.7,-3.0,0.0,,1.0,25.0,0.0,77.1,,2025
345.0,Bo Melton,26.0,GNB,CB,12.0,0.0,8.0,3.0,73.0,3.0,71.0,23.7,2.0,0.7,19.4,0.0,,1.0,12.5,0.0,110.9,,2025
346.0,James Mitchell,26.0,CAR,TE,4.0,0.0,3.0,3.0,28.0,2.0,7.0,2.3,21.0,7.0,2.3,0.0,,0.0,0.0,0.0,105.6,,2025
347.0,Andrew Ogletree,27.0,IND,TE,13.0,5.0,4.0,3.0,16.0,1.0,14.0,4.7,2.0,0.7,4.8,0.0,,0.0,0.0,0.0,120.8,,2025
348.0,Tip Reiman,24.0,ARI,TE,4.0,3.0,5.0,3.0,18.0,1.0,11.0,3.7,7.0,2.3,5.2,1.0,3.0,0.0,0.0,0.0,67.1,,2025
349.0,Xavier Restrepo,23.0,TEN,WR,2.0,0.0,7.0,3.0,41.0,3.0,32.0,10.7,9.0,3.0,11.0,0.0,,0.0,0.0,0.0,62.2,,2025
350.0,Trent Sherfield,29.0,2TM,WR,11.0,3.0,5.0,3.0,21.0,1.0,7.0,2.3,14.0,4.7,9.0,0.0,,0.0,0.0,0.0,69.6,,2025
350.0,Trent Sherfield,29.0,DEN,WR,10.0,3.0,4.0,3.0,21.0,1.0,7.0,2.3,14.0,4.7,9.8,0.0,,0.0,0.0,0.0,86.5,,2025
350.0,Trent Sherfield,29.0,ARI,WR,1.0,0.0,1.0,0.0,0.0,0.0,0.0,,0.0,,6.0,0.0,,0.0,0.0,0.0,39.6,,2025
351.0,Durham Smythe,30.0,CHI,TE,13.0,1.0,5.0,3.0,14.0,0.0,6.0,2.0,8.0,2.7,4.0,0.0,,1.0,20.0,0.0,64.6,,2025
352.0,Deven Thompkins,26.0,ATL,WR,3.0,0.0,3.0,3.0,27.0,1.0,7.0,2.3,20.0,6.7,2.3,0.0,,0.0,0.0,0.0,104.2,,2025
353.0,Austin Trammell,27.0,JAX,WR,6.0,0.0,10.0,3.0,46.0,2.0,44.0,14.7,2.0,0.7,13.0,0.0,,1.0,10.0,2.0,6.7,,2025
354.0,Justin Watson,29.0,HOU,WR,2.0,0.0,4.0,3.0,30.0,1.0,16.0,5.3,14.0,4.7,8.3,0.0,,0.0,0.0,0.0,95.8,,2025
355.0,Xavier Weaver,25.0,ARI,WR,7.0,1.0,8.0,3.0,24.0,0.0,19.0,6.3,5.0,1.7,16.4,0.0,,0.0,0.0,1.0,6.2,,2025
356.0,Cody White,27.0,SEA,WR,7.0,0.0,4.0,3.0,90.0,2.0,32.0,10.7,58.0,19.3,9.8,1.0,3.0,0.0,0.0,1.0,116.7,,2025
357.0,Zamir White,26.0,LVR,RB,4.0,0.0,5.0,3.0,19.0,0.0,3.0,1.0,16.0,5.3,0.0,0.0,,0.0,0.0,0.0,67.9,,2025
358.0,Josh Whyle,26.0,GNB,TE,5.0,1.0,4.0,3.0,24.0,2.0,11.0,3.7,13.0,4.3,4.8,0.0,,0.0,0.0,0.0,129.2,,2025
359.0,Cedrick Wilson Jr.,30.0,MIA,WR,6.0,2.0,4.0,3.0,25.0,2.0,7.0,2.3,18.0,6.0,9.8,1.0,3.0,0.0,0.0,0.0,90.6,,2025
360.0,Braelon Allen,21.0,NYJ,RB,4.0,0.0,3.0,2.0,17.0,1.0,8.0,4.0,9.0,4.5,2.7,1.0,2.0,1.0,33.3,0.0,81.2,,2025
361.0,Andre Baccellia,28.0,ARI,WR,4.0,1.0,4.0,2.0,8.0,0.0,1.0,0.5,7.0,3.5,1.8,0.0,,1.0,25.0,0.0,56.2,,2025
362.0,Brenden Bates,26.0,HOU,TE,3.0,0.0,2.0,2.0,23.0,2.0,23.0,11.5,0.0,0.0,11.5,0.0,,0.0,0.0,0.0,114.6,,2025
363.0,Jake Bobo,27.0,SEA,WR,8.0,0.0,2.0,2.0,20.0,1.0,14.0,7.0,6.0,3.0,7.0,0.0,,0.0,0.0,0.0,108.3,,2025
364.0,Jalen Brooks,25.0,ARI,WR,1.0,0.0,3.0,2.0,32.0,2.0,14.0,7.0,18.0,9.0,13.3,0.0,,0.0,0.0,0.0,102.1,,2025
365.0,Harrison Bryant,27.0,HOU,TE,8.0,3.0,6.0,2.0,7.0,1.0,7.0,3.5,0.0,0.0,9.7,0.0,,1.0,16.7,0.0,42.4,,2025
366.0,Beaux Collins,23.0,NYG,WR,9.0,0.0,6.0,2.0,25.0,1.0,19.0,9.5,6.0,3.0,12.2,0.0,,0.0,0.0,1.0,7.6,,2025
367.0,AJ Dillon,27.0,PHI,RB,6.0,0.0,2.0,2.0,18.0,0.0,9.0,4.5,9.0,4.5,4.5,0.0,,0.0,0.0,0.0,104.2,,2025
368.0,Devin Duvernay,28.0,CHI,WR,13.0,0.0,4.0,2.0,26.0,1.0,26.0,13.0,0.0,0.0,17.0,0.0,,0.0,0.0,0.0,70.8,,2025
369.0,Ross Dwelley,30.0,DET,TE,11.0,1.0,5.0,2.0,7.0,0.0,0.0,0.0,7.0,3.5,0.2,0.0,,0.0,0.0,0.0,47.9,,2025
370.0,Clyde Edwards-Helaire,26.0,KAN,RB,2.0,0.0,2.0,2.0,9.0,0.0,-4.0,-2.0,13.0,6.5,-2.0,0.0,,0.0,0.0,0.0,85.4,,2025
371.0,Tai Felton,22.0,MIN,WR,13.0,0.0,2.0,2.0,19.0,1.0,5.0,2.5,14.0,7.0,2.5,0.0,,0.0,0.0,0.0,106.2,,2025
372.0,Anthony Firkser,30.0,DET,TE,3.0,1.0,2.0,2.0,11.0,1.0,6.0,3.0,5.0,2.5,3.0,0.0,,0.0,0.0,0.0,89.6,,2025
373.0,Tucker Fisk,26.0,LAC,TE,10.0,7.0,4.0,2.0,19.0,1.0,-2.0,-1.0,21.0,10.5,5.5,0.0,,1.0,25.0,0.0,63.5,,2025
374.0,Antonio Gibson,27.0,NWE,RB,5.0,0.0,3.0,2.0,6.0,0.0,-10.0,-5.0,16.0,8.0,-2.0,0.0,,0.0,0.0,0.0,70.1,,2025
375.0,Xavier Gipson,24.0,PHI,WR,5.0,0.0,2.0,2.0,6.0,0.0,-9.0,-4.5,15.0,7.5,-4.5,0.0,,0.0,0.0,0.0,79.2,,2025
376.0,Tyler Goodson,25.0,IND,RB,8.0,0.0,3.0,2.0,8.0,0.0,-2.0,-1.0,10.0,5.0,-1.0,0.0,,0.0,0.0,0.0,70.1,,2025
377.0,Anthony Gould,24.0,IND,WR,11.0,1.0,2.0,2.0,6.0,0.0,-2.0,-1.0,8.0,4.0,-1.0,0.0,,0.0,0.0,0.0,79.2,,2025
378.0,Connor Heyward,26.0,PIT,TE,13.0,1.0,3.0,2.0,18.0,1.0,17.0,8.5,1.0,0.5,9.0,0.0,,0.0,0.0,0.0,122.2,,2025
379.0,George Holani,26.0,SEA,RB,11.0,0.0,2.0,2.0,15.0,1.0,-1.0,-0.5,16.0,8.0,-0.5,0.0,,0.0,0.0,0.0,97.9,,2025
380.0,Lucas Krull,27.0,DEN,TE,3.0,3.0,4.0,2.0,15.0,0.0,11.0,5.5,4.0,2.0,5.0,0.0,,0.0,0.0,0.0,59.4,,2025
381.0,Tay Martin,28.0,WAS,WR,3.0,0.0,2.0,2.0,23.0,1.0,18.0,9.0,5.0,2.5,9.0,0.0,,0.0,0.0,0.0,114.6,,2025
382.0,David Martin-Robinson,26.0,TEN,TE,13.0,4.0,2.0,2.0,7.0,2.0,1.0,0.5,6.0,3.0,0.5,0.0,,0.0,0.0,0.0,120.8,,2025
383.0,Scott Matlock,25.0,LAC,FB,12.0,4.0,2.0,2.0,3.0,1.0,0.0,0.0,3.0,1.5,0.0,0.0,,0.0,0.0,0.0,118.7,,2025
384.0,Ryan Miller,25.0,TAM,WR,13.0,3.0,4.0,2.0,34.0,1.0,34.0,17.0,0.0,0.0,17.5,0.0,,1.0,25.0,0.0,118.7,,2025
385.0,Quintin Morris,26.0,JAX,TE,10.0,3.0,5.0,2.0,25.0,2.0,21.0,10.5,4.0,2.0,6.4,0.0,,0.0,0.0,0.0,56.2,,2025
386.0,Jordan Watkins,23.0,SFO,WR,3.0,0.0,3.0,2.0,26.0,1.0,25.0,12.5,1.0,0.5,14.0,0.0,,0.0,0.0,0.0,93.7,,2025
387.0,Jared Wayne,25.0,HOU,WR,1.0,1.0,2.0,2.0,20.0,1.0,17.0,8.5,3.0,1.5,8.5,0.0,,0.0,0.0,0.0,108.3,,2025
388.0,Blake Whiteheart,25.0,CLE,TE,13.0,2.0,4.0,2.0,4.0,0.0,3.0,1.5,1.0,0.5,8.3,0.0,,0.0,0.0,0.0,56.2,,2025
389.0,Caleb Williams,24.0,CHI,QB,13.0,13.0,2.0,2.0,22.0,2.0,-3.0,-1.5,25.0,12.5,-1.5,0.0,,0.0,0.0,0.0,152.1,,2025
390.0,Colson Yankoff,25.0,WAS,TE,11.0,0.0,3.0,2.0,18.0,2.0,14.0,7.0,4.0,2.0,6.0,0.0,,0.0,0.0,0.0,82.6,,2025
391.0,Dareke Young,26.0,SEA,WR,6.0,0.0,2.0,2.0,48.0,2.0,48.0,24.0,0.0,0.0,24.0,0.0,,0.0,0.0,0.0,118.7,,2025
392.0,Zaire Mitchell-Paden,26.0,2TM,TE,8.0,1.0,3.0,2.0,17.0,1.0,12.0,6.0,5.0,2.5,4.3,0.0,,0.0,0.0,0.0,81.2,,2025
392.0,Zaire Mitchell-Paden,26.0,BAL,TE,6.0,1.0,2.0,1.0,3.0,0.0,3.0,3.0,0.0,0.0,2.0,0.0,,0.0,0.0,0.0,56.2,,2025
392.0,Zaire Mitchell-Paden,26.0,NOR,TE,2.0,0.0,1.0,1.0,14.0,1.0,9.0,9.0,5.0,5.0,9.0,0.0,,0.0,0.0,0.0,118.7,,2025
393.0,Spencer Anderson,25.0,PIT,OL,13.0,4.0,1.0,1.0,4.0,0.0,0.0,0.0,4.0,4.0,0.0,0.0,,0.0,0.0,0.0,83.3,,2025
394.0,Alex Bachman,29.0,LVR,WR,9.0,0.0,2.0,1.0,9.0,1.0,7.0,7.0,2.0,2.0,5.5,0.0,,0.0,0.0,0.0,62.5,,2025
395.0,Michael Bandy,28.0,DEN,WR,2.0,0.0,1.0,1.0,16.0,1.0,5.0,5.0,11.0,11.0,5.0,0.0,,0.0,0.0,0.0,118.7,,2025
396.0,Tank Bigsby,24.0,PHI,RB,12.0,0.0,1.0,1.0,-1.0,0.0,-7.0,-7.0,6.0,6.0,-7.0,0.0,,0.0,0.0,0.0,79.2,,2025
397.0,Jaydon Blue,21.0,DAL,RB,4.0,0.0,1.0,1.0,5.0,0.0,-5.0,-5.0,10.0,10.0,-5.0,0.0,,0.0,0.0,0.0,87.5,,2025
398.0,Connor Colby,22.0,SFO,OL,9.0,6.0,1.0,1.0,-1.0,0.0,-6.0,-6.0,5.0,5.0,-6.0,0.0,,0.0,0.0,0.0,79.2,,2025
399.0,Derius Davis,25.0,LAC,WR,10.0,0.0,2.0,1.0,3.0,0.0,-4.0,-4.0,7.0,7.0,13.5,0.0,,0.0,0.0,0.0,56.2,,2025
400.0,Josiah Deguara,28.0,ARI,TE,8.0,0.0,2.0,1.0,6.0,0.0,5.0,5.0,1.0,1.0,5.0,0.0,,0.0,0.0,0.0,56.2,,2025
401.0,Payne Durham,25.0,TAM,TE,13.0,7.0,3.0,1.0,11.0,1.0,0.0,0.0,11.0,11.0,0.7,0.0,,1.0,33.3,0.0,45.1,,2025
402.0,Reggie Gilliam,28.0,BUF,FB,13.0,2.0,1.0,1.0,2.0,0.0,1.0,1.0,1.0,1.0,1.0,0.0,,0.0,0.0,0.0,79.2,,2025
403.0,Cam Grandy,25.0,CIN,TE,3.0,1.0,1.0,1.0,6.0,0.0,-2.0,-2.0,8.0,8.0,-2.0,0.0,,0.0,0.0,0.0,91.7,,2025
404.0,C.J. Ham,32.0,MIN,FB,7.0,0.0,1.0,1.0,5.0,0.0,4.0,4.0,1.0,1.0,4.0,0.0,,0.0,0.0,0.0,87.5,,2025
405.0,Evan Hull,25.0,NOR,RB,2.0,0.0,1.0,1.0,6.0,0.0,-4.0,-4.0,10.0,10.0,-4.0,0.0,,0.0,0.0,0.0,91.7,,2025
406.0,Shedrick Jackson,26.0,LVR,WR,2.0,0.0,1.0,1.0,25.0,1.0,25.0,25.0,0.0,0.0,25.0,0.0,,0.0,0.0,0.0,158.3,,2025
407.0,Terrell Jennings,24.0,NWE,RB,7.0,0.0,1.0,1.0,9.0,0.0,2.0,2.0,7.0,7.0,2.0,0.0,,0.0,0.0,0.0,104.2,,2025
408.0,Kaleb Johnson,22.0,PIT,RB,9.0,0.0,2.0,1.0,9.0,0.0,-5.0,-5.0,14.0,14.0,-4.0,0.0,,1.0,50.0,0.0,62.5,,2025
409.0,Jacoby Jones,24.0,WAS,WR,1.0,0.0,1.0,1.0,25.0,1.0,3.0,3.0,22.0,22.0,3.0,0.0,,0.0,0.0,0.0,118.7,,2025
410.0,Tim Jones,27.0,JAX,WR,2.0,0.0,1.0,1.0,15.0,1.0,4.0,4.0,11.0,11.0,4.0,0.0,,0.0,0.0,0.0,118.7,,2025
411.0,Mason Kinsey,27.0,TEN,WR,6.0,0.0,3.0,1.0,14.0,1.0,12.0,12.0,2.0,2.0,19.0,0.0,,1.0,33.3,0.0,49.3,,2025
412.0,KeAndre Lambert-Smith,24.0,LAC,WR,6.0,1.0,4.0,1.0,1.0,0.0,-2.0,-2.0,3.0,3.0,23.8,0.0,,0.0,0.0,0.0,39.6,,2025
413.0,Keleki Latu,23.0,BUF,TE,3.0,0.0,1.0,1.0,4.0,0.0,4.0,4.0,0.0,0.0,4.0,0.0,,0.0,0.0,0.0,83.3,,2025
414.0,Patrick Mahomes,30.0,KAN,QB,13.0,13.0,1.0,1.0,-10.0,0.0,-8.0,-8.0,-2.0,-2.0,-8.0,0.0,,0.0,0.0,0.0,79.2,,2025
415.0,Chris Manhertz,33.0,NYG,TE,13.0,2.0,1.0,1.0,7.0,0.0,1.0,1.0,6.0,6.0,1.0,0.0,,0.0,0.0,0.0,95.8,,2025
416.0,Drake Maye,23.0,NWE,QB,13.0,13.0,1.0,1.0,2.0,0.0,-8.0,-8.0,10.0,10.0,-8.0,0.0,,0.0,0.0,0.0,79.2,,2025
417.0,Scott Miller,28.0,PIT,WR,9.0,0.0,2.0,1.0,9.0,0.0,-1.0,-1.0,10.0,10.0,3.5,0.0,,0.0,0.0,0.0,62.5,,2025
418.0,David Moore,30.0,CAR,WR,4.0,2.0,1.0,1.0,5.0,0.0,5.0,5.0,0.0,0.0,5.0,0.0,,0.0,0.0,0.0,87.5,,2025
419.0,Bryce Oliver,25.0,TEN,WR,2.0,0.0,1.0,1.0,8.0,0.0,6.0,6.0,2.0,2.0,6.0,0.0,,0.0,0.0,0.0,100.0,,2025
420.0,Gunner Olszewski,29.0,NYG,WR,13.0,0.0,3.0,1.0,24.0,1.0,23.0,23.0,1.0,1.0,17.0,0.0,,0.0,0.0,0.0,102.8,,2025
421.0,Dante Pettis,30.0,NOR,WR,4.0,0.0,1.0,1.0,14.0,0.0,14.0,14.0,0.0,0.0,14.0,0.0,,0.0,0.0,0.0,118.7,,2025
422.0,Spencer Rattler,25.0,NOR,QB,8.0,8.0,2.0,1.0,0.0,0.0,0.0,0.0,0.0,0.0,2.0,0.0,,0.0,0.0,1.0,16.7,,2025
423.0,Nikko Remigio,26.0,KAN,WR,12.0,0.0,1.0,1.0,21.0,1.0,18.0,18.0,3.0,3.0,18.0,0.0,,0.0,0.0,0.0,118.7,,2025
424.0,Anthony Richardson,23.0,IND,QB,2.0,0.0,1.0,1.0,9.0,1.0,2.0,2.0,7.0,7.0,2.0,0.0,,0.0,0.0,0.0,104.2,,2025
425.0,Aaron Rodgers,42.0,PIT,QB,12.0,12.0,1.0,1.0,-9.0,0.0,-9.0,-9.0,0.0,0.0,-9.0,0.0,,0.0,0.0,0.0,79.2,,2025
426.0,Chris Rodriguez,25.0,WAS,RB,11.0,6.0,2.0,1.0,6.0,0.0,3.0,3.0,3.0,3.0,7.5,0.0,,0.0,0.0,1.0,16.7,,2025
427.0,Carter Runyon,24.0,LVR,TE,9.0,0.0,1.0,1.0,3.0,0.0,-3.0,-3.0,6.0,6.0,-3.0,0.0,,0.0,0.0,0.0,79.2,,2025
428.0,Eric Saubert,31.0,SEA,TE,7.0,1.0,1.0,1.0,12.0,1.0,6.0,6.0,6.0,6.0,6.0,0.0,,0.0,0.0,0.0,116.7,,2025
429.0,Ben Sims,25.0,MIN,TE,4.0,1.0,1.0,1.0,9.0,1.0,4.0,4.0,5.0,5.0,4.0,0.0,,0.0,0.0,0.0,104.2,,2025
430.0,Robert Tonyan,31.0,KAN,TE,13.0,0.0,1.0,1.0,1.0,0.0,1.0,1.0,0.0,0.0,1.0,0.0,,0.0,0.0,0.0,79.2,,2025
431.0,Tahj Washington,24.0,MIA,WR,4.0,1.0,2.0,1.0,11.0,0.0,5.0,5.0,6.0,6.0,28.0,0.0,,0.0,0.0,1.0,27.1,,2025
432.0,Jared Wiley,25.0,KAN,TE,2.0,0.0,1.0,1.0,4.0,1.0,-4.0,-4.0,8.0,8.0,-4.0,0.0,,0.0,0.0,0.0,83.3,,2025
433.0,Trayveon Williams,28.0,LAC,RB,3.0,0.0,1.0,1.0,0.0,0.0,-1.0,-1.0,1.0,1.0,-1.0,0.0,,0.0,0.0,0.0,79.2,,2025
434.0,Jameis Winston,31.0,NYG,QB,2.0,2.0,1.0,1.0,33.0,1.0,13.0,13.0,20.0,20.0,13.0,1.0,1.0,0.0,0.0,0.0,158.3,,2025
435.0,Tristan Wirfs,26.0,TAM,T,9.0,9.0,1.0,1.0,2.0,1.0,1.0,1.0,1.0,1.0,1.0,0.0,,0.0,0.0,0.0,118.7,,2025
436.0,Jaylen Wright,22.0,MIA,RB,6.0,0.0,4.0,1.0,0.0,0.0,-3.0,-3.0,3.0,3.0,-3.3,0.0,,0.0,0.0,0.0,39.6,,2025
437.0,Ben Yurosek,23.0,MIN,TE,8.0,0.0,2.0,1.0,5.0,0.0,0.0,0.0,5.0,5.0,3.0,0.0,,0.0,0.0,0.0,56.2,,2025
438.0,Cam Akers,26.0,MIN,RB,3.0,0.0,1.0,0.0,0.0,0.0,0.0,,0.0,,-6.0,0.0,,1.0,100.0,0.0,39.6,,2025
439.0,Kevin Austin,25.0,NOR,WR,4.0,0.0,1.0,0.0,0.0,0.0,0.0,,0.0,,23.0,0.0,,0.0,0.0,0.0,39.6,,2025
440.0,Garett Bolles,33.0,DEN,T,13.0,13.0,1.0,0.0,0.0,0.0,0.0,,0.0,,2.0,0.0,,0.0,0.0,0.0,39.6,,2025
441.0,Tahj Brooks,23.0,CIN,RB,12.0,0.0,1.0,0.0,0.0,0.0,0.0,,0.0,,-3.0,0.0,,0.0,0.0,1.0,0.0,,2025
442.0,Brittain Brown,28.0,CHI,RB,2.0,0.0,1.0,0.0,0.0,0.0,0.0,,0.0,,4.0,0.0,,0.0,0.0,0.0,39.6,,2025
443.0,Jason Brownlee,26.0,KAN,WR,5.0,0.0,1.0,0.0,0.0,0.0,0.0,,0.0,,9.0,0.0,,0.0,0.0,0.0,39.6,,2025
444.0,Alex Cappa,30.0,LVR,G,13.0,4.0,1.0,0.0,0.0,0.0,0.0,,0.0,,2.0,0.0,,0.0,0.0,0.0,39.6,,2025
445.0,Julius Chestnut,25.0,TEN,RB,13.0,0.0,2.0,0.0,0.0,0.0,0.0,,0.0,,11.0,0.0,,0.0,0.0,0.0,39.6,,2025
446.0,Justin Fields,26.0,NYJ,QB,9.0,9.0,1.0,0.0,0.0,0.0,0.0,,0.0,,6.0,0.0,,0.0,0.0,0.0,39.6,,2025
447.0,DJ Giddens,22.0,IND,RB,7.0,0.0,2.0,0.0,0.0,0.0,0.0,,0.0,,-3.0,0.0,,0.0,0.0,0.0,39.6,,2025
448.0,Mecole Hardman,27.0,BUF,WR,1.0,0.0,1.0,0.0,0.0,0.0,0.0,,0.0,,46.0,0.0,,0.0,0.0,0.0,39.6,,2025
449.0,Amar Johnson,22.0,LAC,RB,2.0,0.0,1.0,0.0,0.0,0.0,0.0,,0.0,,-2.0,0.0,,0.0,0.0,0.0,39.6,,2025
450.0,Charlie Jones,27.0,CIN,WR,13.0,0.0,1.0,0.0,0.0,0.0,0.0,,0.0,,42.0,0.0,,0.0,0.0,0.0,39.6,,2025
451.0,Nick Kallerup,24.0,SEA,TE,6.0,0.0,1.0,0.0,0.0,0.0,0.0,,0.0,,8.0,0.0,,0.0,0.0,0.0,39.6,,2025
452.0,Jonathan Mingo,24.0,DAL,WR,2.0,0.0,1.0,0.0,0.0,0.0,0.0,,0.0,,18.0,0.0,,1.0,100.0,0.0,39.6,,2025
453.0,Elijah Mitchell,27.0,KAN,RB,1.0,0.0,1.0,0.0,0.0,0.0,0.0,,0.0,,16.0,0.0,,0.0,0.0,1.0,0.0,,2025
454.0,Bo Nix,25.0,DEN,QB,13.0,13.0,1.0,0.0,0.0,0.0,0.0,,0.0,,2.0,0.0,,0.0,0.0,0.0,39.6,,2025
455.0,Dameon Pierce,25.0,HOU,RB,4.0,0.0,1.0,0.0,0.0,0.0,0.0,,0.0,,-4.0,0.0,,1.0,100.0,0.0,39.6,,2025
456.0,Bernhard Raimann,28.0,IND,T,13.0,13.0,1.0,0.0,0.0,0.0,0.0,,0.0,,2.0,0.0,,0.0,0.0,0.0,39.6,,2025
457.0,Patrick Ricard,31.0,BAL,FB,7.0,2.0,1.0,0.0,0.0,0.0,0.0,,0.0,,2.0,0.0,,0.0,0.0,0.0,39.6,,2025
458.0,Stone Smartt,27.0,NYJ,TE,11.0,0.0,1.0,0.0,0.0,0.0,0.0,,0.0,,16.0,0.0,,0.0,0.0,0.0,39.6,,2025
459.0,Malik Turner,29.0,SFO,WR,3.0,0.0,1.0,0.0,0.0,0.0,0.0,,0.0,,-5.0,0.0,,0.0,0.0,0.0,39.6,,2025
460.0,Jack Westover,26.0,NWE,FB,13.0,1.0,1.0,0.0,0.0,0.0,0.0,,0.0,,12.0,0.0,,1.0,100.0,0.0,39.6,,2025
461.0,Brayden Willis,26.0,SFO,TE,5.0,0.0,1.0,0.0,0.0,0.0,0.0,,0.0,,2.0,0.0,,0.0,0.0,0.0,39.6,,2025
462.0,Luke Wypler,24.0,CLE,C,13.0,1.0,1.0,0.0,0.0,0.0,0.0,,0.0,,1.0,0.0,,0.0,0.0,0.0,39.6,,2025
,League Average,,,,,,,,,,,5.7,,5.2,7.8,,17.0,,4.4,,,,2025
