Scrim_Unnamed: 0_level_0 Rk,Player,Scrim_Unnamed: 2_level_0 Age,Scrim_Unnamed: 3_level_0 Team,Scrim_Unnamed: 4_level_0 Pos,Scrim_Unnamed: 5_level_0 G,Scrim_Unnamed: 6_level_0 GS,Scrim_Receiving Tgt,Scrim_Receiving Rec,Scrim_Receiving Yds,Scrim_Receiving Y/R,Scrim_Receiving TD,Scrim_Receiving 1D,Scrim_Receiving Succ%,Scrim_Receiving Lng,Scrim_Receiving R/G,Scrim_Receiving Y/G,Scrim_Receiving Ctch%,Scrim_Receiving Y/Tgt,Scrim_Rushing Att,Scrim_Rushing Yds,Scrim_Rushing TD,Scrim_Rushing 1D,Scrim_Rushing Succ%,Scrim_Rushing Lng,Scrim_Rushing Y/A,Scrim_Rushing Y/G,Scrim_Rushing A/G,Scrim_Scrimmage Touch,Scrim_Scrimmage Y/Tch,Scrim_Scrimmage YScm,Scrim_Scrimmage RRTD,Scrim_Unnamed: 32_level_0 Fmb,Scrim_Unnamed: 33_level_0 Awards,Year
1.0,Bijan Robinson,23.0,ATL,RB,13.0,13.0,70.0,56.0,602.0,10.8,2.0,24.0,58.6,69.0,4.3,46.3,80.0,8.6,215.0,1081.0,5.0,48.0,54.0,81.0,5.0,83.2,16.5,271.0,6.2,1683.0,7.0,3.0,,2025
2.0,Jonathan Taylor,26.0,IND,RB,13.0,13.0,40.0,35.0,304.0,8.7,2.0,12.0,57.5,43.0,2.7,23.4,87.5,7.6,247.0,1356.0,16.0,68.0,55.1,83.0,5.5,104.3,19.0,282.0,5.9,1660.0,18.0,2.0,,2025
3.0,Christian McCaffrey,29.0,SFO,RB,13.0,13.0,107.0,85.0,806.0,9.5,5.0,41.0,58.9,39.0,6.5,62.0,79.4,7.5,237.0,849.0,8.0,55.0,46.8,20.0,3.6,65.3,18.2,322.0,5.1,1655.0,13.0,2.0,,2025
4.0,James Cook,26.0,BUF,RB,13.0,13.0,31.0,29.0,267.0,9.2,1.0,9.0,58.1,51.0,2.2,20.5,93.5,8.6,249.0,1308.0,8.0,55.0,56.2,64.0,5.3,100.6,19.2,278.0,5.7,1575.0,9.0,6.0,,2025
5.0,Jahmyr Gibbs,23.0,DET,RB,13.0,13.0,66.0,58.0,474.0,8.2,3.0,21.0,53.0,42.0,4.5,36.5,87.9,7.2,187.0,1062.0,13.0,50.0,49.2,78.0,5.7,81.7,14.4,245.0,6.3,1536.0,16.0,0.0,,2025
6.0,De'Von Achane,24.0,MIA,RB,13.0,13.0,73.0,55.0,383.0,7.0,4.0,18.0,41.1,29.0,4.2,29.5,75.3,5.2,193.0,1126.0,7.0,49.0,48.7,59.0,5.8,86.6,14.8,248.0,6.1,1509.0,11.0,1.0,,2025
7.0,Jaxon Smith-Njigba,23.0,SEA,WR,13.0,13.0,121.0,89.0,1428.0,16.0,9.0,63.0,62.8,63.0,6.8,109.8,73.6,11.8,7.0,36.0,0.0,2.0,57.1,11.0,5.1,2.8,0.5,96.0,15.3,1464.0,9.0,3.0,,2025
8.0,Puka Nacua,24.0,LAR,WR,12.0,11.0,118.0,93.0,1186.0,12.8,6.0,58.0,71.2,39.0,7.8,98.8,78.8,10.1,6.0,73.0,1.0,3.0,66.7,45.0,12.2,6.1,0.5,99.0,12.7,1259.0,7.0,1.0,,2025
9.0,Breece Hall,24.0,NYJ,RB,13.0,13.0,40.0,30.0,309.0,10.3,1.0,11.0,57.5,42.0,2.3,23.8,75.0,7.7,201.0,877.0,3.0,47.0,49.8,35.0,4.4,67.5,15.5,231.0,5.1,1186.0,4.0,2.0,,2025
10.0,Rico Dowdle,27.0,CAR,RB,13.0,7.0,36.0,29.0,254.0,8.8,1.0,13.0,52.8,36.0,2.2,19.5,80.6,7.1,192.0,929.0,5.0,45.0,47.9,53.0,4.8,71.5,14.8,221.0,5.4,1183.0,6.0,1.0,,2025
11.0,George Pickens,24.0,DAL,WR,13.0,11.0,114.0,78.0,1179.0,15.1,8.0,62.0,65.8,45.0,6.0,90.7,68.4,10.3,0.0,0.0,0.0,0.0,,,,0.0,0.0,78.0,15.1,1179.0,8.0,4.0,,2025
12.0,Derrick Henry,31.0,BAL,RB,13.0,13.0,20.0,15.0,150.0,10.0,0.0,4.0,55.0,44.0,1.2,11.5,75.0,7.5,222.0,1025.0,10.0,51.0,50.0,59.0,4.6,78.8,17.1,237.0,5.0,1175.0,10.0,3.0,,2025
13.0,Javonte Williams,25.0,DAL,RB,13.0,13.0,46.0,33.0,128.0,3.9,2.0,7.0,34.8,14.0,2.5,9.8,71.7,2.8,215.0,1022.0,9.0,55.0,54.9,66.0,4.8,78.6,16.5,248.0,4.6,1150.0,11.0,2.0,,2025
14.0,Kyren Williams,25.0,LAR,RB,13.0,13.0,35.0,26.0,197.0,7.6,3.0,8.0,45.7,30.0,2.0,15.2,74.3,5.6,196.0,952.0,8.0,60.0,65.3,34.0,4.9,73.2,15.1,222.0,5.2,1149.0,11.0,2.0,,2025
15.0,Saquon Barkley,28.0,PHI,RB,13.0,13.0,45.0,35.0,259.0,7.4,2.0,11.0,35.6,47.0,2.7,19.9,77.8,5.8,218.0,862.0,5.0,33.0,43.1,65.0,4.0,66.3,16.8,253.0,4.4,1121.0,7.0,1.0,,2025
16.0,Travis Etienne,26.0,JAX,RB,13.0,13.0,39.0,26.0,181.0,7.0,2.0,8.0,46.2,16.0,2.0,13.9,66.7,4.6,201.0,917.0,7.0,38.0,48.3,71.0,4.6,70.5,15.5,227.0,4.8,1098.0,9.0,1.0,,2025
17.0,D'Andre Swift,26.0,CHI,RB,12.0,12.0,40.0,28.0,256.0,9.1,1.0,10.0,35.0,55.0,2.3,21.3,70.0,6.4,173.0,837.0,5.0,48.0,53.8,25.0,4.8,69.8,14.4,201.0,5.4,1093.0,6.0,2.0,,2025
18.0,Josh Jacobs,27.0,GNB,RB,12.0,12.0,38.0,31.0,251.0,8.1,0.0,7.0,52.6,31.0,2.6,20.9,81.6,6.6,206.0,817.0,12.0,50.0,51.0,29.0,4.0,68.1,17.2,237.0,4.5,1068.0,12.0,2.0,,2025
19.0,Ja'Marr Chase,25.0,CIN,WR,12.0,12.0,139.0,91.0,1015.0,11.2,5.0,51.0,54.7,64.0,7.6,84.6,65.5,7.3,3.0,14.0,0.0,0.0,66.7,9.0,4.7,1.2,0.3,94.0,10.9,1029.0,5.0,1.0,,2025
20.0,Chase Brown,25.0,CIN,RB,13.0,13.0,68.0,51.0,299.0,5.9,2.0,11.0,38.2,21.0,3.9,23.0,75.0,4.4,172.0,727.0,3.0,40.0,49.4,37.0,4.2,55.9,13.2,223.0,4.6,1026.0,5.0,2.0,,2025
21.0,Amon-Ra St. Brown,26.0,DET,WR,13.0,13.0,117.0,81.0,976.0,12.0,9.0,47.0,59.0,37.0,6.2,75.1,69.2,8.3,3.0,9.0,0.0,1.0,33.3,6.0,3.0,0.7,0.2,84.0,11.7,985.0,9.0,1.0,,2025
22.0,Trey McBride,26.0,ARI,TE,13.0,13.0,127.0,93.0,937.0,10.1,8.0,49.0,63.0,31.0,7.2,72.1,73.2,7.4,0.0,0.0,0.0,0.0,,,,0.0,0.0,93.0,10.1,937.0,8.0,0.0,,2025
23.0,Kenneth Walker III,25.0,SEA,RB,13.0,13.0,26.0,21.0,174.0,8.3,0.0,8.0,46.2,29.0,1.6,13.4,80.8,6.7,170.0,762.0,4.0,37.0,44.7,31.0,4.5,58.6,13.1,191.0,4.9,936.0,4.0,0.0,,2025
24.0,Zay Flowers,25.0,BAL,WR,13.0,13.0,95.0,68.0,891.0,13.1,1.0,35.0,57.9,56.0,5.2,68.5,71.6,9.4,9.0,44.0,0.0,2.0,66.7,11.0,4.9,3.4,0.7,77.0,12.1,935.0,1.0,2.0,,2025
25.0,Nico Collins,26.0,HOU,WR,12.0,12.0,103.0,61.0,916.0,15.0,4.0,39.0,47.6,54.0,5.1,76.3,59.2,8.9,2.0,15.0,1.0,1.0,100.0,8.0,7.5,1.3,0.2,63.0,14.8,931.0,5.0,1.0,,2025
26.0,Quinshon Judkins,22.0,CLE,RB,12.0,12.0,26.0,18.0,146.0,8.1,0.0,5.0,30.8,58.0,1.5,12.2,69.2,5.6,210.0,784.0,7.0,48.0,42.9,46.0,3.7,65.3,17.5,228.0,4.1,930.0,7.0,0.0,,2025
27.0,Jaylen Warren,27.0,PIT,RB,12.0,11.0,35.0,30.0,277.0,9.2,2.0,11.0,57.1,65.0,2.5,23.1,85.7,7.9,159.0,652.0,4.0,40.0,53.5,37.0,4.1,54.3,13.3,189.0,4.9,929.0,6.0,0.0,,2025
28.0,Ashton Jeanty,22.0,LVR,RB,13.0,13.0,58.0,45.0,259.0,5.8,4.0,11.0,48.3,29.0,3.5,19.9,77.6,4.5,191.0,665.0,4.0,33.0,42.4,64.0,3.5,51.2,14.7,236.0,3.9,924.0,8.0,2.0,,2025
29.0,Tony Pollard,28.0,TEN,RB,13.0,13.0,34.0,27.0,171.0,6.3,0.0,8.0,41.2,29.0,2.1,13.2,79.4,5.0,175.0,743.0,4.0,34.0,44.6,65.0,4.2,57.2,13.5,202.0,4.5,914.0,4.0,3.0,,2025
30.0,CeeDee Lamb,26.0,DAL,WR,10.0,9.0,89.0,57.0,865.0,15.2,3.0,33.0,51.7,74.0,5.7,86.5,64.0,9.7,1.0,2.0,0.0,0.0,0.0,2.0,2.0,0.2,0.1,58.0,14.9,867.0,3.0,0.0,,2025
31.0,DeVonta Smith,27.0,PHI,WR,13.0,13.0,94.0,64.0,839.0,13.1,3.0,35.0,50.0,79.0,4.9,64.5,68.1,8.9,0.0,0.0,0.0,0.0,,,,0.0,0.0,64.0,13.1,839.0,3.0,0.0,,2025
32.0,Jaylen Waddle,27.0,MIA,WR,13.0,13.0,86.0,57.0,812.0,14.2,6.0,42.0,60.5,46.0,4.4,62.5,66.3,9.4,1.0,21.0,0.0,1.0,100.0,21.0,21.0,1.6,0.1,58.0,14.4,833.0,6.0,0.0,,2025
33.0,Wan'Dale Robinson,24.0,NYG,WR,13.0,12.0,110.0,73.0,828.0,11.3,3.0,31.0,42.7,50.0,5.6,63.7,66.4,7.5,2.0,2.0,0.0,1.0,50.0,2.0,1.0,0.2,0.2,75.0,11.1,830.0,3.0,1.0,,2025
34.0,Tetairoa McMillan,22.0,CAR,WR,13.0,13.0,98.0,57.0,826.0,14.5,6.0,46.0,53.1,43.0,4.4,63.5,58.2,8.4,0.0,0.0,0.0,0.0,,,,0.0,0.0,57.0,14.5,826.0,6.0,0.0,,2025
35.0,TreVeyon Henderson,23.0,NWE,RB,13.0,4.0,38.0,32.0,199.0,6.2,1.0,7.0,44.7,19.0,2.5,15.3,84.2,5.2,129.0,625.0,5.0,32.0,49.6,69.0,4.8,48.1,9.9,161.0,5.1,824.0,6.0,1.0,,2025
36.0,Emeka Egbuka,23.0,TAM,WR,13.0,12.0,110.0,54.0,806.0,14.9,6.0,29.0,40.0,77.0,4.2,62.0,49.1,7.3,2.0,9.0,0.0,0.0,50.0,9.0,4.5,0.7,0.2,56.0,14.6,815.0,6.0,0.0,,2025
37.0,Justin Jefferson,26.0,MIN,WR,13.0,13.0,109.0,64.0,810.0,12.7,2.0,35.0,45.0,50.0,4.9,62.3,58.7,7.4,1.0,4.0,0.0,0.0,100.0,4.0,4.0,0.3,0.1,65.0,12.5,814.0,2.0,0.0,,2025
38.0,Jameson Williams,24.0,DET,WR,13.0,11.0,72.0,45.0,802.0,17.8,6.0,35.0,51.4,64.0,3.5,61.7,62.5,11.1,6.0,12.0,0.0,0.0,33.3,9.0,2.0,0.9,0.5,51.0,16.0,814.0,6.0,0.0,,2025
39.0,Drake London,24.0,ATL,WR,9.0,9.0,94.0,60.0,810.0,13.5,6.0,39.0,58.5,43.0,6.7,90.0,63.8,8.6,0.0,0.0,0.0,0.0,,,,0.0,0.0,60.0,13.5,810.0,6.0,1.0,,2025
40.0,J.K. Dobbins,27.0,DEN,RB,10.0,9.0,14.0,11.0,37.0,3.4,0.0,0.0,35.7,9.0,1.1,3.7,78.6,2.6,153.0,772.0,4.0,37.0,53.6,41.0,5.0,77.2,15.3,164.0,4.9,809.0,4.0,0.0,,2025
41.0,Chris Olave,25.0,NOR,WR,13.0,13.0,120.0,76.0,811.0,10.7,5.0,36.0,48.3,62.0,5.8,62.4,63.3,6.8,1.0,-3.0,0.0,0.0,0.0,-3.0,-3.0,-0.2,0.1,77.0,10.5,808.0,5.0,0.0,,2025
42.0,A.J. Brown,28.0,PHI,WR,12.0,12.0,100.0,62.0,799.0,12.9,6.0,36.0,49.0,45.0,5.2,66.6,62.0,8.0,0.0,0.0,0.0,0.0,,,,0.0,0.0,62.0,12.9,799.0,6.0,0.0,,2025
43.0,Courtland Sutton,30.0,DEN,WR,13.0,13.0,90.0,56.0,773.0,13.8,5.0,39.0,56.7,52.0,4.3,59.5,62.2,8.6,0.0,0.0,0.0,0.0,,,,0.0,0.0,56.0,13.8,773.0,5.0,0.0,,2025
44.0,Alec Pierce,25.0,IND,WR,11.0,10.0,67.0,38.0,769.0,20.2,2.0,33.0,56.7,50.0,3.5,69.9,56.7,11.5,0.0,0.0,0.0,0.0,,,,0.0,0.0,38.0,20.2,769.0,2.0,0.0,,2025
45.0,David Montgomery,28.0,DET,RB,13.0,0.0,25.0,21.0,164.0,7.8,0.0,9.0,56.0,23.0,1.6,12.6,84.0,6.6,129.0,603.0,7.0,32.0,46.5,72.0,4.7,46.4,9.9,150.0,5.1,767.0,7.0,2.0,,2025
46.0,D.K. Metcalf,28.0,PIT,WR,13.0,13.0,87.0,52.0,753.0,14.5,5.0,33.0,52.9,80.0,4.0,57.9,59.8,8.7,2.0,12.0,1.0,1.0,100.0,6.0,6.0,0.9,0.2,54.0,14.2,765.0,6.0,0.0,,2025
47.0,Woody Marks,25.0,HOU,RB,13.0,5.0,30.0,20.0,196.0,9.8,3.0,7.0,43.3,50.0,1.5,15.1,66.7,6.5,160.0,554.0,2.0,28.0,41.9,23.0,3.5,42.6,12.3,180.0,4.2,750.0,5.0,1.0,,2025
48.0,Kyle Monangai,23.0,CHI,RB,13.0,1.0,19.0,11.0,97.0,8.8,0.0,5.0,36.8,25.0,0.8,7.5,57.9,5.1,135.0,648.0,5.0,33.0,53.3,39.0,4.8,49.8,10.4,146.0,5.1,745.0,5.0,0.0,,2025
49.0,Travis Kelce,36.0,KAN,TE,13.0,13.0,83.0,60.0,727.0,12.1,5.0,37.0,63.9,44.0,4.6,55.9,72.3,8.8,1.0,1.0,0.0,0.0,0.0,1.0,1.0,0.1,0.1,61.0,11.9,728.0,5.0,0.0,,2025
50.0,Davante Adams,33.0,LAR,WR,13.0,13.0,105.0,56.0,718.0,12.8,14.0,47.0,53.3,44.0,4.3,55.2,53.3,6.8,0.0,0.0,0.0,0.0,,,,0.0,0.0,56.0,12.8,718.0,14.0,0.0,,2025
51.0,Michael Wilson,25.0,ARI,WR,13.0,9.0,94.0,61.0,712.0,11.7,3.0,38.0,55.3,50.0,4.7,54.8,64.9,7.6,0.0,0.0,0.0,0.0,,,,0.0,0.0,61.0,11.7,712.0,3.0,0.0,,2025
52.0,Kimani Vidal,24.0,LAC,RB,10.0,8.0,20.0,14.0,123.0,8.8,1.0,5.0,40.0,60.0,1.4,12.3,70.0,6.2,135.0,587.0,3.0,30.0,48.1,59.0,4.3,58.7,13.5,149.0,4.8,710.0,4.0,1.0,,2025
53.0,Tyler Warren,23.0,IND,TE,13.0,8.0,84.0,60.0,699.0,11.7,4.0,34.0,58.3,41.0,4.6,53.8,71.4,8.3,6.0,8.0,1.0,3.0,50.0,3.0,1.3,0.6,0.5,66.0,10.7,707.0,5.0,1.0,,2025
54.0,Stefon Diggs,32.0,NWE,WR,13.0,13.0,79.0,64.0,705.0,11.0,3.0,37.0,65.8,33.0,4.9,54.2,81.0,8.9,0.0,0.0,0.0,0.0,,,,0.0,0.0,64.0,11.0,705.0,3.0,0.0,,2025
55.0,Michael Pittman Jr.,28.0,IND,WR,13.0,12.0,94.0,69.0,699.0,10.1,7.0,42.0,60.6,27.0,5.3,53.8,73.4,7.4,0.0,0.0,0.0,0.0,,,,0.0,0.0,69.0,10.1,699.0,7.0,0.0,,2025
56.0,Ladd McConkey,24.0,LAC,WR,13.0,10.0,95.0,59.0,695.0,11.8,5.0,32.0,50.5,58.0,4.5,53.5,62.1,7.3,0.0,0.0,0.0,0.0,,,,0.0,0.0,59.0,11.8,695.0,5.0,0.0,,2025
57.0,Jordan Mason,26.0,MIN,RB,13.0,4.0,15.0,13.0,45.0,3.5,0.0,1.0,26.7,13.0,1.0,3.5,86.7,3.0,133.0,630.0,6.0,38.0,57.1,24.0,4.7,48.5,10.2,146.0,4.6,675.0,6.0,3.0,,2025
58.0,Tee Higgins,26.0,CIN,WR,12.0,12.0,81.0,46.0,667.0,14.5,9.0,33.0,51.9,44.0,3.8,55.6,56.8,8.2,0.0,0.0,0.0,0.0,,,,0.0,0.0,46.0,14.5,667.0,9.0,0.0,,2025
59.0,Rome Odunze,23.0,CHI,WR,12.0,12.0,90.0,44.0,661.0,15.0,6.0,37.0,45.6,37.0,3.7,55.1,48.9,7.3,0.0,0.0,0.0,0.0,,,,0.0,0.0,44.0,15.0,661.0,6.0,0.0,,2025
60.0,Kareem Hunt,30.0,KAN,RB,13.0,4.0,19.0,14.0,114.0,8.1,1.0,7.0,47.4,22.0,1.1,8.8,73.7,6.0,142.0,545.0,8.0,45.0,57.0,33.0,3.8,41.9,10.9,156.0,4.2,659.0,9.0,2.0,,2025
61.0,Kenneth Gainwell,26.0,PIT,RB,13.0,2.0,58.0,50.0,286.0,5.7,2.0,12.0,34.5,28.0,3.8,22.0,86.2,4.9,80.0,371.0,4.0,26.0,57.5,55.0,4.6,28.5,6.2,130.0,5.1,657.0,6.0,2.0,,2025
62.0,Alvin Kamara,30.0,NOR,RB,11.0,11.0,39.0,33.0,186.0,5.6,0.0,7.0,33.3,26.0,3.0,16.9,84.6,4.8,131.0,471.0,1.0,21.0,42.0,18.0,3.6,42.8,11.9,164.0,4.0,657.0,1.0,2.0,,2025
63.0,Jakobi Meyers,29.0,2TM,WR,12.0,9.0,80.0,55.0,636.0,11.6,3.0,31.0,61.3,50.0,4.6,53.0,68.8,8.0,4.0,12.0,0.0,1.0,50.0,4.0,3.0,1.0,0.3,59.0,11.0,648.0,3.0,0.0,,2025
63.0,Jakobi Meyers,29.0,LVR,WR,7.0,6.0,49.0,33.0,352.0,10.7,0.0,15.0,59.2,45.0,4.7,50.3,67.3,7.2,0.0,0.0,0.0,0.0,,,,0.0,0.0,33.0,10.7,352.0,0.0,0.0,,2025
63.0,Jakobi Meyers,29.0,JAX,WR,5.0,3.0,31.0,22.0,284.0,12.9,3.0,16.0,64.5,50.0,4.4,56.8,71.0,9.2,4.0,12.0,0.0,1.0,50.0,4.0,3.0,2.4,0.8,26.0,11.4,296.0,3.0,0.0,,2025
64.0,Rachaad White,26.0,TAM,RB,13.0,8.0,38.0,33.0,172.0,5.2,0.0,8.0,34.2,18.0,2.5,13.2,86.8,4.5,117.0,474.0,4.0,35.0,57.3,16.0,4.1,36.5,9.0,150.0,4.3,646.0,4.0,0.0,,2025
65.0,Keenan Allen,33.0,LAC,WR,13.0,3.0,94.0,63.0,644.0,10.2,4.0,40.0,58.5,31.0,4.8,49.5,67.0,6.9,0.0,0.0,0.0,0.0,,,,0.0,0.0,63.0,10.2,644.0,4.0,1.0,,2025
66.0,Rashid Shaheed,27.0,2TM,WR,14.0,12.0,82.0,52.0,603.0,11.6,2.0,26.0,43.9,87.0,3.7,43.1,63.4,7.4,7.0,41.0,0.0,2.0,42.9,10.0,5.9,2.9,0.5,59.0,10.9,644.0,2.0,2.0,,2025
66.0,Rashid Shaheed,27.0,NOR,WR,9.0,9.0,66.0,44.0,499.0,11.3,2.0,22.0,43.9,87.0,4.9,55.4,66.7,7.6,2.0,5.0,0.0,0.0,50.0,5.0,2.5,0.6,0.2,46.0,11.0,504.0,2.0,1.0,,2025
66.0,Rashid Shaheed,27.0,SEA,WR,5.0,3.0,16.0,8.0,104.0,13.0,0.0,4.0,43.8,33.0,1.6,20.8,50.0,6.5,5.0,36.0,0.0,2.0,40.0,10.0,7.2,7.2,1.0,13.0,10.8,140.0,0.0,1.0,,2025
67.0,Tyrone Tracy Jr.,26.0,NYG,RB,11.0,7.0,31.0,22.0,203.0,9.2,0.0,9.0,48.4,42.0,2.0,18.5,71.0,6.5,113.0,434.0,1.0,24.0,44.2,31.0,3.8,39.5,10.3,135.0,4.7,637.0,1.0,0.0,,2025
68.0,Kyle Pitts,25.0,ATL,TE,13.0,13.0,85.0,62.0,631.0,10.2,1.0,31.0,50.6,30.0,4.8,48.5,72.9,7.4,0.0,0.0,0.0,0.0,,,,0.0,0.0,62.0,10.2,631.0,1.0,0.0,,2025
69.0,Harold Fannin,21.0,CLE,TE,13.0,10.0,85.0,59.0,619.0,10.5,4.0,27.0,42.4,35.0,4.5,47.6,69.4,7.3,5.0,10.0,0.0,1.0,20.0,4.0,2.0,0.8,0.4,64.0,9.8,629.0,4.0,1.0,,2025
70.0,Chuba Hubbard,26.0,CAR,RB,11.0,6.0,32.0,23.0,194.0,8.4,3.0,10.0,40.6,35.0,2.1,17.6,71.9,6.1,111.0,433.0,1.0,24.0,52.3,14.0,3.9,39.4,10.1,134.0,4.7,627.0,4.0,0.0,,2025
71.0,Brock Bowers,23.0,LVR,TE,10.0,6.0,73.0,53.0,619.0,11.7,6.0,31.0,63.0,38.0,5.3,61.9,72.6,8.5,2.0,2.0,0.0,0.0,50.0,6.0,1.0,0.2,0.2,55.0,11.3,621.0,6.0,0.0,,2025
72.0,Jacory Croskey-Merritt,24.0,WAS,RB,13.0,5.0,13.0,9.0,68.0,7.6,0.0,3.0,46.2,28.0,0.7,5.2,69.2,5.2,125.0,550.0,4.0,27.0,56.0,42.0,4.4,42.3,9.6,134.0,4.6,618.0,4.0,2.0,,2025
73.0,Cam Skattebo,23.0,NYG,RB,8.0,5.0,32.0,24.0,207.0,8.6,2.0,11.0,56.3,21.0,3.0,25.9,75.0,6.5,101.0,410.0,5.0,27.0,50.5,24.0,4.1,51.3,12.6,125.0,4.9,617.0,7.0,1.0,,2025
74.0,Juwan Johnson,29.0,NOR,TE,13.0,7.0,80.0,58.0,614.0,10.6,3.0,30.0,55.0,52.0,4.5,47.2,72.5,7.7,0.0,0.0,0.0,0.0,,,,0.0,0.0,58.0,10.6,614.0,3.0,1.0,,2025
75.0,Hunter Henry,31.0,NWE,TE,13.0,13.0,69.0,45.0,610.0,13.6,5.0,33.0,58.0,36.0,3.5,46.9,65.2,8.8,0.0,0.0,0.0,0.0,,,,0.0,0.0,45.0,13.6,610.0,5.0,0.0,,2025
76.0,Deebo Samuel,29.0,WAS,WR,12.0,8.0,81.0,62.0,561.0,9.0,5.0,24.0,55.6,38.0,5.2,46.8,76.5,6.9,13.0,49.0,1.0,3.0,53.8,19.0,3.8,4.1,1.1,75.0,8.1,610.0,6.0,2.0,,2025
77.0,Tre Tucker,24.0,LVR,WR,13.0,13.0,72.0,46.0,574.0,12.5,5.0,27.0,47.2,61.0,3.5,44.2,63.9,8.0,6.0,36.0,0.0,0.0,83.3,9.0,6.0,2.8,0.5,52.0,11.7,610.0,5.0,0.0,,2025
78.0,RJ Harvey,24.0,DEN,RB,13.0,4.0,42.0,37.0,247.0,6.7,4.0,13.0,50.0,27.0,2.8,19.0,88.1,5.9,91.0,354.0,5.0,18.0,46.2,50.0,3.9,27.2,7.0,128.0,4.7,601.0,9.0,0.0,,2025
79.0,Marvin Harrison Jr.,23.0,ARI,WR,10.0,10.0,69.0,40.0,594.0,14.9,4.0,29.0,53.6,45.0,4.0,59.4,58.0,8.6,0.0,0.0,0.0,0.0,,,,0.0,0.0,40.0,14.9,594.0,4.0,0.0,,2025
80.0,Bucky Irving,23.0,TAM,RB,6.0,5.0,24.0,23.0,239.0,10.4,3.0,9.0,54.2,72.0,3.8,39.8,95.8,10.0,103.0,353.0,1.0,13.0,37.9,32.0,3.4,58.8,17.2,126.0,4.7,592.0,4.0,1.0,,2025
81.0,Khalil Shakir,25.0,BUF,WR,13.0,9.0,78.0,57.0,585.0,10.3,4.0,24.0,44.9,54.0,4.4,45.0,73.1,7.5,1.0,5.0,0.0,0.0,0.0,5.0,5.0,0.4,0.1,58.0,10.2,590.0,4.0,1.0,,2025
82.0,Dalton Schultz,29.0,HOU,TE,13.0,4.0,84.0,62.0,574.0,9.3,1.0,29.0,58.3,47.0,4.8,44.2,73.8,6.8,0.0,0.0,0.0,0.0,,,,0.0,0.0,62.0,9.3,574.0,1.0,0.0,,2025
83.0,Zach Charbonnet,24.0,SEA,RB,12.0,0.0,13.0,11.0,87.0,7.9,0.0,4.0,38.5,21.0,0.9,7.3,84.6,6.7,132.0,483.0,8.0,29.0,47.0,30.0,3.7,40.3,11.0,143.0,4.0,570.0,8.0,0.0,,2025
84.0,D.J. Moore,28.0,CHI,WR,13.0,13.0,66.0,39.0,498.0,12.8,3.0,24.0,47.0,42.0,3.0,38.3,59.1,7.5,14.0,67.0,1.0,4.0,64.3,17.0,4.8,5.2,1.1,53.0,10.7,565.0,4.0,1.0,,2025
85.0,Blake Corum,25.0,LAR,RB,13.0,0.0,11.0,6.0,13.0,2.2,0.0,0.0,18.2,14.0,0.5,1.0,54.5,1.2,101.0,550.0,4.0,32.0,57.4,48.0,5.4,42.3,7.8,107.0,5.3,563.0,4.0,0.0,,2025
86.0,Jake Ferguson,26.0,DAL,TE,13.0,7.0,90.0,75.0,554.0,7.4,7.0,27.0,52.2,26.0,5.8,42.6,83.3,6.2,1.0,1.0,0.0,0.0,0.0,1.0,1.0,0.1,0.1,76.0,7.3,555.0,7.0,3.0,,2025
87.0,Brian Thomas,23.0,JAX,WR,10.0,10.0,69.0,35.0,535.0,15.3,1.0,24.0,43.5,46.0,3.5,53.5,50.7,7.8,2.0,16.0,1.0,2.0,100.0,9.0,8.0,1.6,0.2,37.0,14.9,551.0,2.0,0.0,,2025
88.0,Troy Franklin,22.0,DEN,WR,13.0,7.0,88.0,51.0,541.0,10.6,5.0,25.0,42.0,42.0,3.9,41.6,58.0,6.1,4.0,9.0,0.0,2.0,50.0,11.0,2.3,0.7,0.3,55.0,10.0,550.0,5.0,1.0,,2025
89.0,Romeo Doubs,25.0,GNB,WR,13.0,12.0,73.0,45.0,542.0,12.0,5.0,32.0,56.2,48.0,3.5,41.7,61.6,7.4,0.0,0.0,0.0,0.0,,,,0.0,0.0,45.0,12.0,542.0,5.0,1.0,,2025
90.0,Xavier Worthy,22.0,KAN,WR,11.0,11.0,63.0,38.0,456.0,12.0,1.0,19.0,50.8,42.0,3.5,41.5,60.3,7.2,9.0,86.0,0.0,4.0,77.8,35.0,9.6,7.8,0.8,47.0,11.5,542.0,1.0,0.0,,2025
91.0,Oronde Gadsden II,22.0,LAC,TE,11.0,6.0,55.0,39.0,541.0,13.9,2.0,21.0,69.1,53.0,3.5,49.2,70.9,9.8,0.0,0.0,0.0,0.0,,,,0.0,0.0,39.0,13.9,541.0,2.0,1.0,,2025
92.0,Quentin Johnston,24.0,LAC,WR,12.0,8.0,71.0,42.0,533.0,12.7,7.0,20.0,43.7,60.0,3.5,44.4,59.2,7.5,2.0,7.0,0.0,0.0,50.0,9.0,3.5,0.6,0.2,44.0,12.3,540.0,7.0,1.0,,2025
93.0,Rashee Rice,25.0,KAN,WR,7.0,7.0,67.0,46.0,520.0,11.3,5.0,27.0,53.7,47.0,6.6,74.3,68.7,7.8,5.0,20.0,1.0,2.0,80.0,7.0,4.0,2.9,0.7,51.0,10.6,540.0,6.0,2.0,,2025
94.0,Rhamondre Stevenson,27.0,NWE,RB,10.0,9.0,24.0,20.0,214.0,10.7,0.0,5.0,50.0,55.0,2.0,21.4,83.3,8.9,101.0,324.0,3.0,14.0,42.6,22.0,3.2,32.4,10.1,121.0,4.4,538.0,3.0,3.0,,2025
95.0,Nick Chubb,30.0,HOU,RB,13.0,8.0,19.0,12.0,58.0,4.8,0.0,1.0,31.6,27.0,0.9,4.5,63.2,3.1,115.0,472.0,3.0,19.0,50.4,27.0,4.1,36.3,8.8,127.0,4.2,530.0,3.0,0.0,,2025
96.0,Jordan Addison,23.0,MIN,WR,10.0,9.0,70.0,37.0,510.0,13.8,3.0,24.0,47.1,81.0,3.7,51.0,52.9,7.3,1.0,16.0,0.0,1.0,100.0,16.0,16.0,1.6,0.1,38.0,13.8,526.0,3.0,0.0,,2025
97.0,Aaron Jones,31.0,MIN,RB,9.0,9.0,31.0,20.0,150.0,7.5,1.0,8.0,41.9,27.0,2.2,16.7,64.5,4.8,81.0,376.0,1.0,17.0,55.6,31.0,4.6,41.8,9.0,101.0,5.2,526.0,2.0,2.0,,2025
98.0,Omarion Hampton,22.0,LAC,RB,6.0,5.0,24.0,22.0,147.0,6.7,1.0,6.0,58.3,22.0,3.7,24.5,91.7,6.1,79.0,370.0,2.0,21.0,44.3,54.0,4.7,61.7,13.2,101.0,5.1,517.0,3.0,1.0,,2025
99.0,Zach Ertz,35.0,WAS,TE,13.0,13.0,72.0,50.0,504.0,10.1,4.0,25.0,51.4,30.0,3.8,38.8,69.4,7.0,0.0,0.0,0.0,0.0,,,,0.0,0.0,50.0,10.1,504.0,4.0,1.0,,2025
100.0,Jerry Jeudy,26.0,CLE,WR,13.0,13.0,85.0,38.0,497.0,13.1,2.0,24.0,36.5,60.0,2.9,38.2,44.7,5.8,0.0,0.0,0.0,0.0,,,,0.0,0.0,38.0,13.1,497.0,2.0,1.0,,2025
101.0,Marquise Brown,28.0,KAN,WR,13.0,5.0,62.0,42.0,494.0,11.8,5.0,26.0,58.1,49.0,3.2,38.0,67.7,8.0,0.0,0.0,0.0,0.0,,,,0.0,0.0,42.0,11.8,494.0,5.0,1.0,,2025
102.0,Tucker Kraft,25.0,GNB,TE,8.0,8.0,44.0,32.0,489.0,15.3,6.0,22.0,63.6,59.0,4.0,61.1,72.7,11.1,1.0,3.0,0.0,0.0,0.0,3.0,3.0,0.4,0.1,33.0,14.9,492.0,6.0,0.0,,2025
103.0,Dalton Kincaid,26.0,BUF,TE,9.0,3.0,41.0,33.0,489.0,14.8,5.0,24.0,65.9,47.0,3.7,54.3,80.5,11.9,0.0,0.0,0.0,0.0,,,,0.0,0.0,33.0,14.8,489.0,5.0,1.0,,2025
104.0,Sam LaPorta,24.0,DET,TE,9.0,9.0,49.0,40.0,489.0,12.2,3.0,23.0,69.4,40.0,4.4,54.3,81.6,10.0,0.0,0.0,0.0,0.0,,,,0.0,0.0,40.0,12.2,489.0,3.0,0.0,,2025
105.0,Josh Allen,29.0,BUF,QB,13.0,13.0,0.0,0.0,0.0,,0.0,0.0,,,0.0,0.0,,,87.0,487.0,12.0,37.0,59.8,40.0,5.6,37.5,6.7,87.0,5.6,487.0,12.0,5.0,,2025
106.0,Kendrick Bourne,30.0,SFO,WR,12.0,7.0,43.0,31.0,482.0,15.5,0.0,23.0,69.8,56.0,2.6,40.2,72.1,11.2,0.0,0.0,0.0,0.0,,,,0.0,0.0,31.0,15.5,482.0,0.0,0.0,,2025
107.0,Kayshon Boutte,23.0,NWE,WR,11.0,8.0,38.0,29.0,481.0,16.6,6.0,23.0,73.7,39.0,2.6,43.7,76.3,12.7,0.0,0.0,0.0,0.0,,,,0.0,0.0,29.0,16.6,481.0,6.0,0.0,,2025
108.0,Dallas Goedert,30.0,PHI,TE,12.0,12.0,66.0,48.0,481.0,10.0,7.0,27.0,60.6,36.0,4.0,40.1,72.7,7.3,0.0,0.0,0.0,0.0,,,,0.0,0.0,48.0,10.0,481.0,7.0,0.0,,2025
109.0,Tyler Allgeier,25.0,ATL,RB,13.0,1.0,13.0,12.0,99.0,8.3,0.0,3.0,69.2,31.0,0.9,7.6,92.3,7.6,108.0,378.0,8.0,30.0,50.0,21.0,3.5,29.1,8.3,120.0,4.0,477.0,8.0,0.0,,2025
110.0,Cooper Kupp,32.0,SEA,WR,12.0,12.0,53.0,36.0,473.0,13.1,2.0,21.0,60.4,67.0,3.0,39.4,67.9,8.9,0.0,0.0,0.0,0.0,,,,0.0,0.0,36.0,13.1,473.0,2.0,0.0,,2025
111.0,Jauan Jennings,28.0,SFO,WR,11.0,11.0,69.0,41.0,458.0,11.2,5.0,25.0,55.1,42.0,3.7,41.6,59.4,6.6,0.0,0.0,0.0,0.0,,,,0.0,0.0,41.0,11.2,458.0,5.0,1.0,,2025
112.0,Theo Johnson,24.0,NYG,TE,13.0,13.0,68.0,42.0,456.0,10.9,5.0,23.0,41.2,41.0,3.2,35.1,61.8,6.7,0.0,0.0,0.0,0.0,,,,0.0,0.0,42.0,10.9,456.0,5.0,0.0,,2025
113.0,Christian Watson,26.0,GNB,WR,7.0,7.0,38.0,25.0,452.0,18.1,5.0,20.0,65.8,52.0,3.6,64.6,65.8,11.9,1.0,3.0,0.0,0.0,0.0,3.0,3.0,0.4,0.1,26.0,17.5,455.0,5.0,0.0,,2025
114.0,Parker Washington,23.0,JAX,WR,12.0,6.0,63.0,36.0,447.0,12.4,3.0,23.0,47.6,40.0,3.0,37.3,57.1,7.1,6.0,5.0,0.0,1.0,50.0,5.0,0.8,0.4,0.5,42.0,10.8,452.0,3.0,1.0,,2025
115.0,Mack Hollins,32.0,NWE,WR,13.0,11.0,48.0,35.0,440.0,12.6,2.0,23.0,66.7,54.0,2.7,33.8,72.9,9.2,1.0,4.0,0.0,0.0,0.0,4.0,4.0,0.3,0.1,36.0,12.3,444.0,2.0,0.0,,2025
116.0,Emanuel Wilson,26.0,GNB,RB,13.0,1.0,15.0,13.0,87.0,6.7,0.0,4.0,53.3,25.0,1.0,6.7,86.7,5.8,88.0,351.0,3.0,22.0,56.8,15.0,4.0,27.0,6.8,101.0,4.3,438.0,3.0,1.0,,2025
117.0,Colston Loveland,21.0,CHI,TE,12.0,8.0,49.0,35.0,435.0,12.4,4.0,21.0,53.1,58.0,2.9,36.3,71.4,8.9,0.0,0.0,0.0,0.0,,,,0.0,0.0,35.0,12.4,435.0,4.0,0.0,,2025
118.0,Isiah Pacheco,26.0,KAN,RB,10.0,9.0,19.0,13.0,60.0,4.6,1.0,3.0,31.6,11.0,1.3,6.0,68.4,3.2,90.0,375.0,1.0,23.0,56.7,16.0,4.2,37.5,9.0,103.0,4.2,435.0,2.0,0.0,,2025
119.0,Devin Singletary,28.0,NYG,RB,13.0,1.0,13.0,12.0,126.0,10.5,0.0,3.0,53.8,41.0,0.9,9.7,92.3,9.7,86.0,306.0,3.0,19.0,46.5,22.0,3.6,23.5,6.6,98.0,4.4,432.0,3.0,0.0,,2025
120.0,Zonovan Knight,24.0,ARI,RB,11.0,7.0,31.0,22.0,160.0,7.3,1.0,10.0,48.4,20.0,2.0,14.5,71.0,5.2,81.0,271.0,4.0,21.0,49.4,17.0,3.3,24.6,7.4,103.0,4.2,431.0,5.0,1.0,,2025
121.0,Cade Otton,26.0,TAM,TE,13.0,13.0,66.0,46.0,430.0,9.3,0.0,18.0,50.0,27.0,3.5,33.1,69.7,6.5,0.0,0.0,0.0,0.0,,,,0.0,0.0,46.0,9.3,430.0,0.0,0.0,,2025
122.0,Chigoziem Okonkwo,26.0,TEN,TE,13.0,9.0,53.0,41.0,426.0,10.4,0.0,18.0,52.8,39.0,3.2,32.8,77.4,8.0,0.0,0.0,0.0,0.0,,,,0.0,0.0,41.0,10.4,426.0,0.0,0.0,,2025
123.0,Luther Burden,22.0,CHI,WR,12.0,3.0,40.0,30.0,395.0,13.2,1.0,16.0,52.5,65.0,2.5,32.9,75.0,9.9,5.0,27.0,0.0,2.0,40.0,15.0,5.4,2.3,0.4,35.0,12.1,422.0,1.0,0.0,,2025
124.0,Justin Herbert,27.0,LAC,QB,13.0,13.0,0.0,0.0,0.0,,0.0,0.0,,,0.0,0.0,,,67.0,419.0,1.0,30.0,64.2,41.0,6.3,32.2,5.2,67.0,6.3,419.0,1.0,4.0,,2025
125.0,Demario Douglas,25.0,NWE,WR,13.0,0.0,39.0,27.0,402.0,14.9,3.0,16.0,59.0,58.0,2.1,30.9,69.2,10.3,6.0,16.0,0.0,2.0,50.0,14.0,2.7,1.2,0.5,33.0,12.7,418.0,3.0,0.0,,2025
126.0,Darius Slayton,28.0,NYG,WR,10.0,9.0,39.0,26.0,407.0,15.7,1.0,14.0,59.0,52.0,2.6,40.7,66.7,10.4,0.0,0.0,0.0,0.0,,,,0.0,0.0,26.0,15.7,407.0,1.0,1.0,,2025
127.0,AJ Barner,23.0,SEA,TE,13.0,13.0,50.0,40.0,386.0,9.7,4.0,19.0,66.0,61.0,3.1,29.7,80.0,7.7,9.0,13.0,1.0,8.0,88.9,2.0,1.4,1.0,0.7,49.0,8.1,399.0,5.0,2.0,,2025
128.0,Patrick Mahomes,30.0,KAN,QB,13.0,13.0,1.0,1.0,-10.0,-10.0,0.0,0.0,0.0,-10.0,0.1,-0.8,100.0,-10.0,62.0,407.0,4.0,26.0,58.1,22.0,6.6,31.3,4.8,63.0,6.3,397.0,4.0,3.0,,2025
129.0,Garrett Wilson,25.0,NYJ,WR,7.0,7.0,59.0,36.0,395.0,11.0,4.0,18.0,45.8,33.0,5.1,56.4,61.0,6.7,0.0,0.0,0.0,0.0,,,,0.0,0.0,36.0,11.0,395.0,4.0,1.0,,2025
130.0,Josh Downs,24.0,IND,WR,12.0,7.0,65.0,44.0,393.0,8.9,3.0,27.0,52.3,34.0,3.7,32.8,67.7,6.0,0.0,0.0,0.0,0.0,,,,0.0,0.0,44.0,8.9,393.0,3.0,1.0,,2025
131.0,Jayden Higgins,23.0,HOU,WR,13.0,8.0,55.0,35.0,393.0,11.2,4.0,23.0,52.7,28.0,2.7,30.2,63.6,7.1,0.0,0.0,0.0,0.0,,,,0.0,0.0,35.0,11.2,393.0,4.0,0.0,,2025
132.0,George Kittle,32.0,SFO,TE,8.0,8.0,45.0,37.0,396.0,10.7,5.0,23.0,66.7,33.0,4.6,49.5,82.2,8.8,1.0,-3.0,0.0,0.0,0.0,-3.0,-3.0,-0.4,0.1,38.0,10.3,393.0,5.0,0.0,,2025
133.0,Tyquan Thornton,25.0,KAN,WR,13.0,3.0,34.0,17.0,391.0,23.0,3.0,14.0,47.1,61.0,1.3,30.1,50.0,11.5,0.0,0.0,0.0,0.0,,,,0.0,0.0,17.0,23.0,391.0,3.0,0.0,,2025
134.0,Sterling Shepard,32.0,TAM,WR,13.0,2.0,53.0,39.0,371.0,9.5,1.0,18.0,45.3,36.0,3.0,28.5,73.6,7.0,4.0,19.0,0.0,1.0,75.0,11.0,4.8,1.5,0.3,43.0,9.1,390.0,1.0,1.0,,2025
135.0,Mark Andrews,30.0,BAL,TE,13.0,9.0,57.0,38.0,341.0,9.0,5.0,21.0,52.6,27.0,2.9,26.2,66.7,6.0,9.0,45.0,1.0,6.0,66.7,35.0,5.0,3.5,0.7,47.0,8.2,386.0,6.0,1.0,,2025
136.0,Justin Fields,26.0,NYJ,QB,9.0,9.0,1.0,0.0,0.0,,0.0,0.0,0.0,,0.0,0.0,0.0,0.0,71.0,383.0,4.0,26.0,57.7,43.0,5.4,42.6,7.9,71.0,5.4,383.0,4.0,4.0,,2025
137.0,Chris Rodriguez,25.0,WAS,RB,11.0,6.0,2.0,1.0,6.0,6.0,0.0,0.0,50.0,6.0,0.1,0.5,50.0,3.0,81.0,372.0,4.0,23.0,59.3,48.0,4.6,33.8,7.4,82.0,4.6,378.0,4.0,0.0,,2025
138.0,Tyjae Spears,24.0,TEN,RB,9.0,0.0,34.0,30.0,201.0,6.7,0.0,7.0,47.1,26.0,3.3,22.3,88.2,5.9,47.0,177.0,1.0,8.0,34.0,41.0,3.8,19.7,5.2,77.0,4.9,378.0,1.0,0.0,,2025
139.0,Andrei Iosivas,26.0,CIN,WR,13.0,7.0,47.0,26.0,363.0,14.0,2.0,18.0,42.6,37.0,2.0,27.9,55.3,7.7,3.0,14.0,0.0,0.0,66.7,5.0,4.7,1.1,0.2,29.0,13.0,377.0,2.0,0.0,,2025
140.0,Dylan Sampson,21.0,CLE,RB,13.0,1.0,34.0,28.0,259.0,9.3,2.0,8.0,61.8,66.0,2.2,19.9,82.4,7.6,44.0,116.0,0.0,9.0,34.1,26.0,2.6,8.9,3.4,72.0,5.2,375.0,2.0,1.0,,2025
141.0,Ryan Flournoy,26.0,DAL,WR,13.0,2.0,42.0,29.0,349.0,12.0,3.0,21.0,59.5,46.0,2.2,26.8,69.0,8.3,4.0,25.0,0.0,2.0,50.0,12.0,6.3,1.9,0.3,33.0,11.3,374.0,3.0,0.0,,2025
142.0,T.J. Hockenson,28.0,MIN,TE,13.0,13.0,60.0,46.0,370.0,8.0,3.0,19.0,48.3,29.0,3.5,28.5,76.7,6.2,1.0,0.0,0.0,0.0,0.0,,0.0,0.0,0.1,47.0,7.9,370.0,3.0,0.0,,2025
143.0,Brenton Strange,25.0,JAX,TE,8.0,8.0,39.0,31.0,369.0,11.9,1.0,18.0,64.1,30.0,3.9,46.1,79.5,9.5,0.0,0.0,0.0,0.0,,,,0.0,0.0,31.0,11.9,369.0,1.0,0.0,,2025
144.0,Mason Taylor,21.0,NYJ,TE,13.0,11.0,65.0,44.0,369.0,8.4,1.0,23.0,52.3,27.0,3.4,28.4,67.7,5.7,0.0,0.0,0.0,0.0,,,,0.0,0.0,44.0,8.4,369.0,1.0,0.0,,2025
145.0,Jalen Nailor,26.0,MIN,WR,13.0,7.0,42.0,23.0,348.0,15.1,2.0,18.0,50.0,62.0,1.8,26.8,54.8,8.3,1.0,15.0,0.0,1.0,100.0,15.0,15.0,1.2,0.1,24.0,15.1,363.0,2.0,0.0,,2025
146.0,Jeremy McNichols,30.0,WAS,RB,13.0,0.0,23.0,18.0,151.0,8.4,0.0,8.0,43.5,24.0,1.4,11.6,78.3,6.6,32.0,211.0,1.0,12.0,56.3,60.0,6.6,16.2,2.5,50.0,7.2,362.0,1.0,0.0,,2025
147.0,Michael Carter,26.0,ARI,RB,9.0,2.0,32.0,24.0,194.0,8.1,0.0,9.0,59.4,18.0,2.7,21.6,75.0,6.1,53.0,165.0,1.0,10.0,47.2,11.0,3.1,18.3,5.9,77.0,4.7,359.0,1.0,0.0,,2025
148.0,Keon Coleman,22.0,BUF,WR,11.0,6.0,55.0,36.0,355.0,9.9,4.0,24.0,61.8,35.0,3.3,32.3,65.5,6.5,0.0,0.0,0.0,0.0,,,,0.0,0.0,36.0,9.9,355.0,4.0,1.0,,2025
149.0,Evan Engram,31.0,DEN,TE,12.0,1.0,61.0,40.0,347.0,8.7,1.0,17.0,47.5,41.0,3.3,28.9,65.6,5.7,1.0,7.0,0.0,0.0,100.0,7.0,7.0,0.6,0.1,41.0,8.6,354.0,1.0,0.0,,2025
150.0,Elic Ayomanor,22.0,TEN,WR,12.0,11.0,67.0,30.0,353.0,11.8,3.0,21.0,38.8,33.0,2.5,29.4,44.8,5.3,0.0,0.0,0.0,0.0,,,,0.0,0.0,30.0,11.8,353.0,3.0,0.0,,2025
151.0,KaVontae Turpin,29.0,DAL,WR,11.0,2.0,30.0,21.0,286.0,13.6,1.0,15.0,53.3,48.0,1.9,26.0,70.0,9.5,13.0,67.0,0.0,3.0,69.2,25.0,5.2,6.1,1.2,34.0,10.4,353.0,1.0,1.0,,2025
152.0,Malik Washington,24.0,MIA,WR,13.0,3.0,56.0,40.0,274.0,6.9,2.0,14.0,39.3,28.0,3.1,21.1,71.4,4.9,13.0,78.0,0.0,3.0,53.8,18.0,6.0,6.0,1.0,53.0,6.6,352.0,2.0,1.0,,2025
153.0,Brian Robinson Jr.,26.0,SFO,RB,13.0,0.0,10.0,7.0,19.0,2.7,0.0,0.0,20.0,4.0,0.5,1.5,70.0,1.9,72.0,328.0,2.0,17.0,56.9,19.0,4.6,25.2,5.5,79.0,4.4,347.0,2.0,0.0,,2025
154.0,Ricky Pearsall,25.0,SFO,WR,7.0,7.0,38.0,25.0,347.0,13.9,0.0,19.0,55.3,45.0,3.6,49.6,65.8,9.1,2.0,-2.0,0.0,0.0,0.0,2.0,-1.0,-0.3,0.3,27.0,12.8,345.0,0.0,0.0,,2025
155.0,Caleb Williams,24.0,CHI,QB,13.0,13.0,2.0,2.0,22.0,11.0,1.0,2.0,100.0,20.0,0.2,1.7,100.0,11.0,65.0,321.0,3.0,24.0,58.5,29.0,4.9,24.7,5.0,67.0,5.1,343.0,4.0,6.0,,2025
156.0,Terry McLaurin,30.0,WAS,WR,6.0,6.0,41.0,23.0,340.0,14.8,2.0,19.0,53.7,56.0,3.8,56.7,56.1,8.3,0.0,0.0,0.0,0.0,,,,0.0,0.0,23.0,14.8,340.0,2.0,0.0,,2025
157.0,Sean Tucker,24.0,TAM,RB,13.0,0.0,10.0,8.0,34.0,4.3,1.0,1.0,20.0,28.0,0.6,2.6,80.0,3.4,72.0,306.0,5.0,19.0,48.6,43.0,4.3,23.5,5.5,80.0,4.3,340.0,6.0,1.0,,2025
158.0,Bhayshul Tuten,22.0,JAX,RB,13.0,0.0,13.0,9.0,63.0,7.0,1.0,2.0,46.2,24.0,0.7,4.8,69.2,4.8,77.0,277.0,4.0,21.0,57.1,15.0,3.6,21.3,5.9,86.0,4.0,340.0,5.0,2.0,,2025
159.0,Jaxson Dart,22.0,NYG,QB,10.0,8.0,0.0,0.0,0.0,,0.0,0.0,,,0.0,0.0,,,61.0,337.0,7.0,28.0,63.9,24.0,5.5,33.7,6.1,61.0,5.5,337.0,7.0,3.0,,2025
160.0,Jalen Hurts,27.0,PHI,QB,13.0,13.0,0.0,0.0,0.0,,0.0,0.0,,,0.0,0.0,,,88.0,337.0,8.0,33.0,53.4,29.0,3.8,25.9,6.8,88.0,3.8,337.0,8.0,7.0,,2025
161.0,Matthew Golden,22.0,GNB,WR,10.0,4.0,33.0,24.0,286.0,11.9,0.0,12.0,48.5,46.0,2.4,28.6,72.7,8.7,8.0,45.0,0.0,3.0,87.5,9.0,5.6,4.5,0.8,32.0,10.3,331.0,0.0,0.0,,2025
162.0,Adonai Mitchell,23.0,2TM,WR,12.0,3.0,47.0,21.0,330.0,15.7,1.0,10.0,36.2,75.0,1.8,27.5,44.7,7.0,0.0,0.0,0.0,0.0,,,,0.0,0.0,21.0,15.7,330.0,1.0,1.0,,2025
162.0,Adonai Mitchell,23.0,IND,WR,8.0,1.0,16.0,9.0,152.0,16.9,0.0,2.0,37.5,75.0,1.1,19.0,56.3,9.5,0.0,0.0,0.0,0.0,,,,0.0,0.0,9.0,16.9,152.0,0.0,1.0,,2025
162.0,Adonai Mitchell,23.0,NYJ,WR,4.0,2.0,31.0,12.0,178.0,14.8,1.0,8.0,35.5,52.0,3.0,44.5,38.7,5.7,0.0,0.0,0.0,0.0,,,,0.0,0.0,12.0,14.8,178.0,1.0,0.0,,2025
163.0,Darnell Mooney,28.0,ATL,WR,11.0,11.0,54.0,22.0,329.0,15.0,1.0,18.0,37.0,49.0,2.0,29.9,40.7,6.1,0.0,0.0,0.0,0.0,,,,0.0,0.0,22.0,15.0,329.0,1.0,1.0,,2025
164.0,Drake Maye,23.0,NWE,QB,13.0,13.0,1.0,1.0,2.0,2.0,0.0,0.0,0.0,2.0,0.1,0.2,100.0,2.0,81.0,319.0,2.0,26.0,40.7,28.0,3.9,24.5,6.2,82.0,3.9,321.0,2.0,6.0,,2025
165.0,Samaje Perine,30.0,CIN,RB,11.0,0.0,12.0,10.0,52.0,5.2,0.0,3.0,33.3,16.0,0.9,4.7,83.3,4.3,52.0,268.0,1.0,20.0,57.7,32.0,5.2,24.4,4.7,62.0,5.2,320.0,1.0,2.0,,2025
166.0,Xavier Hutchinson,25.0,HOU,WR,13.0,4.0,41.0,26.0,303.0,11.7,3.0,14.0,53.7,30.0,2.0,23.3,63.4,7.4,2.0,14.0,0.0,1.0,100.0,9.0,7.0,1.1,0.2,28.0,11.3,317.0,3.0,0.0,,2025
167.0,Dawson Knox,29.0,BUF,TE,13.0,9.0,36.0,25.0,316.0,12.6,1.0,15.0,61.1,32.0,1.9,24.3,69.4,8.8,0.0,0.0,0.0,0.0,,,,0.0,0.0,25.0,12.6,316.0,1.0,0.0,,2025
168.0,Ty Johnson,28.0,BUF,RB,13.0,0.0,24.0,16.0,195.0,12.2,1.0,8.0,50.0,52.0,1.2,15.0,66.7,8.1,25.0,120.0,1.0,6.0,52.0,23.0,4.8,9.2,1.9,41.0,7.7,315.0,2.0,1.0,,2025
169.0,Marvin Mims,23.0,DEN,WR,11.0,2.0,35.0,25.0,247.0,9.9,1.0,10.0,42.9,31.0,2.3,22.5,71.4,7.1,10.0,67.0,1.0,3.0,60.0,16.0,6.7,6.1,0.9,35.0,9.0,314.0,2.0,2.0,,2025
170.0,Dontayvion Wicks,24.0,GNB,WR,11.0,7.0,41.0,26.0,307.0,11.8,2.0,20.0,63.4,30.0,2.4,27.9,63.4,7.5,1.0,6.0,0.0,0.0,100.0,6.0,6.0,0.5,0.1,27.0,11.6,313.0,2.0,0.0,,2025
171.0,Calvin Austin III,26.0,PIT,WR,11.0,7.0,46.0,27.0,309.0,11.4,2.0,11.0,43.5,31.0,2.5,28.1,58.7,6.7,0.0,0.0,0.0,0.0,,,,0.0,0.0,27.0,11.4,309.0,2.0,0.0,,2025
172.0,Pat Freiermuth,27.0,PIT,TE,13.0,5.0,35.0,28.0,307.0,11.0,4.0,12.0,54.3,68.0,2.2,23.6,80.0,8.8,0.0,0.0,0.0,0.0,,,,0.0,0.0,28.0,11.0,307.0,4.0,0.0,,2025
173.0,Lamar Jackson,28.0,BAL,QB,10.0,10.0,0.0,0.0,0.0,,0.0,0.0,,,0.0,0.0,,,59.0,307.0,2.0,21.0,49.2,19.0,5.2,30.7,5.9,59.0,5.2,307.0,2.0,6.0,,2025
174.0,Pat Bryant,23.0,DEN,WR,13.0,6.0,36.0,22.0,305.0,13.9,1.0,18.0,58.3,48.0,1.7,23.5,61.1,8.5,0.0,0.0,0.0,0.0,,,,0.0,0.0,22.0,13.9,305.0,1.0,0.0,,2025
175.0,Emari Demercado,26.0,ARI,RB,9.0,0.0,12.0,8.0,64.0,8.0,1.0,2.0,33.3,34.0,0.9,7.1,66.7,5.3,31.0,241.0,0.0,6.0,41.9,71.0,7.8,26.8,3.4,39.0,7.8,305.0,1.0,1.0,,2025
176.0,Olamide Zaccheaus,28.0,CHI,WR,13.0,4.0,57.0,37.0,280.0,7.6,2.0,14.0,45.6,16.0,2.8,21.5,64.9,4.9,4.0,25.0,0.0,1.0,75.0,12.0,6.3,1.9,0.3,41.0,7.4,305.0,2.0,0.0,,2025
177.0,Tez Johnson,23.0,TAM,WR,12.0,8.0,39.0,24.0,287.0,12.0,5.0,14.0,51.3,45.0,2.0,23.9,61.5,7.4,6.0,17.0,0.0,0.0,66.7,6.0,2.8,1.4,0.5,30.0,10.1,304.0,5.0,0.0,,2025
178.0,JuJu Smith-Schuster,29.0,KAN,WR,13.0,8.0,35.0,27.0,304.0,11.3,1.0,17.0,65.7,30.0,2.1,23.4,77.1,8.7,0.0,0.0,0.0,0.0,,,,0.0,0.0,27.0,11.3,304.0,1.0,0.0,,2025
179.0,Calvin Ridley,31.0,TEN,WR,7.0,6.0,36.0,17.0,303.0,17.8,0.0,13.0,38.9,47.0,2.4,43.3,47.2,8.4,0.0,0.0,0.0,0.0,,,,0.0,0.0,17.0,17.8,303.0,0.0,0.0,,2025
180.0,Chimere Dike,24.0,TEN,WR,13.0,7.0,55.0,34.0,284.0,8.4,3.0,14.0,40.0,38.0,2.6,21.8,61.8,5.2,9.0,18.0,0.0,0.0,44.4,9.0,2.0,1.4,0.7,43.0,7.0,302.0,3.0,2.0,,2025
181.0,Gunnar Helm,23.0,TEN,TE,13.0,8.0,46.0,37.0,298.0,8.1,1.0,15.0,56.5,22.0,2.8,22.9,80.4,6.5,0.0,0.0,0.0,0.0,,,,0.0,0.0,37.0,8.1,298.0,1.0,0.0,,2025
182.0,Travis Hunter,22.0,JAX,WR,7.0,4.0,45.0,28.0,298.0,10.6,1.0,12.0,40.0,44.0,4.0,42.6,62.2,6.6,1.0,0.0,0.0,0.0,0.0,,0.0,0.0,0.1,29.0,10.3,298.0,1.0,1.0,,2025
183.0,David Njoku,29.0,CLE,TE,12.0,11.0,48.0,33.0,293.0,8.9,4.0,11.0,45.8,23.0,2.8,24.4,68.8,6.1,0.0,0.0,0.0,0.0,,,,0.0,0.0,33.0,8.9,293.0,4.0,0.0,,2025
184.0,Darnell Washington,24.0,PIT,TE,13.0,10.0,33.0,23.0,288.0,12.5,1.0,13.0,60.6,36.0,1.8,22.2,69.7,8.7,0.0,0.0,0.0,0.0,,,,0.0,0.0,23.0,12.5,288.0,1.0,1.0,,2025
185.0,Xavier Legette,24.0,CAR,WR,11.0,11.0,53.0,28.0,287.0,10.3,3.0,14.0,35.8,36.0,2.5,26.1,52.8,5.4,1.0,0.0,0.0,0.0,0.0,,0.0,0.0,0.1,29.0,9.9,287.0,3.0,1.0,,2025
186.0,Baker Mayfield,30.0,TAM,QB,13.0,13.0,0.0,0.0,0.0,,0.0,0.0,,,0.0,0.0,,,43.0,285.0,1.0,21.0,53.5,33.0,6.6,21.9,3.3,43.0,6.6,285.0,1.0,8.0,,2025
187.0,Keaton Mitchell,23.0,BAL,RB,9.0,0.0,9.0,7.0,56.0,8.0,0.0,2.0,44.4,17.0,0.8,6.2,77.8,6.2,31.0,229.0,1.0,9.0,58.1,55.0,7.4,25.4,3.4,38.0,7.5,285.0,1.0,1.0,,2025
188.0,Noah Fant,28.0,CIN,TE,12.0,6.0,39.0,33.0,283.0,8.6,3.0,13.0,64.1,25.0,2.8,23.6,84.6,7.3,0.0,0.0,0.0,0.0,,,,0.0,0.0,33.0,8.6,283.0,3.0,2.0,,2025
189.0,Jayden Daniels,25.0,WAS,QB,7.0,7.0,0.0,0.0,0.0,,0.0,0.0,,,0.0,0.0,,,58.0,278.0,2.0,14.0,51.7,18.0,4.8,39.7,8.3,58.0,4.8,278.0,2.0,3.0,,2025
190.0,Devin Neal,22.0,NOR,RB,9.0,2.0,18.0,16.0,100.0,6.3,0.0,4.0,38.9,18.0,1.8,11.1,88.9,5.6,50.0,178.0,1.0,8.0,54.0,21.0,3.6,19.8,5.6,66.0,4.2,278.0,1.0,0.0,,2025
191.0,Isaiah Davis,23.0,NYJ,RB,13.0,0.0,22.0,15.0,118.0,7.9,0.0,6.0,45.5,26.0,1.2,9.1,68.2,5.4,28.0,159.0,0.0,5.0,28.6,50.0,5.7,12.2,2.2,43.0,6.4,277.0,0.0,0.0,,2025
192.0,Cole Kmet,26.0,CHI,TE,12.0,11.0,35.0,22.0,273.0,12.4,2.0,12.0,51.4,31.0,1.8,22.8,62.9,7.8,0.0,0.0,0.0,0.0,,,,0.0,0.0,22.0,12.4,273.0,2.0,0.0,,2025
193.0,Josh Palmer,26.0,BUF,WR,8.0,5.0,29.0,18.0,272.0,15.1,0.0,12.0,51.7,45.0,2.3,34.0,62.1,9.4,0.0,0.0,0.0,0.0,,,,0.0,0.0,18.0,15.1,272.0,0.0,0.0,,2025
194.0,Malik Nabers,22.0,NYG,WR,4.0,4.0,35.0,18.0,271.0,15.1,2.0,11.0,45.7,48.0,4.5,67.8,51.4,7.7,0.0,0.0,0.0,0.0,,,,0.0,0.0,18.0,15.1,271.0,2.0,0.0,,2025
195.0,Tyreek Hill,31.0,MIA,WR,4.0,4.0,29.0,21.0,265.0,12.6,1.0,17.0,69.0,47.0,5.3,66.3,72.4,9.1,0.0,0.0,0.0,0.0,,,,0.0,0.0,21.0,12.6,265.0,1.0,0.0,,2025
196.0,Justice Hill,28.0,BAL,RB,10.0,0.0,27.0,21.0,169.0,8.0,1.0,6.0,37.0,37.0,2.1,16.9,77.8,6.3,18.0,93.0,2.0,4.0,33.3,71.0,5.2,9.3,1.8,39.0,6.7,262.0,3.0,1.0,,2025
197.0,Tyler Lockett,33.0,2TM,WR,13.0,1.0,41.0,26.0,261.0,10.0,0.0,12.0,48.8,33.0,2.0,20.1,63.4,6.4,0.0,0.0,0.0,0.0,,,,0.0,0.0,26.0,10.0,261.0,0.0,0.0,,2025
197.0,Tyler Lockett,33.0,TEN,WR,7.0,1.0,21.0,10.0,70.0,7.0,0.0,3.0,33.3,16.0,1.4,10.0,47.6,3.3,0.0,0.0,0.0,0.0,,,,0.0,0.0,10.0,7.0,70.0,0.0,0.0,,2025
197.0,Tyler Lockett,33.0,LVR,WR,6.0,0.0,20.0,16.0,191.0,11.9,0.0,9.0,65.0,33.0,2.7,31.8,80.0,9.6,0.0,0.0,0.0,0.0,,,,0.0,0.0,16.0,11.9,191.0,0.0,0.0,,2025
198.0,DeAndre Hopkins,33.0,BAL,WR,13.0,3.0,30.0,17.0,257.0,15.1,2.0,11.0,53.3,41.0,1.3,19.8,56.7,8.6,0.0,0.0,0.0,0.0,,,,0.0,0.0,17.0,15.1,257.0,2.0,0.0,,2025
199.0,Marcus Mariota,32.0,WAS,QB,9.0,6.0,0.0,0.0,0.0,,0.0,0.0,,,0.0,0.0,,,39.0,255.0,1.0,12.0,48.7,44.0,6.5,28.3,4.3,39.0,6.5,255.0,1.0,4.0,,2025
200.0,Brashard Smith,22.0,KAN,RB,13.0,0.0,26.0,19.0,161.0,8.5,0.0,6.0,65.4,17.0,1.5,12.4,73.1,6.2,30.0,94.0,0.0,2.0,43.3,8.0,3.1,7.2,2.3,49.0,5.2,255.0,0.0,1.0,,2025
201.0,Trevor Lawrence,26.0,JAX,QB,13.0,13.0,0.0,0.0,0.0,,0.0,0.0,,,0.0,0.0,,,61.0,251.0,5.0,27.0,50.8,21.0,4.1,19.3,4.7,61.0,4.1,251.0,5.0,5.0,,2025
202.0,Isaiah Likely,25.0,BAL,TE,10.0,6.0,31.0,22.0,248.0,11.3,1.0,8.0,48.4,43.0,2.2,24.8,71.0,8.0,0.0,0.0,0.0,0.0,,,,0.0,0.0,22.0,11.3,248.0,1.0,2.0,,2025
203.0,Dyami Brown,26.0,JAX,WR,11.0,6.0,36.0,19.0,219.0,11.5,1.0,12.0,41.7,39.0,1.7,19.9,52.8,6.1,5.0,26.0,0.0,2.0,80.0,9.0,5.2,2.4,0.5,24.0,10.2,245.0,1.0,0.0,,2025
204.0,Bo Nix,25.0,DEN,QB,13.0,13.0,1.0,0.0,0.0,,0.0,0.0,0.0,,0.0,0.0,0.0,0.0,55.0,244.0,4.0,15.0,43.6,25.0,4.4,18.8,4.2,55.0,4.4,244.0,4.0,3.0,,2025
205.0,Van Jefferson,29.0,TEN,WR,13.0,5.0,42.0,23.0,237.0,10.3,1.0,13.0,47.6,23.0,1.8,18.2,54.8,5.6,0.0,0.0,0.0,0.0,,,,0.0,0.0,23.0,10.3,237.0,1.0,0.0,,2025
206.0,Jaylin Noel,23.0,HOU,WR,13.0,3.0,30.0,22.0,225.0,10.2,1.0,11.0,46.7,44.0,1.7,17.3,73.3,7.5,5.0,10.0,0.0,0.0,20.0,5.0,2.0,0.8,0.4,27.0,8.7,235.0,1.0,0.0,,2025
207.0,Jaylin Lane,23.0,WAS,WR,13.0,3.0,31.0,16.0,225.0,14.1,0.0,10.0,41.9,41.0,1.2,17.3,51.6,7.3,1.0,7.0,0.0,0.0,100.0,7.0,7.0,0.5,0.1,17.0,13.6,232.0,0.0,3.0,,2025
208.0,Jake Tonges,26.0,SFO,TE,13.0,1.0,35.0,26.0,226.0,8.7,4.0,14.0,57.1,23.0,2.0,17.4,74.3,6.5,0.0,0.0,0.0,0.0,,,,0.0,0.0,26.0,8.7,226.0,4.0,0.0,,2025
209.0,Isaiah Bond,21.0,CLE,WR,12.0,2.0,37.0,14.0,199.0,14.2,0.0,7.0,27.0,52.0,1.2,16.6,37.8,5.4,3.0,26.0,0.0,1.0,100.0,9.0,8.7,2.2,0.3,17.0,13.2,225.0,0.0,0.0,,2025
210.0,Trey Benson,23.0,ARI,RB,4.0,1.0,16.0,13.0,64.0,4.9,0.0,2.0,37.5,12.0,3.3,16.0,81.3,4.0,29.0,160.0,0.0,4.0,34.5,52.0,5.5,40.0,7.3,42.0,5.3,224.0,0.0,0.0,,2025
211.0,Jalen Coker,24.0,CAR,WR,7.0,2.0,25.0,18.0,224.0,12.4,1.0,14.0,68.0,33.0,2.6,32.0,72.0,9.0,0.0,0.0,0.0,0.0,,,,0.0,0.0,18.0,12.4,224.0,1.0,0.0,,2025
212.0,Devaughn Vele,28.0,NOR,WR,12.0,6.0,33.0,20.0,224.0,11.2,2.0,15.0,54.5,16.0,1.7,18.7,60.6,6.8,0.0,0.0,0.0,0.0,,,,0.0,0.0,20.0,11.2,224.0,2.0,0.0,,2025
213.0,Kendre Miller,23.0,NOR,RB,7.0,0.0,5.0,5.0,30.0,6.0,0.0,1.0,20.0,11.0,0.7,4.3,100.0,6.0,47.0,193.0,1.0,9.0,44.7,18.0,4.1,27.6,6.7,52.0,4.3,223.0,1.0,0.0,,2025
214.0,Colby Parkinson,26.0,LAR,TE,11.0,6.0,31.0,26.0,223.0,8.6,4.0,16.0,71.0,23.0,2.4,20.3,83.9,7.2,0.0,0.0,0.0,0.0,,,,0.0,0.0,26.0,8.6,223.0,4.0,1.0,,2025
215.0,Greg Dortch,27.0,ARI,WR,12.0,3.0,33.0,29.0,206.0,7.1,3.0,10.0,42.4,39.0,2.4,17.2,87.9,6.2,7.0,15.0,1.0,1.0,57.1,9.0,2.1,1.3,0.6,36.0,6.1,221.0,4.0,1.0,,2025
216.0,Ollie Gordon,21.0,MIA,RB,13.0,1.0,8.0,6.0,30.0,5.0,1.0,1.0,12.5,20.0,0.5,2.3,75.0,3.8,58.0,191.0,3.0,19.0,48.3,20.0,3.3,14.7,4.5,64.0,3.5,221.0,4.0,0.0,,2025
217.0,Rashod Bateman,26.0,BAL,WR,11.0,10.0,35.0,18.0,217.0,12.1,2.0,12.0,42.9,36.0,1.6,19.7,51.4,6.2,0.0,0.0,0.0,0.0,,,,0.0,0.0,18.0,12.1,217.0,2.0,0.0,,2025
218.0,Austin Hooper,31.0,NWE,TE,12.0,6.0,19.0,16.0,213.0,13.3,1.0,11.0,78.9,31.0,1.3,17.8,84.2,11.2,0.0,0.0,0.0,0.0,,,,0.0,0.0,16.0,13.3,213.0,1.0,0.0,,2025
219.0,Jahan Dotson,25.0,PHI,WR,13.0,7.0,24.0,12.0,209.0,17.4,1.0,7.0,37.5,51.0,0.9,16.1,50.0,8.7,0.0,0.0,0.0,0.0,,,,0.0,0.0,12.0,17.4,209.0,1.0,0.0,,2025
220.0,Jonnu Smith,30.0,PIT,TE,13.0,4.0,44.0,30.0,190.0,6.3,2.0,8.0,45.5,21.0,2.3,14.6,68.2,4.3,3.0,17.0,0.0,1.0,66.7,10.0,5.7,1.3,0.2,33.0,6.3,207.0,2.0,1.0,,2025
221.0,Christian Kirk,29.0,HOU,WR,9.0,2.0,40.0,22.0,204.0,9.3,1.0,9.0,32.5,47.0,2.4,22.7,55.0,5.1,0.0,0.0,0.0,0.0,,,,0.0,0.0,22.0,9.3,204.0,1.0,0.0,,2025
222.0,Luke McCaffrey,24.0,WAS,WR,9.0,0.0,15.0,11.0,203.0,18.5,3.0,6.0,66.7,50.0,1.2,22.6,73.3,13.5,0.0,0.0,0.0,0.0,,,,0.0,0.0,11.0,18.5,203.0,3.0,0.0,,2025
223.0,Daniel Bellinger,25.0,NYG,TE,12.0,7.0,17.0,12.0,202.0,16.8,1.0,9.0,70.6,44.0,1.0,16.8,70.6,11.9,0.0,0.0,0.0,0.0,,,,0.0,0.0,12.0,16.8,202.0,1.0,0.0,,2025
224.0,Mike Gesicki,30.0,CIN,TE,9.0,1.0,32.0,20.0,201.0,10.1,1.0,12.0,56.3,37.0,2.2,22.3,62.5,6.3,0.0,0.0,0.0,0.0,,,,0.0,0.0,20.0,10.1,201.0,1.0,0.0,,2025
225.0,Chris Moore,32.0,WAS,WR,11.0,5.0,22.0,10.0,192.0,19.2,1.0,9.0,45.5,44.0,0.9,17.5,45.5,8.7,1.0,9.0,0.0,0.0,100.0,9.0,9.0,0.8,0.1,11.0,18.3,201.0,1.0,0.0,,2025
226.0,Cedric Tillman,25.0,CLE,WR,9.0,7.0,35.0,18.0,197.0,10.9,2.0,11.0,42.9,26.0,2.0,21.9,51.4,5.6,0.0,0.0,0.0,0.0,,,,0.0,0.0,18.0,10.9,197.0,2.0,0.0,,2025
227.0,Chris Godwin,29.0,TAM,WR,5.0,3.0,31.0,16.0,194.0,12.1,0.0,10.0,38.7,31.0,3.2,38.8,51.6,6.3,0.0,0.0,0.0,0.0,,,,0.0,0.0,16.0,12.1,194.0,0.0,0.0,,2025
228.0,C.J. Stroud,24.0,HOU,QB,10.0,10.0,0.0,0.0,0.0,,0.0,0.0,,,0.0,0.0,,,32.0,194.0,0.0,15.0,62.5,30.0,6.1,19.4,3.2,32.0,6.1,194.0,0.0,0.0,,2025
229.0,Tyler Higbee,32.0,LAR,TE,9.0,7.0,30.0,20.0,190.0,9.5,2.0,12.0,53.3,24.0,2.2,21.1,66.7,6.3,0.0,0.0,0.0,0.0,,,,0.0,0.0,20.0,9.5,190.0,2.0,0.0,,2025
230.0,Tre Harris,23.0,LAC,WR,13.0,7.0,26.0,20.0,185.0,9.3,1.0,11.0,61.5,24.0,1.5,14.2,76.9,7.1,1.0,3.0,0.0,0.0,0.0,3.0,3.0,0.2,0.1,21.0,9.0,188.0,1.0,0.0,,2025
231.0,Tyrell Shavers,26.0,BUF,WR,13.0,6.0,18.0,12.0,188.0,15.7,1.0,8.0,66.7,43.0,0.9,14.5,66.7,10.4,0.0,0.0,0.0,0.0,,,,0.0,0.0,12.0,15.7,188.0,1.0,0.0,,2025
232.0,Tyler Johnson,27.0,NYJ,WR,10.0,5.0,16.0,10.0,187.0,18.7,1.0,8.0,56.3,35.0,1.0,18.7,62.5,11.7,0.0,0.0,0.0,0.0,,,,0.0,0.0,10.0,18.7,187.0,1.0,0.0,,2025
233.0,Tommy Tremble,25.0,CAR,TE,13.0,12.0,27.0,20.0,186.0,9.3,1.0,6.0,51.9,54.0,1.5,14.3,74.1,6.9,0.0,0.0,0.0,0.0,,,,0.0,0.0,20.0,9.3,186.0,1.0,0.0,,2025
234.0,Kyle Juszczyk,34.0,SFO,FB,13.0,13.0,23.0,20.0,187.0,9.4,1.0,8.0,78.3,25.0,1.5,14.4,87.0,8.1,2.0,-3.0,0.0,0.0,0.0,,-1.5,-0.2,0.2,22.0,8.4,184.0,1.0,0.0,,2025
235.0,Zay Jones,30.0,ARI,WR,8.0,0.0,18.0,12.0,183.0,15.3,0.0,7.0,44.4,43.0,1.5,22.9,66.7,10.2,0.0,0.0,0.0,0.0,,,,0.0,0.0,12.0,15.3,183.0,0.0,0.0,,2025
236.0,Zavier Scott,26.0,MIN,RB,12.0,0.0,14.0,12.0,82.0,6.8,1.0,5.0,50.0,20.0,1.0,6.8,85.7,5.9,27.0,101.0,0.0,5.0,51.9,11.0,3.7,8.4,2.3,39.0,4.7,183.0,1.0,2.0,,2025
237.0,Michael Mayer,24.0,LVR,TE,9.0,9.0,32.0,22.0,182.0,8.3,1.0,11.0,43.8,22.0,2.4,20.2,68.8,5.7,0.0,0.0,0.0,0.0,,,,0.0,0.0,22.0,8.3,182.0,1.0,0.0,,2025
238.0,Darren Waller,33.0,MIA,TE,6.0,2.0,18.0,13.0,177.0,13.6,4.0,11.0,66.7,34.0,2.2,29.5,72.2,9.8,1.0,4.0,0.0,1.0,100.0,4.0,4.0,0.7,0.2,14.0,12.9,181.0,4.0,0.0,,2025
239.0,Elijah Arroyo,22.0,SEA,TE,13.0,4.0,26.0,15.0,179.0,11.9,1.0,7.0,38.5,32.0,1.2,13.8,57.7,6.9,0.0,0.0,0.0,0.0,,,,0.0,0.0,15.0,11.9,179.0,1.0,1.0,,2025
240.0,Elijah Higgins,25.0,ARI,TE,13.0,7.0,23.0,19.0,179.0,9.4,0.0,8.0,47.8,27.0,1.5,13.8,82.6,7.8,0.0,0.0,0.0,0.0,,,,0.0,0.0,19.0,9.4,179.0,0.0,1.0,,2025
241.0,Tank Bigsby,24.0,2TM,RB,13.0,0.0,1.0,1.0,-1.0,-1.0,0.0,0.0,0.0,-1.0,0.1,-0.1,100.0,-1.0,24.0,180.0,0.0,8.0,54.2,29.0,7.5,13.8,1.8,25.0,7.2,179.0,0.0,0.0,,2025
241.0,Tank Bigsby,24.0,JAX,RB,1.0,0.0,0.0,0.0,0.0,,0.0,0.0,,,0.0,0.0,,,5.0,12.0,0.0,1.0,20.0,4.0,2.4,12.0,5.0,5.0,2.4,12.0,0.0,0.0,,2025
241.0,Tank Bigsby,24.0,PHI,RB,12.0,0.0,1.0,1.0,-1.0,-1.0,0.0,0.0,0.0,-1.0,0.1,-0.1,100.0,-1.0,19.0,168.0,0.0,7.0,63.2,29.0,8.8,14.0,1.6,20.0,8.4,167.0,0.0,0.0,,2025
242.0,Brandin Cooks,32.0,2TM,WR,12.0,4.0,26.0,20.0,178.0,8.9,0.0,11.0,69.2,21.0,1.7,14.8,76.9,6.8,0.0,0.0,0.0,0.0,,,,0.0,0.0,20.0,8.9,178.0,0.0,0.0,,2025
242.0,Brandin Cooks,32.0,NOR,WR,10.0,3.0,25.0,19.0,165.0,8.7,0.0,10.0,68.0,21.0,1.9,16.5,76.0,6.6,0.0,0.0,0.0,0.0,,,,0.0,0.0,19.0,8.7,165.0,0.0,0.0,,2025
242.0,Brandin Cooks,32.0,BUF,WR,2.0,1.0,1.0,1.0,13.0,13.0,0.0,1.0,100.0,13.0,0.5,6.5,100.0,13.0,0.0,0.0,0.0,0.0,,,,0.0,0.0,1.0,13.0,13.0,0.0,0.0,,2025
243.0,Jerome Ford,26.0,CLE,RB,13.0,0.0,32.0,26.0,103.0,4.0,0.0,4.0,34.4,17.0,2.0,7.9,81.3,3.2,24.0,73.0,0.0,5.0,45.8,12.0,3.0,5.6,1.8,50.0,3.5,176.0,0.0,0.0,,2025
244.0,Ja'Tavion Sanders,22.0,CAR,TE,10.0,3.0,30.0,25.0,176.0,7.0,0.0,7.0,56.7,18.0,2.5,17.6,83.3,5.9,0.0,0.0,0.0,0.0,,,,0.0,0.0,25.0,7.0,176.0,0.0,0.0,,2025
245.0,John Metchie,25.0,2TM,WR,12.0,3.0,31.0,22.0,184.0,8.4,2.0,10.0,48.4,22.0,1.8,15.3,71.0,5.9,2.0,-9.0,0.0,0.0,0.0,-2.0,-4.5,-0.8,0.2,24.0,7.3,175.0,2.0,0.0,,2025
245.0,John Metchie,25.0,PHI,WR,7.0,0.0,4.0,4.0,18.0,4.5,0.0,2.0,75.0,8.0,0.6,2.6,100.0,4.5,0.0,0.0,0.0,0.0,,,,0.0,0.0,4.0,4.5,18.0,0.0,0.0,,2025
245.0,John Metchie,25.0,NYJ,WR,5.0,3.0,27.0,18.0,166.0,9.2,2.0,8.0,44.4,22.0,3.6,33.2,66.7,6.1,2.0,-9.0,0.0,0.0,0.0,-2.0,-4.5,-1.8,0.4,20.0,7.9,157.0,2.0,0.0,,2025
246.0,Kyler Murray,28.0,ARI,QB,5.0,5.0,0.0,0.0,0.0,,0.0,0.0,,,0.0,0.0,,,29.0,173.0,1.0,10.0,41.4,30.0,6.0,34.6,5.8,29.0,6.0,173.0,1.0,1.0,,2025
247.0,Xavier Smith,28.0,LAR,WR,12.0,3.0,14.0,11.0,173.0,15.7,0.0,5.0,78.6,51.0,0.9,14.4,78.6,12.4,0.0,0.0,0.0,0.0,,,,0.0,0.0,11.0,15.7,173.0,0.0,0.0,,2025
248.0,Tim Patrick,32.0,JAX,WR,12.0,2.0,21.0,13.0,172.0,13.2,3.0,9.0,52.4,37.0,1.1,14.3,61.9,8.2,0.0,0.0,0.0,0.0,,,,0.0,0.0,13.0,13.2,172.0,3.0,0.0,,2025
249.0,Jalen Tolbert,26.0,DAL,WR,11.0,7.0,25.0,14.0,172.0,12.3,1.0,9.0,44.0,35.0,1.3,15.6,56.0,6.9,0.0,0.0,0.0,0.0,,,,0.0,0.0,14.0,12.3,172.0,1.0,0.0,,2025
250.0,Jaylen Wright,22.0,MIA,RB,6.0,0.0,4.0,1.0,0.0,0.0,0.0,0.0,0.0,,0.2,0.0,25.0,0.0,42.0,172.0,1.0,11.0,52.4,18.0,4.1,28.7,7.0,43.0,4.0,172.0,1.0,0.0,,2025
251.0,Kalif Raymond,31.0,DET,WR,11.0,3.0,19.0,15.0,150.0,10.0,0.0,7.0,52.6,30.0,1.4,13.6,78.9,7.9,2.0,19.0,0.0,1.0,100.0,10.0,9.5,1.7,0.2,17.0,9.9,169.0,0.0,0.0,,2025
252.0,Demarcus Robinson,31.0,SFO,WR,10.0,1.0,25.0,13.0,163.0,12.5,0.0,9.0,44.0,31.0,1.3,16.3,52.0,6.5,1.0,6.0,0.0,0.0,100.0,6.0,6.0,0.6,0.1,14.0,12.1,169.0,0.0,0.0,,2025
253.0,Spencer Rattler,25.0,NOR,QB,8.0,8.0,2.0,1.0,0.0,0.0,0.0,0.0,0.0,,0.1,0.0,50.0,0.0,31.0,167.0,0.0,17.0,74.2,15.0,5.4,20.9,3.9,32.0,5.2,167.0,0.0,4.0,,2025
254.0,Roman Wilson,24.0,PIT,WR,12.0,4.0,21.0,12.0,166.0,13.8,2.0,7.0,47.6,45.0,1.0,13.8,57.1,7.9,0.0,0.0,0.0,0.0,,,,0.0,0.0,12.0,13.8,166.0,2.0,1.0,,2025
255.0,Tutu Atwell,26.0,LAR,WR,6.0,4.0,9.0,4.0,164.0,41.0,1.0,3.0,44.4,88.0,0.7,27.3,44.4,18.2,0.0,0.0,0.0,0.0,,,,0.0,0.0,4.0,41.0,164.0,1.0,0.0,,2025
256.0,Jack Bech,23.0,LVR,WR,13.0,3.0,21.0,16.0,164.0,10.3,0.0,10.0,66.7,23.0,1.2,12.6,76.2,7.8,0.0,0.0,0.0,0.0,,,,0.0,0.0,16.0,10.3,164.0,0.0,0.0,,2025
257.0,Daniel Jones,28.0,IND,QB,13.0,13.0,0.0,0.0,0.0,,0.0,0.0,,,0.0,0.0,,,45.0,164.0,5.0,19.0,53.3,19.0,3.6,12.6,3.5,45.0,3.6,164.0,5.0,9.0,,2025
258.0,Jordan Whittington,25.0,LAR,WR,13.0,6.0,23.0,17.0,152.0,8.9,0.0,6.0,47.8,40.0,1.3,11.7,73.9,6.6,3.0,12.0,0.0,0.0,66.7,6.0,4.0,0.9,0.2,20.0,8.2,164.0,0.0,0.0,,2025
259.0,Jordan Love,27.0,GNB,QB,13.0,13.0,0.0,0.0,0.0,,0.0,0.0,,,0.0,0.0,,,42.0,163.0,0.0,11.0,47.6,25.0,3.9,12.5,3.2,42.0,3.9,163.0,0.0,6.0,,2025
260.0,Raheem Mostert,33.0,LVR,RB,10.0,0.0,10.0,10.0,65.0,6.5,0.0,6.0,70.0,18.0,1.0,6.5,100.0,6.5,21.0,98.0,0.0,5.0,38.1,37.0,4.7,9.8,2.1,31.0,5.3,163.0,0.0,0.0,,2025
261.0,Luke Musgrave,25.0,GNB,TE,13.0,8.0,22.0,17.0,162.0,9.5,0.0,7.0,54.5,23.0,1.3,12.5,77.3,7.4,0.0,0.0,0.0,0.0,,,,0.0,0.0,17.0,9.5,162.0,0.0,1.0,,2025
262.0,Tory Horton,23.0,SEA,WR,8.0,3.0,22.0,13.0,161.0,12.4,5.0,7.0,45.5,25.0,1.6,20.1,59.1,7.3,0.0,0.0,0.0,0.0,,,,0.0,0.0,13.0,12.4,161.0,5.0,0.0,,2025
263.0,Davis Allen,24.0,LAR,TE,13.0,1.0,23.0,19.0,158.0,8.3,3.0,9.0,65.2,20.0,1.5,12.2,82.6,6.9,0.0,0.0,0.0,0.0,,,,0.0,0.0,19.0,8.3,158.0,3.0,0.0,,2025
264.0,Adam Trautman,28.0,DEN,TE,13.0,10.0,18.0,16.0,157.0,9.8,1.0,9.0,77.8,26.0,1.2,12.1,88.9,8.7,0.0,0.0,0.0,0.0,,,,0.0,0.0,16.0,9.8,157.0,1.0,0.0,,2025
265.0,Greg Dulcich,25.0,MIA,TE,6.0,1.0,18.0,13.0,154.0,11.8,0.0,7.0,66.7,23.0,2.2,25.7,72.2,8.6,0.0,0.0,0.0,0.0,,,,0.0,0.0,13.0,11.8,154.0,0.0,0.0,,2025
266.0,Jackson Hawes,25.0,BUF,TE,13.0,6.0,15.0,12.0,152.0,12.7,3.0,11.0,80.0,29.0,0.9,11.7,80.0,10.1,0.0,0.0,0.0,0.0,,,,0.0,0.0,12.0,12.7,152.0,3.0,0.0,,2025
267.0,Ashton Dulin,28.0,IND,WR,10.0,2.0,8.0,5.0,106.0,21.2,0.0,4.0,50.0,48.0,0.5,10.6,62.5,13.3,3.0,44.0,0.0,2.0,100.0,22.0,14.7,4.4,0.3,8.0,18.8,150.0,0.0,0.0,,2025
268.0,Jeremy Ruckert,25.0,NYJ,TE,13.0,11.0,21.0,18.0,150.0,8.3,1.0,7.0,57.1,24.0,1.4,11.5,85.7,7.1,0.0,0.0,0.0,0.0,,,,0.0,0.0,18.0,8.3,150.0,1.0,0.0,,2025
269.0,Miles Sanders,28.0,DAL,RB,4.0,0.0,8.0,8.0,30.0,3.8,0.0,0.0,37.5,9.0,2.0,7.5,100.0,3.8,20.0,117.0,1.0,5.0,50.0,49.0,5.9,29.3,5.0,28.0,5.3,147.0,1.0,1.0,,2025
270.0,Noah Gray,26.0,KAN,TE,12.0,5.0,31.0,17.0,146.0,8.6,0.0,7.0,32.3,28.0,1.4,12.2,54.8,4.7,0.0,0.0,0.0,0.0,,,,0.0,0.0,17.0,8.6,146.0,0.0,0.0,,2025
271.0,Tyrod Taylor,36.0,NYJ,QB,6.0,4.0,0.0,0.0,0.0,,0.0,0.0,,,0.0,0.0,,,27.0,143.0,1.0,10.0,48.1,15.0,5.3,23.8,4.5,27.0,5.3,143.0,1.0,1.0,,2025
272.0,Kyle Williams,23.0,NWE,WR,13.0,0.0,13.0,5.0,143.0,28.6,2.0,4.0,38.5,72.0,0.4,11.0,38.5,11.0,1.0,-2.0,0.0,0.0,0.0,-2.0,-2.0,-0.2,0.1,6.0,23.5,141.0,2.0,0.0,,2025
273.0,Mike Evans,32.0,TAM,WR,4.0,4.0,32.0,14.0,140.0,10.0,1.0,10.0,40.6,22.0,3.5,35.0,43.8,4.4,0.0,0.0,0.0,0.0,,,,0.0,0.0,14.0,10.0,140.0,1.0,0.0,,2025
274.0,J.J. McCarthy,22.0,MIN,QB,7.0,7.0,0.0,0.0,0.0,,0.0,0.0,,,0.0,0.0,,,29.0,139.0,2.0,8.0,37.9,26.0,4.8,19.9,4.1,29.0,4.8,139.0,2.0,5.0,,2025
275.0,Jacoby Brissett,33.0,ARI,QB,10.0,8.0,0.0,0.0,0.0,,0.0,0.0,,,0.0,0.0,,,31.0,138.0,1.0,13.0,54.8,15.0,4.5,13.8,3.1,31.0,4.5,138.0,1.0,4.0,,2025
276.0,Mitchell Evans,22.0,CAR,TE,13.0,6.0,18.0,14.0,138.0,9.9,2.0,8.0,77.8,25.0,1.1,10.6,77.8,7.7,0.0,0.0,0.0,0.0,,,,0.0,0.0,14.0,9.9,138.0,2.0,0.0,,2025
277.0,Terrance Ferguson,22.0,LAR,TE,11.0,1.0,15.0,5.0,138.0,27.6,1.0,5.0,33.3,36.0,0.5,12.5,33.3,9.2,1.0,0.0,0.0,0.0,0.0,,0.0,0.0,0.1,6.0,23.0,138.0,1.0,0.0,,2025
278.0,Dak Prescott,32.0,DAL,QB,13.0,13.0,0.0,0.0,0.0,,0.0,0.0,,,0.0,0.0,,,44.0,138.0,2.0,11.0,40.9,14.0,3.1,10.6,3.4,44.0,3.1,138.0,2.0,5.0,,2025
279.0,Elijah Moore,25.0,BUF,WR,9.0,2.0,17.0,9.0,112.0,12.4,0.0,4.0,35.3,31.0,1.0,12.4,52.9,6.6,6.0,24.0,1.0,3.0,50.0,11.0,4.0,2.7,0.7,15.0,9.1,136.0,1.0,0.0,,2025
280.0,Tyler Badie,25.0,DEN,RB,12.0,0.0,25.0,15.0,110.0,7.3,0.0,7.0,40.0,19.0,1.3,9.2,60.0,4.4,6.0,25.0,0.0,1.0,16.7,7.0,4.2,2.1,0.5,21.0,6.4,135.0,0.0,0.0,,2025
281.0,James Conner,30.0,ARI,RB,3.0,3.0,9.0,8.0,38.0,4.8,1.0,4.0,55.6,18.0,2.7,12.7,88.9,4.2,32.0,95.0,1.0,7.0,43.8,12.0,3.0,31.7,10.7,40.0,3.3,133.0,2.0,1.0,,2025
282.0,Brycen Tremayne,26.0,CAR,WR,12.0,1.0,15.0,12.0,133.0,11.1,0.0,6.0,73.3,26.0,1.0,11.1,80.0,8.9,0.0,0.0,0.0,0.0,,,,0.0,0.0,12.0,11.1,133.0,0.0,1.0,,2025
283.0,Jaret Patterson,26.0,LAC,RB,4.0,0.0,0.0,0.0,0.0,,0.0,0.0,,,0.0,0.0,,,32.0,129.0,1.0,6.0,53.1,22.0,4.0,32.3,8.0,32.0,4.0,129.0,1.0,0.0,,2025
284.0,Cam Ward,23.0,TEN,QB,13.0,13.0,0.0,0.0,0.0,,0.0,0.0,,,0.0,0.0,,,30.0,127.0,1.0,12.0,53.3,20.0,4.2,9.8,2.3,30.0,4.2,127.0,1.0,9.0,,2025
285.0,Ray Davis,26.0,BUF,RB,13.0,0.0,7.0,4.0,18.0,4.5,1.0,2.0,28.6,16.0,0.3,1.4,57.1,2.6,33.0,106.0,0.0,6.0,45.5,15.0,3.2,8.2,2.5,37.0,3.4,124.0,1.0,0.0,,2025
286.0,Charlie Kolar,26.0,BAL,TE,13.0,5.0,13.0,9.0,124.0,13.8,2.0,8.0,69.2,23.0,0.7,9.5,69.2,9.5,0.0,0.0,0.0,0.0,,,,0.0,0.0,9.0,13.8,124.0,2.0,0.0,,2025
287.0,Dont'e Thornton,23.0,LVR,WR,11.0,7.0,25.0,8.0,123.0,15.4,0.0,6.0,28.0,36.0,0.7,11.2,32.0,4.9,0.0,0.0,0.0,0.0,,,,0.0,0.0,8.0,15.4,123.0,0.0,0.0,,2025
288.0,Jimmy Horn,23.0,CAR,WR,9.0,0.0,11.0,7.0,77.0,11.0,0.0,3.0,45.5,34.0,0.8,8.6,63.6,7.0,7.0,44.0,0.0,2.0,85.7,11.0,6.3,4.9,0.8,14.0,8.6,121.0,0.0,0.0,,2025
289.0,Bryce Young,24.0,CAR,QB,12.0,12.0,0.0,0.0,0.0,,0.0,0.0,,,0.0,0.0,,,32.0,121.0,1.0,10.0,46.9,24.0,3.8,10.1,2.7,32.0,3.8,121.0,1.0,6.0,,2025
290.0,Isaac TeSlaa,23.0,DET,WR,13.0,2.0,14.0,8.0,120.0,15.0,4.0,7.0,50.0,29.0,0.6,9.2,57.1,8.6,0.0,0.0,0.0,0.0,,,,0.0,0.0,8.0,15.0,120.0,4.0,0.0,,2025
291.0,LeQuint Allen,21.0,JAX,RB,13.0,0.0,10.0,9.0,49.0,5.4,0.0,0.0,20.0,10.0,0.7,3.8,90.0,4.9,14.0,70.0,0.0,5.0,50.0,12.0,5.0,5.4,1.1,23.0,5.2,119.0,0.0,0.0,,2025
292.0,Tanner Hudson,31.0,CIN,TE,11.0,1.0,16.0,13.0,117.0,9.0,2.0,5.0,62.5,33.0,1.2,10.6,81.3,7.3,0.0,0.0,0.0,0.0,,,,0.0,0.0,13.0,9.0,117.0,2.0,0.0,,2025
293.0,Ian Thomas,29.0,LVR,TE,13.0,8.0,13.0,13.0,114.0,8.8,0.0,5.0,76.9,20.0,1.0,8.8,100.0,8.8,0.0,0.0,0.0,0.0,,,,0.0,0.0,13.0,8.8,114.0,0.0,0.0,,2025
294.0,Malachi Corley,23.0,CLE,WR,9.0,4.0,6.0,5.0,34.0,6.8,0.0,1.0,16.7,17.0,0.6,3.8,83.3,5.7,7.0,79.0,0.0,4.0,85.7,31.0,11.3,8.8,0.8,12.0,9.4,113.0,0.0,0.0,,2025
295.0,Antonio Gibson,27.0,NWE,RB,5.0,0.0,3.0,2.0,6.0,3.0,0.0,0.0,0.0,5.0,0.4,1.2,66.7,2.0,25.0,106.0,1.0,6.0,44.0,21.0,4.2,21.2,5.0,27.0,4.1,112.0,1.0,2.0,,2025
296.0,Bo Melton,26.0,GNB,CB,12.0,0.0,8.0,3.0,73.0,24.3,1.0,3.0,37.5,45.0,0.3,6.1,37.5,9.1,4.0,35.0,0.0,2.0,50.0,17.0,8.8,2.9,0.3,7.0,15.4,108.0,1.0,0.0,,2025
297.0,Geno Smith,35.0,LVR,QB,13.0,13.0,0.0,0.0,0.0,,0.0,0.0,,,0.0,0.0,,,40.0,108.0,0.0,13.0,42.5,20.0,2.7,8.3,3.1,40.0,2.7,108.0,0.0,4.0,,2025
298.0,Brock Wright,27.0,DET,TE,11.0,8.0,22.0,14.0,108.0,7.7,2.0,7.0,50.0,20.0,1.3,9.8,63.6,4.9,0.0,0.0,0.0,0.0,,,,0.0,0.0,14.0,7.7,108.0,2.0,0.0,,2025
299.0,Trevor Etienne,21.0,CAR,RB,13.0,0.0,3.0,3.0,13.0,4.3,0.0,1.0,33.3,7.0,0.2,1.0,100.0,4.3,20.0,94.0,0.0,6.0,50.0,22.0,4.7,7.2,1.5,23.0,4.7,107.0,0.0,2.0,,2025
300.0,Jamari Thrash,25.0,CLE,WR,9.0,1.0,15.0,10.0,107.0,10.7,0.0,5.0,53.3,23.0,1.1,11.9,66.7,7.1,0.0,0.0,0.0,0.0,,,,0.0,0.0,10.0,10.7,107.0,0.0,0.0,,2025
301.0,Tyler Shough,26.0,NOR,QB,7.0,5.0,0.0,0.0,0.0,,0.0,0.0,,,0.0,0.0,,,28.0,106.0,2.0,7.0,39.3,34.0,3.8,15.1,4.0,28.0,3.8,106.0,2.0,2.0,,2025
302.0,Savion Williams,24.0,GNB,WR,11.0,0.0,10.0,10.0,78.0,7.8,1.0,3.0,50.0,33.0,0.9,7.1,100.0,7.8,9.0,28.0,0.0,1.0,33.3,16.0,3.1,2.5,0.8,19.0,5.6,106.0,1.0,1.0,,2025
303.0,Russell Wilson,37.0,NYG,QB,6.0,3.0,0.0,0.0,0.0,,0.0,0.0,,,0.0,0.0,,,18.0,106.0,0.0,6.0,50.0,15.0,5.9,17.7,3.0,18.0,5.9,106.0,0.0,3.0,,2025
304.0,Chris Brooks,25.0,GNB,RB,13.0,0.0,13.0,11.0,74.0,6.7,0.0,2.0,30.8,16.0,0.8,5.7,84.6,5.7,11.0,31.0,0.0,2.0,27.3,10.0,2.8,2.4,0.8,22.0,4.8,105.0,0.0,0.0,,2025
305.0,Malik Davis,27.0,DAL,RB,7.0,0.0,0.0,0.0,0.0,,0.0,0.0,,,0.0,0.0,,,16.0,103.0,1.0,4.0,43.8,43.0,6.4,14.7,2.3,16.0,6.4,103.0,1.0,0.0,,2025
306.0,Isaiah Hodgins,27.0,NYG,WR,3.0,2.0,13.0,8.0,103.0,12.9,1.0,6.0,53.8,30.0,2.7,34.3,61.5,7.9,0.0,0.0,0.0,0.0,,,,0.0,0.0,8.0,12.9,103.0,1.0,0.0,,2025
307.0,Josh Reynolds,30.0,NYJ,WR,5.0,3.0,21.0,11.0,101.0,9.2,0.0,4.0,47.6,13.0,2.2,20.2,52.4,4.8,0.0,0.0,0.0,0.0,,,,0.0,0.0,11.0,9.2,101.0,0.0,0.0,,2025
308.0,Mitchell Tinsley,26.0,CIN,WR,13.0,2.0,21.0,7.0,100.0,14.3,2.0,5.0,33.3,27.0,0.5,7.7,33.3,4.8,0.0,0.0,0.0,0.0,,,,0.0,0.0,7.0,14.3,100.0,2.0,0.0,,2025
309.0,Jayden Reed,25.0,GNB,WR,3.0,2.0,9.0,7.0,76.0,10.9,1.0,4.0,55.6,26.0,2.3,25.3,77.8,8.4,2.0,22.0,0.0,1.0,100.0,15.0,11.0,7.3,0.7,9.0,10.9,98.0,1.0,0.0,,2025
310.0,Tyler Conklin,30.0,LAC,TE,12.0,5.0,9.0,6.0,95.0,15.8,0.0,3.0,44.4,33.0,0.5,7.9,66.7,10.6,1.0,2.0,0.0,1.0,100.0,2.0,2.0,0.2,0.1,7.0,13.9,97.0,0.0,1.0,,2025
311.0,Johnny Mundt,31.0,JAX,TE,12.0,6.0,17.0,8.0,95.0,11.9,0.0,5.0,47.1,21.0,0.7,7.9,47.1,5.6,0.0,0.0,0.0,0.0,,,,0.0,0.0,8.0,11.9,95.0,0.0,0.0,,2025
312.0,Adam Prentice,28.0,DEN,FB,13.0,2.0,8.0,6.0,53.0,8.8,0.0,3.0,50.0,14.0,0.5,4.1,75.0,6.6,7.0,42.0,0.0,6.0,85.7,18.0,6.0,3.2,0.5,13.0,7.3,95.0,0.0,0.0,,2025
313.0,Casey Washington,24.0,ATL,WR,7.0,2.0,14.0,6.0,94.0,15.7,0.0,6.0,42.9,25.0,0.9,13.4,42.9,6.7,0.0,0.0,0.0,0.0,,,,0.0,0.0,6.0,15.7,94.0,0.0,0.0,,2025
314.0,Braelon Allen,21.0,NYJ,RB,4.0,0.0,3.0,2.0,17.0,8.5,0.0,1.0,66.7,12.0,0.5,4.3,66.7,5.7,18.0,76.0,1.0,4.0,50.0,15.0,4.2,19.0,4.5,20.0,4.7,93.0,1.0,1.0,,2025
315.0,Taysom Hill,35.0,NOR,TE,9.0,2.0,7.0,4.0,23.0,5.8,0.0,0.0,42.9,7.0,0.4,2.6,57.1,3.3,35.0,70.0,1.0,12.0,42.9,29.0,2.0,7.8,3.9,39.0,2.4,93.0,1.0,2.0,,2025
316.0,Tyler Huntley,27.0,BAL,QB,2.0,1.0,0.0,0.0,0.0,,0.0,0.0,,,0.0,0.0,,,11.0,92.0,0.0,6.0,63.6,29.0,8.4,46.0,5.5,11.0,8.4,92.0,0.0,0.0,,2025
317.0,Tanner Conner,27.0,MIA,TE,9.0,0.0,15.0,9.0,91.0,10.1,0.0,3.0,46.7,28.0,1.0,10.1,60.0,6.1,0.0,0.0,0.0,0.0,,,,0.0,0.0,9.0,10.1,91.0,0.0,0.0,,2025
318.0,Julian Hill,25.0,MIA,TE,10.0,9.0,15.0,11.0,91.0,8.3,0.0,3.0,40.0,19.0,1.1,9.1,73.3,6.1,0.0,0.0,0.0,0.0,,,,0.0,0.0,11.0,8.3,91.0,0.0,0.0,,2025
319.0,Devontez Walker,24.0,BAL,WR,8.0,1.0,6.0,4.0,90.0,22.5,2.0,4.0,66.7,34.0,0.5,11.3,66.7,15.0,0.0,0.0,0.0,0.0,,,,0.0,0.0,4.0,22.5,90.0,2.0,0.0,,2025
320.0,Cody White,27.0,SEA,WR,7.0,0.0,4.0,3.0,90.0,30.0,1.0,2.0,75.0,60.0,0.4,12.9,75.0,22.5,0.0,0.0,0.0,0.0,,,,0.0,0.0,3.0,30.0,90.0,1.0,0.0,,2025
321.0,Isaiah Williams,24.0,NYJ,WR,11.0,0.0,13.0,7.0,61.0,8.7,0.0,3.0,46.2,15.0,0.6,5.5,53.8,4.7,2.0,29.0,0.0,1.0,100.0,25.0,14.5,2.6,0.2,9.0,10.0,90.0,0.0,1.0,,2025
322.0,Hunter Renfrow,30.0,CAR,WR,6.0,2.0,26.0,15.0,89.0,5.9,2.0,8.0,34.6,15.0,2.5,14.8,57.7,3.4,0.0,0.0,0.0,0.0,,,,0.0,0.0,15.0,5.9,89.0,2.0,0.0,,2025
323.0,Nick Westbrook-Ikhine,28.0,MIA,WR,13.0,3.0,19.0,11.0,89.0,8.1,0.0,8.0,42.1,18.0,0.8,6.8,57.9,4.7,0.0,0.0,0.0,0.0,,,,0.0,0.0,11.0,8.1,89.0,0.0,0.0,,2025
324.0,Gabriel Davis,26.0,BUF,WR,4.0,3.0,10.0,7.0,88.0,12.6,0.0,5.0,60.0,22.0,1.8,22.0,70.0,8.8,0.0,0.0,0.0,0.0,,,,0.0,0.0,7.0,12.6,88.0,0.0,0.0,,2025
325.0,George Holani,26.0,SEA,RB,11.0,0.0,2.0,2.0,15.0,7.5,0.0,1.0,50.0,11.0,0.2,1.4,100.0,7.5,22.0,73.0,1.0,5.0,50.0,9.0,3.3,6.6,2.0,24.0,3.7,88.0,1.0,1.0,,2025
326.0,Will Shipley,23.0,PHI,RB,11.0,0.0,8.0,6.0,42.0,7.0,0.0,1.0,12.5,11.0,0.5,3.8,75.0,5.3,11.0,45.0,0.0,4.0,36.4,20.0,4.1,4.1,1.0,17.0,5.1,87.0,0.0,0.0,,2025
327.0,Dillon Gabriel,25.0,CLE,QB,9.0,6.0,0.0,0.0,0.0,,0.0,0.0,,,0.0,0.0,,,14.0,86.0,0.0,4.0,42.9,19.0,6.1,9.6,1.6,14.0,6.1,86.0,0.0,0.0,,2025
328.0,Najee Harris,27.0,LAC,RB,3.0,0.0,3.0,3.0,25.0,8.3,0.0,1.0,66.7,11.0,1.0,8.3,100.0,8.3,15.0,61.0,0.0,3.0,86.7,7.0,4.1,20.3,5.0,18.0,4.8,86.0,0.0,0.0,,2025
329.0,Malik Heath,25.0,GNB,WR,11.0,0.0,7.0,6.0,86.0,14.3,0.0,4.0,85.7,37.0,0.5,7.8,85.7,12.3,0.0,0.0,0.0,0.0,,,,0.0,0.0,6.0,14.3,86.0,0.0,0.0,,2025
330.0,Josh Oliver,28.0,MIN,TE,11.0,4.0,11.0,9.0,86.0,9.6,4.0,4.0,72.7,32.0,0.8,7.8,81.8,7.8,0.0,0.0,0.0,0.0,,,,0.0,0.0,9.0,9.6,86.0,4.0,0.0,,2025
331.0,Luke Farrell,28.0,SFO,TE,13.0,4.0,14.0,11.0,85.0,7.7,2.0,6.0,71.4,11.0,0.8,6.5,78.6,6.1,0.0,0.0,0.0,0.0,,,,0.0,0.0,11.0,7.7,85.0,2.0,1.0,,2025
332.0,Hunter Long,27.0,JAX,TE,9.0,3.0,17.0,12.0,85.0,7.1,2.0,5.0,58.8,11.0,1.3,9.4,70.6,5.0,0.0,0.0,0.0,0.0,,,,0.0,0.0,12.0,7.1,85.0,2.0,1.0,,2025
333.0,Terrell Jennings,24.0,NWE,RB,7.0,0.0,1.0,1.0,9.0,9.0,0.0,0.0,100.0,9.0,0.1,1.3,100.0,9.0,23.0,73.0,1.0,8.0,43.5,11.0,3.2,10.4,3.3,24.0,3.4,82.0,1.0,0.0,,2025
334.0,Lil'Jordan Humphrey,27.0,2TM,WR,6.0,2.0,14.0,7.0,82.0,11.7,0.0,4.0,42.9,34.0,1.2,13.7,50.0,5.9,0.0,0.0,0.0,0.0,,,,0.0,0.0,7.0,11.7,82.0,0.0,0.0,,2025
334.0,Lil'Jordan Humphrey,27.0,NYG,WR,3.0,2.0,10.0,4.0,55.0,13.8,0.0,2.0,30.0,34.0,1.3,18.3,40.0,5.5,0.0,0.0,0.0,0.0,,,,0.0,0.0,4.0,13.8,55.0,0.0,0.0,,2025
334.0,Lil'Jordan Humphrey,27.0,DEN,WR,3.0,0.0,4.0,3.0,27.0,9.0,0.0,2.0,75.0,15.0,1.0,9.0,75.0,6.8,0.0,0.0,0.0,0.0,,,,0.0,0.0,3.0,9.0,27.0,0.0,0.0,,2025
335.0,Austin Ekeler,30.0,WAS,RB,2.0,2.0,7.0,5.0,38.0,7.6,0.0,2.0,42.9,15.0,2.5,19.0,71.4,5.4,14.0,43.0,0.0,3.0,57.1,6.0,3.1,21.5,7.0,19.0,4.3,81.0,0.0,0.0,,2025
336.0,Curtis Samuel,29.0,BUF,WR,6.0,0.0,9.0,7.0,81.0,11.6,1.0,5.0,55.6,21.0,1.2,13.5,77.8,9.0,0.0,0.0,0.0,0.0,,,,0.0,0.0,7.0,11.6,81.0,1.0,0.0,,2025
337.0,Ameer Abdullah,32.0,IND,RB,9.0,0.0,8.0,7.0,35.0,5.0,0.0,0.0,12.5,9.0,0.8,3.9,87.5,4.4,9.0,44.0,1.0,3.0,55.6,14.0,4.9,4.9,1.0,16.0,4.9,79.0,1.0,0.0,,2025
338.0,AJ Dillon,27.0,PHI,RB,6.0,0.0,2.0,2.0,18.0,9.0,0.0,0.0,100.0,11.0,0.3,3.0,100.0,9.0,12.0,60.0,0.0,4.0,50.0,11.0,5.0,10.0,2.0,14.0,5.6,78.0,0.0,1.0,,2025
339.0,Treylon Burks,25.0,WAS,WR,4.0,0.0,9.0,5.0,77.0,15.4,1.0,4.0,44.4,37.0,1.3,19.3,55.6,8.6,0.0,0.0,0.0,0.0,,,,0.0,0.0,5.0,15.4,77.0,1.0,0.0,,2025
340.0,Kameron Johnson,23.0,TAM,WR,13.0,0.0,7.0,4.0,64.0,16.0,1.0,3.0,42.9,34.0,0.3,4.9,57.1,9.1,2.0,13.0,0.0,1.0,50.0,11.0,6.5,1.0,0.2,6.0,12.8,77.0,1.0,1.0,,2025
341.0,Hunter Luepke,25.0,DAL,RB,13.0,4.0,9.0,8.0,63.0,7.9,1.0,4.0,44.4,15.0,0.6,4.8,88.9,7.0,3.0,13.0,0.0,2.0,66.7,6.0,4.3,1.0,0.2,11.0,6.9,76.0,1.0,0.0,,2025
342.0,Luke Schoonmaker,27.0,DAL,TE,13.0,6.0,19.0,10.0,76.0,7.6,0.0,4.0,36.8,14.0,0.8,5.8,52.6,4.0,0.0,0.0,0.0,0.0,,,,0.0,0.0,10.0,7.6,76.0,0.0,0.0,,2025
343.0,Jaleel McLaughlin,25.0,DEN,RB,4.0,0.0,4.0,3.0,10.0,3.3,0.0,1.0,50.0,9.0,0.8,2.5,75.0,2.5,17.0,65.0,1.0,4.0,47.1,14.0,3.8,16.3,4.3,20.0,3.8,75.0,1.0,0.0,,2025
344.0,Kaleb Johnson,22.0,PIT,RB,9.0,0.0,2.0,1.0,9.0,9.0,0.0,0.0,50.0,9.0,0.1,1.0,50.0,4.5,26.0,65.0,0.0,2.0,26.9,9.0,2.5,7.2,2.9,27.0,2.7,74.0,0.0,1.0,,2025
345.0,Adam Thielen,35.0,2TM,WR,12.0,5.0,19.0,9.0,73.0,8.1,0.0,6.0,47.4,19.0,0.8,6.1,47.4,3.8,0.0,0.0,0.0,0.0,,,,0.0,0.0,9.0,8.1,73.0,0.0,0.0,,2025
345.0,Adam Thielen,35.0,MIN,WR,11.0,4.0,18.0,8.0,69.0,8.6,0.0,6.0,44.4,19.0,0.7,6.3,44.4,3.8,0.0,0.0,0.0,0.0,,,,0.0,0.0,8.0,8.6,69.0,0.0,0.0,,2025
345.0,Adam Thielen,35.0,PIT,WR,1.0,1.0,1.0,1.0,4.0,4.0,0.0,0.0,100.0,4.0,1.0,4.0,100.0,4.0,0.0,0.0,0.0,0.0,,,,0.0,0.0,1.0,4.0,4.0,0.0,0.0,,2025
346.0,Sam Darnold,28.0,SEA,QB,13.0,13.0,0.0,0.0,0.0,,0.0,0.0,,,0.0,0.0,,,19.0,72.0,0.0,6.0,47.4,24.0,3.8,5.5,1.5,19.0,3.8,72.0,0.0,7.0,,2025
347.0,John Bates,28.0,WAS,TE,11.0,8.0,12.0,8.0,71.0,8.9,0.0,3.0,58.3,22.0,0.7,6.5,66.7,5.9,0.0,0.0,0.0,0.0,,,,0.0,0.0,8.0,8.9,71.0,0.0,0.0,,2025
348.0,Jaydon Blue,21.0,DAL,RB,4.0,0.0,1.0,1.0,5.0,5.0,0.0,0.0,0.0,5.0,0.3,1.3,100.0,5.0,22.0,65.0,0.0,3.0,36.4,14.0,3.0,16.3,5.5,23.0,3.0,70.0,0.0,1.0,,2025
349.0,Michael Penix,25.0,ATL,QB,9.0,9.0,0.0,0.0,0.0,,0.0,0.0,,,0.0,0.0,,,21.0,70.0,1.0,5.0,38.1,15.0,3.3,7.8,2.3,21.0,3.3,70.0,1.0,4.0,,2025
350.0,Ben Skowronek,28.0,PIT,WR,13.0,3.0,6.0,4.0,69.0,17.3,1.0,4.0,66.7,22.0,0.3,5.3,66.7,11.5,0.0,0.0,0.0,0.0,,,,0.0,0.0,4.0,17.3,69.0,1.0,0.0,,2025
351.0,Ray-Ray McCloud,29.0,2TM,WR,6.0,2.0,15.0,7.0,69.0,9.9,0.0,4.0,33.3,24.0,1.2,11.5,46.7,4.6,0.0,0.0,0.0,0.0,,,,0.0,0.0,7.0,9.9,69.0,0.0,0.0,,2025
351.0,Ray-Ray McCloud,29.0,ATL,WR,4.0,1.0,14.0,6.0,64.0,10.7,0.0,4.0,28.6,24.0,1.5,16.0,42.9,4.6,0.0,0.0,0.0,0.0,,,,0.0,0.0,6.0,10.7,64.0,0.0,0.0,,2025
351.0,Ray-Ray McCloud,29.0,NYG,WR,2.0,1.0,1.0,1.0,5.0,5.0,0.0,0.0,100.0,5.0,0.5,2.5,100.0,5.0,0.0,0.0,0.0,0.0,,,,0.0,0.0,1.0,5.0,5.0,0.0,0.0,,2025
352.0,DJ Giddens,22.0,IND,RB,7.0,0.0,2.0,0.0,0.0,,0.0,0.0,0.0,,0.0,0.0,0.0,0.0,18.0,66.0,0.0,3.0,38.9,12.0,3.7,9.4,2.6,18.0,3.7,66.0,0.0,0.0,,2025
353.0,Gage Larvadain,23.0,CLE,WR,9.0,0.0,12.0,6.0,63.0,10.5,0.0,3.0,25.0,14.0,0.7,7.0,50.0,5.3,1.0,3.0,0.0,0.0,0.0,3.0,3.0,0.3,0.1,7.0,9.4,66.0,0.0,4.0,,2025
354.0,Skyy Moore,25.0,SFO,WR,13.0,0.0,6.0,4.0,64.0,16.0,0.0,4.0,66.7,21.0,0.3,4.9,66.7,10.7,1.0,1.0,0.0,0.0,0.0,1.0,1.0,0.1,0.1,5.0,13.0,65.0,0.0,1.0,,2025
355.0,David Sills V,29.0,ATL,WR,13.0,3.0,20.0,8.0,65.0,8.1,2.0,3.0,35.0,12.0,0.6,5.0,40.0,3.3,0.0,0.0,0.0,0.0,,,,0.0,0.0,8.0,8.1,65.0,2.0,0.0,,2025
356.0,Allen Lazard,30.0,NYJ,WR,9.0,2.0,16.0,9.0,64.0,7.1,1.0,4.0,37.5,10.0,1.0,7.1,56.3,4.0,0.0,0.0,0.0,0.0,,,,0.0,0.0,9.0,7.1,64.0,1.0,0.0,,2025
357.0,Mac Jones,27.0,SFO,QB,10.0,8.0,0.0,0.0,0.0,,0.0,0.0,,,0.0,0.0,,,33.0,63.0,0.0,11.0,45.5,13.0,1.9,6.3,3.3,33.0,1.9,63.0,0.0,4.0,,2025
358.0,D'Wayne Eskridge,28.0,MIA,WR,11.0,0.0,7.0,4.0,62.0,15.5,0.0,3.0,42.9,40.0,0.4,5.6,57.1,8.9,0.0,0.0,0.0,0.0,,,,0.0,0.0,4.0,15.5,62.0,0.0,1.0,,2025
359.0,Nathan Carter,23.0,ATL,RB,5.0,0.0,0.0,0.0,0.0,,0.0,0.0,,,0.0,0.0,,,9.0,60.0,0.0,3.0,55.6,12.0,6.7,12.0,1.8,9.0,6.7,60.0,0.0,1.0,,2025
360.0,Mo Alie-Cox,32.0,IND,TE,13.0,6.0,11.0,5.0,59.0,11.8,0.0,2.0,45.5,20.0,0.4,4.5,45.5,5.4,0.0,0.0,0.0,0.0,,,,0.0,0.0,5.0,11.8,59.0,0.0,0.0,,2025
361.0,Dare Ogunbowale,31.0,HOU,RB,13.0,0.0,6.0,5.0,36.0,7.2,0.0,1.0,16.7,16.0,0.4,2.8,83.3,6.0,4.0,23.0,1.0,1.0,25.0,9.0,5.8,1.8,0.3,9.0,6.6,59.0,1.0,1.0,,2025
362.0,Arian Smith,24.0,NYJ,WR,12.0,5.0,10.0,6.0,47.0,7.8,0.0,4.0,40.0,23.0,0.5,3.9,60.0,4.7,3.0,11.0,0.0,1.0,66.7,13.0,3.7,0.9,0.3,9.0,6.4,58.0,0.0,0.0,,2025
363.0,Carson Wentz,33.0,MIN,QB,5.0,5.0,0.0,0.0,0.0,,0.0,0.0,,,0.0,0.0,,,11.0,57.0,0.0,3.0,27.3,16.0,5.2,11.4,2.2,11.0,5.2,57.0,0.0,3.0,,2025
364.0,Jameis Winston,31.0,NYG,QB,2.0,2.0,1.0,1.0,33.0,33.0,1.0,1.0,100.0,33.0,0.5,16.5,100.0,33.0,7.0,23.0,1.0,3.0,42.9,11.0,3.3,11.5,3.5,8.0,7.0,56.0,2.0,1.0,,2025
365.0,Noah Brown,29.0,WAS,WR,3.0,3.0,9.0,4.0,55.0,13.8,0.0,2.0,44.4,19.0,1.3,18.3,44.4,6.1,0.0,0.0,0.0,0.0,,,,0.0,0.0,4.0,13.8,55.0,0.0,0.0,,2025
366.0,James Proche,29.0,TEN,WR,5.0,0.0,5.0,4.0,55.0,13.8,0.0,2.0,60.0,23.0,0.8,11.0,80.0,11.0,0.0,0.0,0.0,0.0,,,,0.0,0.0,4.0,13.8,55.0,0.0,0.0,,2025
367.0,John FitzPatrick,25.0,GNB,TE,13.0,3.0,10.0,9.0,54.0,6.0,1.0,3.0,80.0,11.0,0.7,4.2,90.0,5.4,0.0,0.0,0.0,0.0,,,,0.0,0.0,9.0,6.0,54.0,1.0,0.0,,2025
368.0,Foster Moreau,28.0,NOR,TE,9.0,7.0,9.0,6.0,54.0,9.0,0.0,2.0,66.7,16.0,0.7,6.0,66.7,6.0,0.0,0.0,0.0,0.0,,,,0.0,0.0,6.0,9.0,54.0,0.0,0.0,,2025
369.0,Robbie Chosen,32.0,WAS,WR,3.0,0.0,9.0,5.0,53.0,10.6,0.0,2.0,22.2,17.0,1.7,17.7,55.6,5.9,0.0,0.0,0.0,0.0,,,,0.0,0.0,5.0,10.6,53.0,0.0,0.0,,2025
370.0,Mason Tipton,25.0,NOR,WR,12.0,2.0,10.0,6.0,42.0,7.0,0.0,2.0,40.0,10.0,0.5,3.5,60.0,4.2,2.0,10.0,0.0,1.0,50.0,11.0,5.0,0.8,0.2,8.0,6.5,52.0,0.0,0.0,,2025
371.0,Rasheen Ali,24.0,BAL,RB,11.0,0.0,4.0,3.0,26.0,8.7,0.0,1.0,25.0,15.0,0.3,2.4,75.0,6.5,6.0,24.0,0.0,1.0,50.0,9.0,4.0,2.2,0.5,9.0,5.6,50.0,0.0,0.0,,2025
372.0,Shedeur Sanders,23.0,CLE,QB,4.0,3.0,0.0,0.0,0.0,,0.0,0.0,,,0.0,0.0,,,8.0,50.0,1.0,3.0,62.5,14.0,6.3,12.5,2.0,8.0,6.3,50.0,1.0,1.0,,2025
373.0,Nate Adkins,26.0,DEN,TE,6.0,3.0,10.0,6.0,48.0,8.0,1.0,3.0,50.0,16.0,1.0,8.0,60.0,4.8,0.0,0.0,0.0,0.0,,,,0.0,0.0,6.0,8.0,48.0,1.0,0.0,,2025
374.0,Grant Calcaterra,27.0,PHI,TE,11.0,4.0,8.0,5.0,48.0,9.6,0.0,2.0,50.0,16.0,0.5,4.4,62.5,6.0,0.0,0.0,0.0,0.0,,,,0.0,0.0,5.0,9.6,48.0,0.0,0.0,,2025
375.0,Davis Mills,27.0,HOU,QB,5.0,3.0,0.0,0.0,0.0,,0.0,0.0,,,0.0,0.0,,,12.0,48.0,1.0,1.0,33.3,14.0,4.0,9.6,2.4,12.0,4.0,48.0,1.0,1.0,,2025
376.0,Dareke Young,26.0,SEA,WR,6.0,0.0,2.0,2.0,48.0,24.0,0.0,2.0,100.0,36.0,0.3,8.0,100.0,24.0,0.0,0.0,0.0,0.0,,,,0.0,0.0,2.0,24.0,48.0,0.0,0.0,,2025
377.0,Austin Trammell,27.0,JAX,WR,6.0,0.0,10.0,3.0,46.0,15.3,0.0,2.0,20.0,18.0,0.5,7.7,30.0,4.6,0.0,0.0,0.0,0.0,,,,0.0,0.0,3.0,15.3,46.0,0.0,0.0,,2025
378.0,Alec Ingold,29.0,MIA,FB,13.0,9.0,7.0,5.0,36.0,7.2,0.0,3.0,42.9,22.0,0.4,2.8,71.4,5.1,2.0,9.0,0.0,1.0,50.0,6.0,4.5,0.7,0.2,7.0,6.4,45.0,0.0,0.0,,2025
379.0,Tylan Wallace,26.0,BAL,WR,12.0,2.0,8.0,4.0,45.0,11.3,1.0,3.0,37.5,15.0,0.3,3.8,50.0,5.6,0.0,0.0,0.0,0.0,,,,0.0,0.0,4.0,11.3,45.0,1.0,0.0,,2025
380.0,Will Dissly,29.0,LAC,TE,5.0,1.0,6.0,5.0,44.0,8.8,0.0,2.0,66.7,18.0,1.0,8.8,83.3,7.3,0.0,0.0,0.0,0.0,,,,0.0,0.0,5.0,8.8,44.0,0.0,0.0,,2025
381.0,Jared Goff,31.0,DET,QB,13.0,13.0,0.0,0.0,0.0,,0.0,0.0,,,0.0,0.0,,,15.0,44.0,0.0,4.0,40.0,24.0,2.9,3.4,1.2,15.0,2.9,44.0,0.0,3.0,,2025
382.0,Zamir White,26.0,LVR,RB,4.0,0.0,5.0,3.0,19.0,6.3,0.0,0.0,40.0,9.0,0.8,4.8,60.0,3.8,10.0,25.0,0.0,0.0,20.0,9.0,2.5,6.3,2.5,13.0,3.4,44.0,0.0,0.0,,2025
383.0,Andrew Beck,29.0,NYJ,FB,13.0,1.0,6.0,5.0,43.0,8.6,1.0,3.0,83.3,17.0,0.4,3.3,83.3,7.2,0.0,0.0,0.0,0.0,,,,0.0,0.0,5.0,8.6,43.0,1.0,0.0,,2025
384.0,Hassan Haskins,26.0,LAC,RB,8.0,0.0,4.0,4.0,13.0,3.3,0.0,0.0,25.0,9.0,0.5,1.6,100.0,3.3,12.0,30.0,0.0,2.0,25.0,10.0,2.5,3.8,1.5,16.0,2.7,43.0,0.0,0.0,,2025
385.0,Brock Purdy,26.0,SFO,QB,5.0,5.0,0.0,0.0,0.0,,0.0,0.0,,,0.0,0.0,,,16.0,43.0,1.0,7.0,56.3,11.0,2.7,8.6,3.2,16.0,2.7,43.0,1.0,1.0,,2025
386.0,Dylan Drummond,25.0,ATL,WR,5.0,0.0,11.0,7.0,42.0,6.0,0.0,2.0,27.3,15.0,1.4,8.4,63.6,3.8,0.0,0.0,0.0,0.0,,,,0.0,0.0,7.0,6.0,42.0,0.0,0.0,,2025
387.0,Konata Mumpfield,23.0,LAR,WR,13.0,0.0,8.0,5.0,42.0,8.4,1.0,4.0,62.5,14.0,0.4,3.2,62.5,5.3,0.0,0.0,0.0,0.0,,,,0.0,0.0,5.0,8.4,42.0,1.0,0.0,,2025
388.0,Tua Tagovailoa,27.0,MIA,QB,13.0,13.0,0.0,0.0,0.0,,0.0,0.0,,,0.0,0.0,,,19.0,42.0,0.0,1.0,15.8,8.0,2.2,3.2,1.5,19.0,2.2,42.0,0.0,8.0,,2025
389.0,Xavier Restrepo,23.0,TEN,WR,2.0,0.0,7.0,3.0,41.0,13.7,0.0,3.0,42.9,15.0,1.5,20.5,42.9,5.9,0.0,0.0,0.0,0.0,,,,0.0,0.0,3.0,13.7,41.0,0.0,0.0,,2025
390.0,Ronnie Rivers,26.0,LAR,RB,7.0,0.0,0.0,0.0,0.0,,0.0,0.0,,,0.0,0.0,,,8.0,41.0,0.0,2.0,62.5,9.0,5.1,5.9,1.1,8.0,5.1,41.0,0.0,0.0,,2025
391.0,Drew Sample,29.0,CIN,TE,13.0,10.0,12.0,7.0,38.0,5.4,1.0,3.0,25.0,16.0,0.5,2.9,58.3,3.2,1.0,3.0,0.0,0.0,0.0,3.0,3.0,0.2,0.1,8.0,5.1,41.0,1.0,0.0,,2025
392.0,Ben Sinnott,23.0,WAS,TE,12.0,3.0,4.0,4.0,41.0,10.3,1.0,2.0,100.0,22.0,0.3,3.4,100.0,10.3,0.0,0.0,0.0,0.0,,,,0.0,0.0,4.0,10.3,41.0,1.0,0.0,,2025
393.0,Cade Stover,25.0,HOU,TE,5.0,4.0,8.0,6.0,38.0,6.3,0.0,2.0,37.5,11.0,1.2,7.6,75.0,4.8,4.0,3.0,0.0,2.0,50.0,2.0,0.8,0.6,0.8,10.0,4.1,41.0,0.0,0.0,,2025
394.0,Marquez Valdes-Scantling,31.0,2TM,WR,6.0,0.0,9.0,4.0,40.0,10.0,0.0,1.0,33.3,19.0,0.7,6.7,44.4,4.4,0.0,0.0,0.0,0.0,,,,0.0,0.0,4.0,10.0,40.0,0.0,0.0,,2025
394.0,Marquez Valdes-Scantling,31.0,SFO,WR,5.0,0.0,8.0,4.0,40.0,10.0,0.0,1.0,37.5,19.0,0.8,8.0,50.0,5.0,0.0,0.0,0.0,0.0,,,,0.0,0.0,4.0,10.0,40.0,0.0,0.0,,2025
394.0,Marquez Valdes-Scantling,31.0,PIT,WR,1.0,0.0,1.0,0.0,0.0,,0.0,0.0,0.0,,0.0,0.0,0.0,0.0,0.0,0.0,0.0,0.0,,,,0.0,0.0,0.0,,0.0,0.0,0.0,,2025
395.0,Jake Browning,29.0,CIN,QB,5.0,3.0,0.0,0.0,0.0,,0.0,0.0,,,0.0,0.0,,,9.0,39.0,1.0,5.0,55.6,13.0,4.3,7.8,1.8,9.0,4.3,39.0,1.0,1.0,,2025
396.0,Julius Chestnut,25.0,TEN,RB,13.0,0.0,2.0,0.0,0.0,,0.0,0.0,0.0,,0.0,0.0,0.0,0.0,10.0,39.0,0.0,3.0,40.0,27.0,3.9,3.0,0.8,10.0,3.9,39.0,0.0,0.0,,2025
397.0,Braxton Berrios,30.0,HOU,WR,4.0,0.0,8.0,6.0,37.0,6.2,0.0,3.0,37.5,14.0,1.5,9.3,75.0,4.6,0.0,0.0,0.0,0.0,,,,0.0,0.0,6.0,6.2,37.0,0.0,0.0,,2025
398.0,Brittain Brown,28.0,CHI,RB,2.0,0.0,1.0,0.0,0.0,,0.0,0.0,0.0,,0.0,0.0,0.0,0.0,5.0,37.0,1.0,2.0,60.0,22.0,7.4,18.5,2.5,5.0,7.4,37.0,1.0,0.0,,2025
399.0,Tom Kennedy,29.0,DET,WR,2.0,0.0,4.0,4.0,36.0,9.0,0.0,2.0,75.0,23.0,2.0,18.0,100.0,9.0,0.0,0.0,0.0,0.0,,,,0.0,0.0,4.0,9.0,36.0,0.0,0.0,,2025
400.0,Albert Okwuegbunam,27.0,LVR,TE,1.0,0.0,6.0,5.0,36.0,7.2,0.0,2.0,50.0,16.0,5.0,36.0,83.3,6.0,0.0,0.0,0.0,0.0,,,,0.0,0.0,5.0,7.2,36.0,0.0,0.0,,2025
401.0,Jalin Hyatt,24.0,NYG,WR,7.0,0.0,13.0,5.0,35.0,7.0,0.0,2.0,30.8,14.0,0.7,5.0,38.5,2.7,0.0,0.0,0.0,0.0,,,,0.0,0.0,5.0,7.0,35.0,0.0,0.0,,2025
402.0,Jack Stoll,27.0,NOR,TE,12.0,3.0,8.0,4.0,35.0,8.8,1.0,1.0,50.0,13.0,0.3,2.9,50.0,4.4,0.0,0.0,0.0,0.0,,,,0.0,0.0,4.0,8.8,35.0,1.0,0.0,,2025
403.0,Ryan Miller,25.0,TAM,WR,13.0,3.0,4.0,2.0,34.0,17.0,1.0,1.0,25.0,20.0,0.2,2.6,50.0,8.5,0.0,0.0,0.0,0.0,,,,0.0,0.0,2.0,17.0,34.0,1.0,0.0,,2025
404.0,Charlie Woerner,28.0,ATL,TE,13.0,10.0,6.0,5.0,33.0,6.6,0.0,2.0,33.3,18.0,0.4,2.5,83.3,5.5,0.0,0.0,0.0,0.0,,,,0.0,0.0,5.0,6.6,33.0,0.0,0.0,,2025
405.0,Jalen Brooks,25.0,ARI,WR,1.0,0.0,3.0,2.0,32.0,16.0,0.0,2.0,66.7,20.0,2.0,32.0,66.7,10.7,0.0,0.0,0.0,0.0,,,,0.0,0.0,2.0,16.0,32.0,0.0,0.0,,2025
406.0,Velus Jones Jr.,28.0,SEA,RB,2.0,0.0,0.0,0.0,0.0,,0.0,0.0,,,0.0,0.0,,,4.0,32.0,0.0,1.0,25.0,25.0,8.0,16.0,2.0,4.0,8.0,32.0,0.0,0.0,,2025
407.0,Nikko Remigio,26.0,KAN,WR,12.0,0.0,1.0,1.0,21.0,21.0,0.0,1.0,100.0,21.0,0.1,1.8,100.0,21.0,1.0,11.0,0.0,1.0,100.0,11.0,11.0,0.9,0.1,2.0,16.0,32.0,0.0,1.0,,2025
408.0,Deven Thompkins,26.0,ATL,WR,3.0,0.0,3.0,3.0,27.0,9.0,0.0,1.0,100.0,19.0,1.0,9.0,100.0,9.0,1.0,5.0,0.0,0.0,100.0,5.0,5.0,1.7,0.3,4.0,8.0,32.0,0.0,0.0,,2025
409.0,KhaDarel Hodge,30.0,ATL,WR,11.0,1.0,10.0,3.0,31.0,10.3,0.0,2.0,30.0,16.0,0.3,2.8,30.0,3.1,0.0,0.0,0.0,0.0,,,,0.0,0.0,3.0,10.3,31.0,0.0,0.0,,2025
410.0,Joe Flacco,40.0,2TM,QB,10.0,10.0,0.0,0.0,0.0,,0.0,0.0,,,0.0,0.0,,,16.0,31.0,1.0,7.0,43.8,13.0,1.9,3.1,1.6,16.0,1.9,31.0,1.0,3.0,,2025
410.0,Joe Flacco,40.0,CLE,QB,4.0,4.0,0.0,0.0,0.0,,0.0,0.0,,,0.0,0.0,,,6.0,13.0,0.0,2.0,33.3,8.0,2.2,3.3,1.5,6.0,2.2,13.0,0.0,2.0,,2025
410.0,Joe Flacco,40.0,CIN,QB,6.0,6.0,0.0,0.0,0.0,,0.0,0.0,,,0.0,0.0,,,10.0,18.0,1.0,5.0,50.0,13.0,1.8,3.0,1.7,10.0,1.8,18.0,1.0,1.0,,2025
411.0,Justin Watson,29.0,HOU,WR,2.0,0.0,4.0,3.0,30.0,10.0,0.0,1.0,50.0,15.0,1.5,15.0,75.0,7.5,0.0,0.0,0.0,0.0,,,,0.0,0.0,3.0,10.0,30.0,0.0,0.0,,2025
412.0,Connor Heyward,26.0,PIT,TE,13.0,1.0,3.0,2.0,18.0,9.0,1.0,1.0,66.7,12.0,0.2,1.4,66.7,6.0,6.0,11.0,0.0,5.0,83.3,4.0,1.8,0.8,0.5,8.0,3.6,29.0,1.0,0.0,,2025
413.0,Brevyn Spann-Ford,26.0,DAL,TE,13.0,4.0,7.0,6.0,29.0,4.8,1.0,1.0,57.1,9.0,0.5,2.2,85.7,4.1,0.0,0.0,0.0,0.0,,,,0.0,0.0,6.0,4.8,29.0,1.0,0.0,,2025
414.0,Tahj Brooks,23.0,CIN,RB,12.0,0.0,1.0,0.0,0.0,,0.0,0.0,0.0,,0.0,0.0,0.0,0.0,9.0,28.0,0.0,0.0,33.3,7.0,3.1,2.3,0.8,9.0,3.1,28.0,0.0,0.0,,2025
415.0,James Mitchell,26.0,CAR,TE,4.0,0.0,3.0,3.0,28.0,9.3,0.0,2.0,100.0,11.0,0.8,7.0,100.0,9.3,0.0,0.0,0.0,0.0,,,,0.0,0.0,3.0,9.3,28.0,0.0,0.0,,2025
416.0,Darius Cooper,24.0,PHI,WR,9.0,0.0,3.0,3.0,26.0,8.7,0.0,1.0,33.3,19.0,0.3,2.9,100.0,8.7,0.0,0.0,0.0,0.0,,,,0.0,0.0,3.0,8.7,26.0,0.0,0.0,,2025
417.0,Devin Duvernay,28.0,CHI,WR,13.0,0.0,4.0,2.0,26.0,13.0,0.0,1.0,50.0,24.0,0.2,2.0,50.0,6.5,0.0,0.0,0.0,0.0,,,,0.0,0.0,2.0,13.0,26.0,0.0,0.0,,2025
418.0,Dameon Pierce,25.0,HOU,RB,4.0,0.0,1.0,0.0,0.0,,0.0,0.0,0.0,,0.0,0.0,0.0,0.0,10.0,26.0,0.0,1.0,20.0,10.0,2.6,6.5,2.5,10.0,2.6,26.0,0.0,0.0,,2025
419.0,Jordan Watkins,23.0,SFO,WR,3.0,0.0,3.0,2.0,26.0,13.0,0.0,1.0,33.3,19.0,0.7,8.7,66.7,8.7,0.0,0.0,0.0,0.0,,,,0.0,0.0,2.0,13.0,26.0,0.0,0.0,,2025
420.0,Beaux Collins,23.0,NYG,WR,9.0,0.0,6.0,2.0,25.0,12.5,0.0,1.0,33.3,18.0,0.2,2.8,33.3,4.2,0.0,0.0,0.0,0.0,,,,0.0,0.0,2.0,12.5,25.0,0.0,0.0,,2025
421.0,Evan Hull,25.0,NOR,RB,2.0,0.0,1.0,1.0,6.0,6.0,0.0,0.0,0.0,6.0,0.5,3.0,100.0,6.0,6.0,19.0,0.0,2.0,50.0,5.0,3.2,9.5,3.0,7.0,3.6,25.0,0.0,0.0,,2025
422.0,Shedrick Jackson,26.0,LVR,WR,2.0,0.0,1.0,1.0,25.0,25.0,1.0,1.0,100.0,25.0,0.5,12.5,100.0,25.0,0.0,0.0,0.0,0.0,,,,0.0,0.0,1.0,25.0,25.0,1.0,0.0,,2025
423.0,Jacoby Jones,24.0,WAS,WR,1.0,0.0,1.0,1.0,25.0,25.0,0.0,1.0,100.0,25.0,1.0,25.0,100.0,25.0,0.0,0.0,0.0,0.0,,,,0.0,0.0,1.0,25.0,25.0,0.0,0.0,,2025
424.0,Quintin Morris,26.0,JAX,TE,10.0,3.0,5.0,2.0,25.0,12.5,0.0,2.0,40.0,14.0,0.2,2.5,40.0,5.0,0.0,0.0,0.0,0.0,,,,0.0,0.0,2.0,12.5,25.0,0.0,0.0,,2025
425.0,Cedrick Wilson Jr.,30.0,MIA,WR,6.0,2.0,4.0,3.0,25.0,8.3,0.0,2.0,50.0,16.0,0.5,4.2,75.0,6.3,0.0,0.0,0.0,0.0,,,,0.0,0.0,3.0,8.3,25.0,0.0,0.0,,2025
426.0,Gunner Olszewski,29.0,NYG,WR,13.0,0.0,3.0,1.0,24.0,24.0,1.0,1.0,33.3,24.0,0.1,1.8,33.3,8.0,0.0,0.0,0.0,0.0,,,,0.0,0.0,1.0,24.0,24.0,1.0,1.0,,2025
427.0,Xavier Weaver,25.0,ARI,WR,7.0,1.0,8.0,3.0,24.0,8.0,0.0,0.0,12.5,9.0,0.4,3.4,37.5,3.0,0.0,0.0,0.0,0.0,,,,0.0,0.0,3.0,8.0,24.0,0.0,0.0,,2025
428.0,Josh Whyle,26.0,GNB,TE,5.0,1.0,4.0,3.0,24.0,8.0,1.0,2.0,50.0,21.0,0.6,4.8,75.0,6.0,0.0,0.0,0.0,0.0,,,,0.0,0.0,3.0,8.0,24.0,1.0,0.0,,2025
429.0,Brenden Bates,26.0,HOU,TE,3.0,0.0,2.0,2.0,23.0,11.5,0.0,2.0,100.0,19.0,0.7,7.7,100.0,11.5,0.0,0.0,0.0,0.0,,,,0.0,0.0,2.0,11.5,23.0,0.0,0.0,,2025
430.0,Dylan Laube,26.0,LVR,RB,13.0,0.0,4.0,3.0,18.0,6.0,0.0,1.0,50.0,13.0,0.2,1.4,75.0,4.5,5.0,5.0,0.0,0.0,0.0,2.0,1.0,0.4,0.4,8.0,2.9,23.0,0.0,0.0,,2025
431.0,Tay Martin,28.0,WAS,WR,3.0,0.0,2.0,2.0,23.0,11.5,0.0,1.0,100.0,14.0,0.7,7.7,100.0,11.5,0.0,0.0,0.0,0.0,,,,0.0,0.0,2.0,11.5,23.0,0.0,0.0,,2025
432.0,Clyde Edwards-Helaire,26.0,KAN,RB,2.0,0.0,2.0,2.0,9.0,4.5,0.0,0.0,50.0,7.0,1.0,4.5,100.0,4.5,7.0,13.0,0.0,1.0,28.6,7.0,1.9,6.5,3.5,9.0,2.4,22.0,0.0,0.0,,2025
433.0,Trent Sherfield,29.0,2TM,WR,11.0,3.0,5.0,3.0,21.0,7.0,0.0,1.0,20.0,15.0,0.3,1.9,60.0,4.2,0.0,0.0,0.0,0.0,,,,0.0,0.0,3.0,7.0,21.0,0.0,0.0,,2025
433.0,Trent Sherfield,29.0,DEN,WR,10.0,3.0,4.0,3.0,21.0,7.0,0.0,1.0,25.0,15.0,0.3,2.1,75.0,5.3,0.0,0.0,0.0,0.0,,,,0.0,0.0,3.0,7.0,21.0,0.0,0.0,,2025
433.0,Trent Sherfield,29.0,ARI,WR,1.0,0.0,1.0,0.0,0.0,,0.0,0.0,0.0,,0.0,0.0,0.0,0.0,0.0,0.0,0.0,0.0,,,,0.0,0.0,0.0,,0.0,0.0,0.0,,2025
434.0,Jake Bobo,27.0,SEA,WR,8.0,0.0,2.0,2.0,20.0,10.0,0.0,1.0,50.0,17.0,0.3,2.5,100.0,10.0,0.0,0.0,0.0,0.0,,,,0.0,0.0,2.0,10.0,20.0,0.0,0.0,,2025
435.0,Tyler Goodson,25.0,IND,RB,8.0,0.0,3.0,2.0,8.0,4.0,0.0,0.0,33.3,8.0,0.3,1.0,66.7,2.7,5.0,12.0,0.0,0.0,20.0,4.0,2.4,1.5,0.6,7.0,2.9,20.0,0.0,0.0,,2025
436.0,Jared Wayne,25.0,HOU,WR,1.0,1.0,2.0,2.0,20.0,10.0,0.0,1.0,50.0,17.0,2.0,20.0,100.0,10.0,0.0,0.0,0.0,0.0,,,,0.0,0.0,2.0,10.0,20.0,0.0,0.0,,2025
437.0,Jacardia Wright,25.0,SEA,RB,1.0,0.0,0.0,0.0,0.0,,0.0,0.0,,,0.0,0.0,,,5.0,20.0,0.0,1.0,40.0,10.0,4.0,20.0,5.0,5.0,4.0,20.0,0.0,0.0,,2025
438.0,Cam Akers,26.0,MIN,RB,3.0,0.0,1.0,0.0,0.0,,0.0,0.0,0.0,,0.0,0.0,0.0,0.0,5.0,19.0,0.0,1.0,40.0,14.0,3.8,6.3,1.7,5.0,3.8,19.0,0.0,0.0,,2025
439.0,Tai Felton,22.0,MIN,WR,13.0,0.0,2.0,2.0,19.0,9.5,0.0,1.0,50.0,10.0,0.2,1.5,100.0,9.5,0.0,0.0,0.0,0.0,,,,0.0,0.0,2.0,9.5,19.0,0.0,0.0,,2025
440.0,Tucker Fisk,26.0,LAC,TE,10.0,7.0,4.0,2.0,19.0,9.5,0.0,1.0,25.0,12.0,0.2,1.9,50.0,4.8,0.0,0.0,0.0,0.0,,,,0.0,0.0,2.0,9.5,19.0,0.0,0.0,,2025
441.0,Malik Willis,26.0,GNB,QB,2.0,0.0,0.0,0.0,0.0,,0.0,0.0,,,0.0,0.0,,,3.0,19.0,0.0,2.0,66.7,16.0,6.3,9.5,1.5,3.0,6.3,19.0,0.0,0.0,,2025
442.0,Tip Reiman,24.0,ARI,TE,4.0,3.0,5.0,3.0,18.0,6.0,0.0,1.0,40.0,10.0,0.8,4.5,60.0,3.6,0.0,0.0,0.0,0.0,,,,0.0,0.0,3.0,6.0,18.0,0.0,0.0,,2025
443.0,Colson Yankoff,25.0,WAS,TE,11.0,0.0,3.0,2.0,18.0,9.0,0.0,2.0,66.7,14.0,0.2,1.6,66.7,6.0,0.0,0.0,0.0,0.0,,,,0.0,0.0,2.0,9.0,18.0,0.0,0.0,,2025
444.0,Roschon Johnson,24.0,CHI,RB,7.0,0.0,0.0,0.0,0.0,,0.0,0.0,,,0.0,0.0,,,2.0,17.0,0.0,1.0,100.0,11.0,8.5,2.4,0.3,2.0,8.5,17.0,0.0,0.0,,2025
445.0,David Moore,30.0,CAR,WR,4.0,2.0,1.0,1.0,5.0,5.0,0.0,0.0,0.0,5.0,0.3,1.3,100.0,5.0,1.0,12.0,0.0,1.0,100.0,12.0,12.0,3.0,0.3,2.0,8.5,17.0,0.0,0.0,,2025
446.0,Aaron Rodgers,42.0,PIT,QB,12.0,12.0,1.0,1.0,-9.0,-9.0,0.0,0.0,0.0,-9.0,0.1,-0.8,100.0,-9.0,17.0,26.0,1.0,3.0,29.4,10.0,1.5,2.2,1.4,18.0,0.9,17.0,1.0,3.0,,2025
447.0,Zaire Mitchell-Paden,26.0,2TM,TE,8.0,1.0,3.0,2.0,17.0,8.5,0.0,1.0,33.3,14.0,0.3,2.1,66.7,5.7,0.0,0.0,0.0,0.0,,,,0.0,0.0,2.0,8.5,17.0,0.0,0.0,,2025
447.0,Zaire Mitchell-Paden,26.0,BAL,TE,6.0,1.0,2.0,1.0,3.0,3.0,0.0,0.0,0.0,3.0,0.2,0.5,50.0,1.5,0.0,0.0,0.0,0.0,,,,0.0,0.0,1.0,3.0,3.0,0.0,0.0,,2025
447.0,Zaire Mitchell-Paden,26.0,NOR,TE,2.0,0.0,1.0,1.0,14.0,14.0,0.0,1.0,100.0,14.0,0.5,7.0,100.0,14.0,0.0,0.0,0.0,0.0,,,,0.0,0.0,1.0,14.0,14.0,0.0,0.0,,2025
448.0,Michael Bandy,28.0,DEN,WR,2.0,0.0,1.0,1.0,16.0,16.0,0.0,1.0,100.0,16.0,0.5,8.0,100.0,16.0,0.0,0.0,0.0,0.0,,,,0.0,0.0,1.0,16.0,16.0,0.0,1.0,,2025
449.0,Trey Lance,25.0,LAC,QB,3.0,0.0,0.0,0.0,0.0,,0.0,0.0,,,0.0,0.0,,,8.0,16.0,0.0,1.0,25.0,11.0,2.0,5.3,2.7,8.0,2.0,16.0,0.0,0.0,,2025
450.0,Andrew Ogletree,27.0,IND,TE,13.0,5.0,4.0,3.0,16.0,5.3,1.0,1.0,75.0,8.0,0.2,1.2,75.0,4.0,0.0,0.0,0.0,0.0,,,,0.0,0.0,3.0,5.3,16.0,1.0,0.0,,2025
451.0,British Brooks,26.0,HOU,RB,11.0,2.0,0.0,0.0,0.0,,0.0,0.0,,,0.0,0.0,,,4.0,15.0,0.0,2.0,50.0,9.0,3.8,1.4,0.4,4.0,3.8,15.0,0.0,0.0,,2025
452.0,Tim Jones,27.0,JAX,WR,2.0,0.0,1.0,1.0,15.0,15.0,0.0,1.0,100.0,15.0,0.5,7.5,100.0,15.0,0.0,0.0,0.0,0.0,,,,0.0,0.0,1.0,15.0,15.0,0.0,0.0,,2025
453.0,Lucas Krull,27.0,DEN,TE,3.0,3.0,4.0,2.0,15.0,7.5,0.0,0.0,25.0,9.0,0.7,5.0,50.0,3.8,0.0,0.0,0.0,0.0,,,,0.0,0.0,2.0,7.5,15.0,0.0,0.0,,2025
454.0,Mason Kinsey,27.0,TEN,WR,6.0,0.0,3.0,1.0,14.0,14.0,0.0,1.0,33.3,14.0,0.2,2.3,33.3,4.7,0.0,0.0,0.0,0.0,,,,0.0,0.0,1.0,14.0,14.0,0.0,0.0,,2025
455.0,Dante Pettis,30.0,NOR,WR,4.0,0.0,1.0,1.0,14.0,14.0,0.0,0.0,0.0,14.0,0.3,3.5,100.0,14.0,0.0,0.0,0.0,0.0,,,,0.0,0.0,1.0,14.0,14.0,0.0,0.0,,2025
456.0,Durham Smythe,30.0,CHI,TE,13.0,1.0,5.0,3.0,14.0,4.7,0.0,0.0,40.0,8.0,0.2,1.1,60.0,2.8,0.0,0.0,0.0,0.0,,,,0.0,0.0,3.0,4.7,14.0,0.0,0.0,,2025
457.0,Eric Saubert,31.0,SEA,TE,7.0,1.0,1.0,1.0,12.0,12.0,0.0,1.0,100.0,12.0,0.1,1.7,100.0,12.0,0.0,0.0,0.0,0.0,,,,0.0,0.0,1.0,12.0,12.0,0.0,0.0,,2025
458.0,Joe Burrow,29.0,CIN,QB,4.0,4.0,0.0,0.0,0.0,,0.0,0.0,,,0.0,0.0,,,5.0,11.0,0.0,2.0,40.0,3.0,2.2,2.8,1.3,5.0,2.2,11.0,0.0,0.0,,2025
459.0,Payne Durham,25.0,TAM,TE,13.0,7.0,3.0,1.0,11.0,11.0,0.0,1.0,33.3,11.0,0.1,0.8,33.3,3.7,0.0,0.0,0.0,0.0,,,,0.0,0.0,1.0,11.0,11.0,0.0,0.0,,2025
460.0,Audric Estime,22.0,NOR,RB,3.0,0.0,0.0,0.0,0.0,,0.0,0.0,,,0.0,0.0,,,3.0,11.0,0.0,1.0,33.3,9.0,3.7,3.7,1.0,3.0,3.7,11.0,0.0,0.0,,2025
461.0,Anthony Firkser,30.0,DET,TE,3.0,1.0,2.0,2.0,11.0,5.5,0.0,1.0,50.0,7.0,0.7,3.7,100.0,5.5,0.0,0.0,0.0,0.0,,,,0.0,0.0,2.0,5.5,11.0,0.0,0.0,,2025
462.0,Jacob Saylors,24.0,DET,RB,12.0,0.0,0.0,0.0,0.0,,0.0,0.0,,,0.0,0.0,,,2.0,11.0,0.0,1.0,50.0,9.0,5.5,0.9,0.2,2.0,5.5,11.0,0.0,0.0,,2025
463.0,Tahj Washington,24.0,MIA,WR,4.0,1.0,2.0,1.0,11.0,11.0,0.0,0.0,50.0,11.0,0.3,2.8,50.0,5.5,0.0,0.0,0.0,0.0,,,,0.0,0.0,1.0,11.0,11.0,0.0,1.0,,2025
464.0,Josh Williams,25.0,TAM,RB,3.0,0.0,0.0,0.0,0.0,,0.0,0.0,,,0.0,0.0,,,4.0,11.0,0.0,0.0,25.0,4.0,2.8,3.7,1.3,4.0,2.8,11.0,0.0,0.0,,2025
465.0,Kylen Granson,27.0,PHI,TE,13.0,2.0,4.0,3.0,10.0,3.3,0.0,2.0,50.0,5.0,0.2,0.8,75.0,2.5,0.0,0.0,0.0,0.0,,,,0.0,0.0,3.0,3.3,10.0,0.0,0.0,,2025
466.0,Alex Bachman,29.0,LVR,WR,9.0,0.0,2.0,1.0,9.0,9.0,0.0,1.0,50.0,9.0,0.1,1.0,50.0,4.5,0.0,0.0,0.0,0.0,,,,0.0,0.0,1.0,9.0,9.0,0.0,0.0,,2025
467.0,Kirk Cousins,37.0,ATL,QB,6.0,4.0,0.0,0.0,0.0,,0.0,0.0,,,0.0,0.0,,,5.0,9.0,0.0,2.0,40.0,6.0,1.8,1.5,0.8,5.0,1.8,9.0,0.0,1.0,,2025
468.0,Scott Miller,28.0,PIT,WR,9.0,0.0,2.0,1.0,9.0,9.0,0.0,0.0,50.0,9.0,0.1,1.0,50.0,4.5,0.0,0.0,0.0,0.0,,,,0.0,0.0,1.0,9.0,9.0,0.0,0.0,,2025
469.0,Ben Sims,25.0,MIN,TE,4.0,1.0,1.0,1.0,9.0,9.0,0.0,1.0,100.0,9.0,0.3,2.3,100.0,9.0,0.0,0.0,0.0,0.0,,,,0.0,0.0,1.0,9.0,9.0,0.0,0.0,,2025
470.0,Andre Baccellia,28.0,ARI,WR,4.0,1.0,4.0,2.0,8.0,4.0,0.0,0.0,25.0,5.0,0.5,2.0,50.0,2.0,0.0,0.0,0.0,0.0,,,,0.0,0.0,2.0,4.0,8.0,0.0,0.0,,2025
471.0,Derius Davis,25.0,LAC,WR,10.0,0.0,2.0,1.0,3.0,3.0,0.0,0.0,50.0,3.0,0.1,0.3,50.0,1.5,2.0,5.0,0.0,0.0,0.0,3.0,2.5,0.5,0.2,3.0,2.7,8.0,0.0,1.0,,2025
472.0,Amar Johnson,22.0,LAC,RB,2.0,0.0,1.0,0.0,0.0,,0.0,0.0,0.0,,0.0,0.0,0.0,0.0,2.0,8.0,0.0,0.0,50.0,6.0,4.0,4.0,1.0,2.0,4.0,8.0,0.0,0.0,,2025
473.0,Bryce Oliver,25.0,TEN,WR,2.0,0.0,1.0,1.0,8.0,8.0,0.0,0.0,100.0,8.0,0.5,4.0,100.0,8.0,0.0,0.0,0.0,0.0,,,,0.0,0.0,1.0,8.0,8.0,0.0,0.0,,2025
474.0,Anthony Richardson,23.0,IND,QB,2.0,0.0,1.0,1.0,9.0,9.0,0.0,1.0,100.0,9.0,0.5,4.5,100.0,9.0,4.0,-1.0,0.0,1.0,25.0,2.0,-0.3,-0.5,2.0,5.0,1.6,8.0,0.0,0.0,,2025
475.0,Tyson Bagent,25.0,CHI,QB,3.0,0.0,0.0,0.0,0.0,,0.0,0.0,,,0.0,0.0,,,2.0,7.0,0.0,0.0,50.0,7.0,3.5,2.3,0.7,2.0,3.5,7.0,0.0,1.0,,2025
476.0,Harrison Bryant,27.0,HOU,TE,8.0,3.0,6.0,2.0,7.0,3.5,0.0,1.0,16.7,5.0,0.3,0.9,33.3,1.2,0.0,0.0,0.0,0.0,,,,0.0,0.0,2.0,3.5,7.0,0.0,0.0,,2025
477.0,Ross Dwelley,30.0,DET,TE,11.0,1.0,5.0,2.0,7.0,3.5,0.0,0.0,20.0,4.0,0.2,0.6,40.0,1.4,0.0,0.0,0.0,0.0,,,,0.0,0.0,2.0,3.5,7.0,0.0,0.0,,2025
478.0,D'Ernest Johnson,29.0,2TM,RB,4.0,0.0,0.0,0.0,0.0,,0.0,0.0,,,0.0,0.0,,,5.0,7.0,0.0,0.0,20.0,5.0,1.4,1.8,1.3,5.0,1.4,7.0,0.0,0.0,,2025
478.0,D'Ernest Johnson,29.0,ARI,RB,1.0,0.0,0.0,0.0,0.0,,0.0,0.0,,,0.0,0.0,,,1.0,0.0,0.0,0.0,0.0,,0.0,0.0,1.0,1.0,0.0,0.0,0.0,0.0,,2025
478.0,D'Ernest Johnson,29.0,NWE,RB,3.0,0.0,0.0,0.0,0.0,,0.0,0.0,,,0.0,0.0,,,4.0,7.0,0.0,0.0,25.0,5.0,1.8,2.3,1.3,4.0,1.8,7.0,0.0,0.0,,2025
479.0,Chris Manhertz,33.0,NYG,TE,13.0,2.0,1.0,1.0,7.0,7.0,0.0,0.0,100.0,7.0,0.1,0.5,100.0,7.0,0.0,0.0,0.0,0.0,,,,0.0,0.0,1.0,7.0,7.0,0.0,0.0,,2025
480.0,David Martin-Robinson,26.0,TEN,TE,13.0,4.0,2.0,2.0,7.0,3.5,1.0,2.0,100.0,6.0,0.2,0.5,100.0,3.5,0.0,0.0,0.0,0.0,,,,0.0,0.0,2.0,3.5,7.0,1.0,0.0,,2025
481.0,Josiah Deguara,28.0,ARI,TE,8.0,0.0,2.0,1.0,6.0,6.0,0.0,0.0,50.0,6.0,0.1,0.8,50.0,3.0,0.0,0.0,0.0,0.0,,,,0.0,0.0,1.0,6.0,6.0,0.0,0.0,,2025
482.0,Myles Gaskin,28.0,SEA,RB,1.0,0.0,0.0,0.0,0.0,,0.0,0.0,,,0.0,0.0,,,3.0,6.0,0.0,0.0,0.0,3.0,2.0,6.0,3.0,3.0,2.0,6.0,0.0,0.0,,2025
483.0,Xavier Gipson,24.0,PHI,WR,5.0,0.0,2.0,2.0,6.0,3.0,0.0,0.0,0.0,3.0,0.4,1.2,100.0,3.0,0.0,0.0,0.0,0.0,,,,0.0,0.0,2.0,3.0,6.0,0.0,2.0,,2025
484.0,Anthony Gould,24.0,IND,WR,11.0,1.0,2.0,2.0,6.0,3.0,0.0,0.0,0.0,3.0,0.2,0.5,100.0,3.0,0.0,0.0,0.0,0.0,,,,0.0,0.0,2.0,3.0,6.0,0.0,0.0,,2025
485.0,Cam Grandy,25.0,CIN,TE,3.0,1.0,1.0,1.0,6.0,6.0,0.0,0.0,100.0,6.0,0.3,2.0,100.0,6.0,0.0,0.0,0.0,0.0,,,,0.0,0.0,1.0,6.0,6.0,0.0,1.0,,2025
486.0,Riley Leonard,23.0,IND,QB,2.0,0.0,0.0,0.0,0.0,,0.0,0.0,,,0.0,0.0,,,3.0,6.0,1.0,1.0,33.3,6.0,2.0,3.0,1.5,3.0,2.0,6.0,1.0,0.0,,2025
487.0,Kenny Pickett,27.0,LVR,QB,3.0,0.0,0.0,0.0,0.0,,0.0,0.0,,,0.0,0.0,,,2.0,6.0,0.0,1.0,50.0,6.0,3.0,2.0,0.7,2.0,3.0,6.0,0.0,1.0,,2025
488.0,Mason Rudolph,30.0,PIT,QB,5.0,1.0,0.0,0.0,0.0,,0.0,0.0,,,0.0,0.0,,,7.0,6.0,0.0,2.0,42.9,3.0,0.9,1.2,1.4,7.0,0.9,6.0,0.0,1.0,,2025
489.0,Owen Wright,26.0,TAM,RB,3.0,0.0,0.0,0.0,0.0,,0.0,0.0,,,0.0,0.0,,,3.0,6.0,0.0,0.0,0.0,4.0,2.0,2.0,1.0,3.0,2.0,6.0,0.0,0.0,,2025
490.0,C.J. Ham,32.0,MIN,FB,7.0,0.0,1.0,1.0,5.0,5.0,0.0,0.0,100.0,5.0,0.1,0.7,100.0,5.0,0.0,0.0,0.0,0.0,,,,0.0,0.0,1.0,5.0,5.0,0.0,0.0,,2025
491.0,Ben Yurosek,23.0,MIN,TE,8.0,0.0,2.0,1.0,5.0,5.0,0.0,0.0,50.0,5.0,0.1,0.6,50.0,2.5,0.0,0.0,0.0,0.0,,,,0.0,0.0,1.0,5.0,5.0,0.0,0.0,,2025
492.0,Spencer Anderson,25.0,PIT,OL,13.0,4.0,1.0,1.0,4.0,4.0,0.0,0.0,0.0,4.0,0.1,0.3,100.0,4.0,0.0,0.0,0.0,0.0,,,,0.0,0.0,1.0,4.0,4.0,0.0,0.0,,2025
493.0,Teddy Bridgewater,33.0,TAM,QB,4.0,0.0,0.0,0.0,0.0,,0.0,0.0,,,0.0,0.0,,,3.0,4.0,0.0,0.0,0.0,6.0,1.3,1.0,0.8,3.0,1.3,4.0,0.0,0.0,,2025
494.0,Feleipe Franks,28.0,ATL,TE,13.0,0.0,0.0,0.0,0.0,,0.0,0.0,,,0.0,0.0,,,2.0,4.0,0.0,2.0,100.0,2.0,2.0,0.3,0.2,2.0,2.0,4.0,0.0,0.0,,2025
495.0,Keleki Latu,23.0,BUF,TE,3.0,0.0,1.0,1.0,4.0,4.0,0.0,0.0,0.0,4.0,0.3,1.3,100.0,4.0,0.0,0.0,0.0,0.0,,,,0.0,0.0,1.0,4.0,4.0,0.0,0.0,,2025
496.0,Jalen Milroe,23.0,SEA,QB,3.0,0.0,0.0,0.0,0.0,,0.0,0.0,,,0.0,0.0,,,3.0,4.0,0.0,0.0,0.0,3.0,1.3,1.3,1.0,3.0,1.3,4.0,0.0,1.0,,2025
497.0,Craig Reynolds,29.0,DET,RB,7.0,0.0,0.0,0.0,0.0,,0.0,0.0,,,0.0,0.0,,,3.0,4.0,0.0,0.0,0.0,3.0,1.3,0.6,0.4,3.0,1.3,4.0,0.0,0.0,,2025
498.0,Sione Vaki,24.0,DET,RB,7.0,0.0,0.0,0.0,0.0,,0.0,0.0,,,0.0,0.0,,,1.0,4.0,0.0,0.0,100.0,4.0,4.0,0.6,0.1,1.0,4.0,4.0,0.0,0.0,,2025
499.0,Blake Whiteheart,25.0,CLE,TE,13.0,2.0,4.0,2.0,4.0,2.0,0.0,0.0,0.0,4.0,0.2,0.3,50.0,1.0,0.0,0.0,0.0,0.0,,,,0.0,0.0,2.0,2.0,4.0,0.0,1.0,,2025
500.0,Jared Wiley,25.0,KAN,TE,2.0,0.0,1.0,1.0,4.0,4.0,0.0,1.0,100.0,4.0,0.5,2.0,100.0,4.0,0.0,0.0,0.0,0.0,,,,0.0,0.0,1.0,4.0,4.0,0.0,0.0,,2025
501.0,Scott Matlock,25.0,LAC,FB,12.0,4.0,2.0,2.0,3.0,1.5,1.0,1.0,50.0,2.0,0.2,0.3,100.0,1.5,0.0,0.0,0.0,0.0,,,,0.0,0.0,2.0,1.5,3.0,1.0,0.0,,2025
502.0,Patrick Ricard,31.0,BAL,FB,7.0,2.0,1.0,0.0,0.0,,0.0,0.0,0.0,,0.0,0.0,0.0,0.0,1.0,3.0,0.0,1.0,100.0,3.0,3.0,0.4,0.1,1.0,3.0,3.0,0.0,0.0,,2025
503.0,Carter Runyon,24.0,LVR,TE,9.0,0.0,1.0,1.0,3.0,3.0,0.0,0.0,0.0,3.0,0.1,0.3,100.0,3.0,0.0,0.0,0.0,0.0,,,,0.0,0.0,1.0,3.0,3.0,0.0,0.0,,2025
504.0,Raheim Sanders,23.0,CLE,RB,1.0,0.0,0.0,0.0,0.0,,0.0,0.0,,,0.0,0.0,,,3.0,3.0,1.0,2.0,66.7,2.0,1.0,3.0,3.0,3.0,1.0,3.0,1.0,0.0,,2025
505.0,Rodney Thomas II,27.0,IND,S,13.0,0.0,0.0,0.0,0.0,,0.0,0.0,,,0.0,0.0,,,1.0,3.0,0.0,1.0,100.0,3.0,3.0,0.2,0.1,1.0,3.0,3.0,0.0,0.0,,2025
506.0,Reggie Gilliam,28.0,BUF,FB,13.0,2.0,1.0,1.0,2.0,2.0,0.0,0.0,0.0,2.0,0.1,0.2,100.0,2.0,0.0,0.0,0.0,0.0,,,,0.0,0.0,1.0,2.0,2.0,0.0,0.0,,2025
507.0,Kendall Milton,23.0,CIN,RB,1.0,0.0,0.0,0.0,0.0,,0.0,0.0,,,0.0,0.0,,,2.0,2.0,0.0,0.0,0.0,2.0,1.0,2.0,2.0,2.0,1.0,2.0,0.0,0.0,,2025
508.0,Tristan Wirfs,26.0,TAM,T,9.0,9.0,1.0,1.0,2.0,2.0,1.0,1.0,100.0,2.0,0.1,0.2,100.0,2.0,0.0,0.0,0.0,0.0,,,,0.0,0.0,1.0,2.0,2.0,1.0,0.0,,2025
509.0,Malik Cunningham,27.0,DET,WR,1.0,0.0,0.0,0.0,0.0,,0.0,0.0,,,0.0,0.0,,,1.0,1.0,0.0,0.0,0.0,1.0,1.0,1.0,1.0,1.0,1.0,1.0,0.0,0.0,,2025
510.0,KeAndre Lambert-Smith,24.0,LAC,WR,6.0,1.0,4.0,1.0,1.0,1.0,0.0,0.0,0.0,1.0,0.2,0.2,25.0,0.3,0.0,0.0,0.0,0.0,,,,0.0,0.0,1.0,1.0,1.0,0.0,0.0,,2025
511.0,Robert Tonyan,31.0,KAN,TE,13.0,0.0,1.0,1.0,1.0,1.0,0.0,0.0,0.0,1.0,0.1,0.1,100.0,1.0,0.0,0.0,0.0,0.0,,,,0.0,0.0,1.0,1.0,1.0,0.0,0.0,,2025
512.0,Mitchell Trubisky,31.0,BUF,QB,3.0,0.0,0.0,0.0,0.0,,0.0,0.0,,,0.0,0.0,,,4.0,1.0,0.0,0.0,0.0,4.0,0.3,0.3,1.3,4.0,0.3,1.0,0.0,0.0,,2025
513.0,Zach Wilson,26.0,MIA,QB,3.0,0.0,0.0,0.0,0.0,,0.0,0.0,,,0.0,0.0,,,3.0,1.0,0.0,0.0,0.0,3.0,0.3,0.3,1.0,3.0,0.3,1.0,0.0,0.0,,2025
514.0,Kevin Austin,25.0,NOR,WR,4.0,0.0,1.0,0.0,0.0,,0.0,0.0,0.0,,0.0,0.0,0.0,0.0,0.0,0.0,0.0,0.0,,,,0.0,0.0,0.0,,0.0,0.0,0.0,,2025
515.0,Ulysses Bentley,25.0,IND,RB,1.0,0.0,0.0,0.0,0.0,,0.0,0.0,,,0.0,0.0,,,1.0,0.0,0.0,0.0,0.0,,0.0,0.0,1.0,1.0,0.0,0.0,0.0,0.0,,2025
516.0,Garett Bolles,33.0,DEN,T,13.0,13.0,1.0,0.0,0.0,,0.0,0.0,0.0,,0.0,0.0,0.0,0.0,0.0,0.0,0.0,0.0,,,,0.0,0.0,0.0,,0.0,0.0,0.0,,2025
517.0,Jason Brownlee,26.0,KAN,WR,5.0,0.0,1.0,0.0,0.0,,0.0,0.0,0.0,,0.0,0.0,0.0,0.0,0.0,0.0,0.0,0.0,,,,0.0,0.0,0.0,,0.0,0.0,0.0,,2025
518.0,Alex Cappa,30.0,LVR,G,13.0,4.0,1.0,0.0,0.0,,0.0,0.0,0.0,,0.0,0.0,0.0,0.0,0.0,0.0,0.0,0.0,,,,0.0,0.0,0.0,,0.0,0.0,0.0,,2025
519.0,Brady Cook,24.0,NYJ,QB,1.0,0.0,0.0,0.0,0.0,,0.0,0.0,,,0.0,0.0,,,1.0,0.0,0.0,0.0,0.0,,0.0,0.0,1.0,1.0,0.0,0.0,0.0,2.0,,2025
520.0,DeeJay Dallas,27.0,CAR,RB,3.0,0.0,0.0,0.0,0.0,,0.0,0.0,,,0.0,0.0,,,1.0,0.0,0.0,0.0,0.0,,0.0,0.0,0.3,1.0,0.0,0.0,0.0,0.0,,2025
521.0,Quinn Ewers,22.0,MIA,QB,1.0,0.0,0.0,0.0,0.0,,0.0,0.0,,,0.0,0.0,,,1.0,0.0,0.0,0.0,0.0,,0.0,0.0,1.0,1.0,0.0,0.0,0.0,2.0,,2025
522.0,Mecole Hardman,27.0,BUF,WR,1.0,0.0,1.0,0.0,0.0,,0.0,0.0,0.0,,0.0,0.0,0.0,0.0,0.0,0.0,0.0,0.0,,,,0.0,0.0,0.0,,0.0,0.0,1.0,,2025
523.0,Charlie Jones,27.0,CIN,WR,13.0,0.0,1.0,0.0,0.0,,0.0,0.0,0.0,,0.0,0.0,0.0,0.0,0.0,0.0,0.0,0.0,,,,0.0,0.0,0.0,,0.0,0.0,0.0,,2025
524.0,Nick Kallerup,24.0,SEA,TE,6.0,0.0,1.0,0.0,0.0,,0.0,0.0,0.0,,0.0,0.0,0.0,0.0,0.0,0.0,0.0,0.0,,,,0.0,0.0,0.0,,0.0,0.0,0.0,,2025
525.0,Jonathan Mingo,24.0,DAL,WR,2.0,0.0,1.0,0.0,0.0,,0.0,0.0,0.0,,0.0,0.0,0.0,0.0,0.0,0.0,0.0,0.0,,,,0.0,0.0,0.0,,0.0,0.0,0.0,,2025
526.0,Elijah Mitchell,27.0,KAN,RB,1.0,0.0,1.0,0.0,0.0,,0.0,0.0,0.0,,0.0,0.0,0.0,0.0,0.0,0.0,0.0,0.0,,,,0.0,0.0,0.0,,0.0,0.0,0.0,,2025
527.0,Bernhard Raimann,28.0,IND,T,13.0,13.0,1.0,0.0,0.0,,0.0,0.0,0.0,,0.0,0.0,0.0,0.0,0.0,0.0,0.0,0.0,,,,0.0,0.0,0.0,,0.0,0.0,0.0,,2025
528.0,Stone Smartt,27.0,NYJ,TE,11.0,0.0,1.0,0.0,0.0,,0.0,0.0,0.0,,0.0,0.0,0.0,0.0,0.0,0.0,0.0,0.0,,,,0.0,0.0,0.0,,0.0,0.0,0.0,,2025
529.0,Grant Stuard,27.0,DET,LB,13.0,0.0,0.0,0.0,0.0,,0.0,0.0,,,0.0,0.0,,,1.0,0.0,0.0,0.0,0.0,,0.0,0.0,0.1,1.0,0.0,0.0,0.0,0.0,,2025
530.0,Malik Turner,29.0,SFO,WR,3.0,0.0,1.0,0.0,0.0,,0.0,0.0,0.0,,0.0,0.0,0.0,0.0,0.0,0.0,0.0,0.0,,,,0.0,0.0,0.0,,0.0,0.0,0.0,,2025
531.0,Jack Westover,26.0,NWE,FB,13.0,1.0,1.0,0.0,0.0,,0.0,0.0,0.0,,0.0,0.0,0.0,0.0,0.0,0.0,0.0,0.0,,,,0.0,0.0,0.0,,0.0,0.0,0.0,,2025
532.0,Brayden Willis,26.0,SFO,TE,5.0,0.0,1.0,0.0,0.0,,0.0,0.0,0.0,,0.0,0.0,0.0,0.0,0.0,0.0,0.0,0.0,,,,0.0,0.0,0.0,,0.0,0.0,0.0,,2025
533.0,Luke Wypler,24.0,CLE,C,13.0,1.0,1.0,0.0,0.0,,0.0,0.0,0.0,,0.0,0.0,0.0,0.0,0.0,0.0,0.0,0.0,,,,0.0,0.0,0.0,,0.0,0.0,0.0,,2025
534.0,Connor Colby,22.0,SFO,OL,9.0,6.0,1.0,1.0,-1.0,-1.0,0.0,0.0,0.0,-1.0,0.1,-0.1,100.0,-1.0,0.0,0.0,0.0,0.0,,,,0.0,0.0,1.0,-1.0,-1.0,0.0,0.0,,2025
535.0,Adrian Martinez,25.0,SFO,QB,1.0,0.0,0.0,0.0,0.0,,0.0,0.0,,,0.0,0.0,,,1.0,-1.0,0.0,0.0,0.0,-1.0,-1.0,-1.0,1.0,1.0,-1.0,-1.0,0.0,0.0,,2025
536.0,Jarrett Stidham,29.0,DEN,QB,1.0,0.0,0.0,0.0,0.0,,0.0,0.0,,,0.0,0.0,,,1.0,-1.0,0.0,0.0,0.0,-1.0,-1.0,-1.0,1.0,1.0,-1.0,-1.0,0.0,0.0,,2025
537.0,Trayveon Williams,28.0,LAC,RB,3.0,0.0,1.0,1.0,0.0,0.0,0.0,0.0,0.0,,0.3,0.0,100.0,0.0,3.0,-1.0,0.0,0.0,0.0,2.0,-0.3,-0.3,1.0,4.0,-0.3,-1.0,0.0,0.0,,2025
538.0,Max Brosmer,24.0,MIN,QB,4.0,1.0,0.0,0.0,0.0,,0.0,0.0,,,0.0,0.0,,,2.0,-2.0,0.0,0.0,0.0,-1.0,-1.0,-0.5,0.5,2.0,-1.0,-2.0,0.0,0.0,,2025
539.0,Andy Dalton,38.0,CAR,QB,4.0,1.0,0.0,0.0,0.0,,0.0,0.0,,,0.0,0.0,,,5.0,-2.0,0.0,0.0,0.0,1.0,-0.4,-0.5,1.3,5.0,-0.4,-2.0,0.0,2.0,,2025
540.0,Nyheim Hines,29.0,LAC,RB,3.0,0.0,0.0,0.0,0.0,,0.0,0.0,,,0.0,0.0,,,2.0,-2.0,0.0,0.0,0.0,1.0,-1.0,-0.7,0.7,2.0,-1.0,-2.0,0.0,0.0,,2025
541.0,Travis Homer,27.0,CHI,RB,7.0,0.0,0.0,0.0,0.0,,0.0,0.0,,,0.0,0.0,,,1.0,-2.0,0.0,0.0,0.0,-2.0,-2.0,-0.3,0.1,1.0,-2.0,-2.0,0.0,0.0,,2025
542.0,Tanner McKee,25.0,PHI,QB,1.0,0.0,0.0,0.0,0.0,,0.0,0.0,,,0.0,0.0,,,3.0,-2.0,0.0,0.0,0.0,,-0.7,-2.0,3.0,3.0,-0.7,-2.0,0.0,0.0,,2025
543.0,Kyle Allen,29.0,DET,QB,3.0,0.0,0.0,0.0,0.0,,0.0,0.0,,,0.0,0.0,,,3.0,-3.0,0.0,0.0,0.0,-1.0,-1.0,-1.0,1.0,3.0,-1.0,-3.0,0.0,0.0,,2025
544.0,Joshua Dobbs,30.0,NWE,QB,2.0,0.0,0.0,0.0,0.0,,0.0,0.0,,,0.0,0.0,,,5.0,-4.0,0.0,0.0,0.0,,-0.8,-2.0,2.5,5.0,-0.8,-4.0,0.0,0.0,,2025
545.0,Nick Mullens,30.0,JAX,QB,3.0,0.0,0.0,0.0,0.0,,0.0,0.0,,,0.0,0.0,,,6.0,-4.0,0.0,0.0,0.0,,-0.7,-1.3,2.0,6.0,-0.7,-4.0,0.0,0.0,,2025
546.0,Cooper Rush,32.0,BAL,QB,4.0,2.0,0.0,0.0,0.0,,0.0,0.0,,,0.0,0.0,,,4.0,-4.0,0.0,0.0,0.0,,-1.0,-1.0,1.0,4.0,-1.0,-4.0,0.0,1.0,,2025
547.0,Drew Lock,29.0,SEA,QB,5.0,0.0,0.0,0.0,0.0,,0.0,0.0,,,0.0,0.0,,,6.0,-5.0,0.0,0.0,0.0,,-0.8,-1.0,1.2,6.0,-0.8,-5.0,0.0,2.0,,2025
548.0,Gardner Minshew II,29.0,KAN,QB,2.0,0.0,0.0,0.0,0.0,,0.0,0.0,,,0.0,0.0,,,5.0,-6.0,0.0,0.0,0.0,-1.0,-1.2,-3.0,2.5,5.0,-1.2,-6.0,0.0,0.0,,2025
549.0,Jimmy Garoppolo,34.0,LAR,QB,2.0,0.0,0.0,0.0,0.0,,0.0,0.0,,,0.0,0.0,,,6.0,-7.0,0.0,0.0,0.0,-1.0,-1.2,-3.5,3.0,6.0,-1.2,-7.0,0.0,0.0,,2025
550.0,Matthew Stafford,37.0,LAR,QB,13.0,13.0,0.0,0.0,0.0,,0.0,0.0,,,0.0,0.0,,,25.0,-10.0,0.0,0.0,0.0,6.0,-0.4,-0.8,1.9,25.0,-0.4,-10.0,0.0,6.0,,2025
551.0,Jamie Gillan,28.0,NYG,P,13.0,0.0,0.0,0.0,0.0,,0.0,0.0,,,0.0,0.0,,,1.0,-13.0,0.0,0.0,0.0,-13.0,-13.0,-1.0,0.1,1.0,-13.0,-13.0,0.0,0.0,,2025
552.0,Braden Mann,28.0,PHI,P,13.0,0.0,0.0,0.0,0.0,,0.0,0.0,,,0.0,0.0,,,1.0,-34.0,0.0,0.0,0.0,-34.0,-34.0,-2.6,0.1,1.0,-34.0,-34.0,0.0,0.0,,2025
,League Average,,,,,,,,,10.9,,,51.0,,1.7,18.0,67.3,7.3,,,,,49.6,,4.4,9.2,2.1,,7.2,,,,,2025
